Time_s,DriverDemand,SafetyLimit,AllowedCommand,BrakeForce_N,Speed_mps,Speed_kmh,Lockout
0.0,0.65,1.0,0.65,0.0,20.0,72.0,0
0.01,0.65,1.0,0.65,0.0,20.000972666666666,72.00350159999999,0
0.02,0.65,1.0,0.65,0.0,20.00194520226331,72.00700272814792,0
0.03,0.65,1.0,0.65,0.0,20.002917606801226,72.01050338448442,0
0.04,0.65,1.0,0.65,0.0,20.003889880291702,72.01400356905013,0
0.05,0.65,1.0,0.65,0.0,20.004862022746025,72.0175032818857,0
0.06,0.65,1.0,0.65,0.0,20.005834034175493,72.02100252303178,0
0.07,0.65,1.0,0.65,0.0,20.006805914591396,72.02450129252902,0
0.08,0.65,1.0,0.65,0.0,20.00777766400503,72.0279995904181,0
0.09,0.65,1.0,0.65,0.0,20.00874928242769,72.03149741673968,0
0.1,0.65,1.0,0.65,0.0,20.009720769870672,72.03499477153441,0
0.11,0.65,1.0,0.65,0.0,20.010692126345273,72.03849165484299,0
0.12,0.65,1.0,0.65,0.0,20.011663351862794,72.04198806670605,0
0.13,0.65,1.0,0.65,0.0,20.012634446434532,72.04548400716432,0
0.14,0.65,1.0,0.65,0.0,20.01360541007179,72.04897947625845,0
0.15,0.65,1.0,0.65,0.0,20.01457624278587,72.05247447402914,0
0.16,0.65,1.0,0.65,0.0,20.015546944588074,72.05596900051707,0
0.17,0.65,1.0,0.65,0.0,20.016517515489706,72.05946305576295,0
0.18,0.65,1.0,0.65,0.0,20.01748795550207,72.06295663980745,0
0.19,0.65,1.0,0.65,0.0,20.01845826463647,72.0664497526913,0
0.2,0.65,1.0,0.65,0.0,20.01942844290422,72.0699423944552,0
0.21,0.65,1.0,0.65,0.0,20.020398490316623,72.07343456513985,0
0.22,0.65,1.0,0.65,0.0,20.02136840688499,72.07692626478597,0
0.23,0.65,1.0,0.65,0.0,20.022338192620627,72.08041749343425,0
0.24,0.65,1.0,0.65,0.0,20.02330784753485,72.08390825112545,0
0.25,0.65,1.0,0.65,0.0,20.024277371638966,72.08739853790028,0
0.26,0.65,1.0,0.65,0.0,20.025246764944296,72.09088835379947,0
0.27,0.65,1.0,0.65,0.0,20.026216027462148,72.09437769886374,0
0.28,0.65,1.0,0.65,0.0,20.02718515920384,72.09786657313383,0
0.29,0.65,1.0,0.65,0.0,20.028154160180687,72.10135497665047,0
0.3,0.65,1.0,0.65,0.0,20.02912303040401,72.10484290945443,0
0.31,0.65,1.0,0.65,0.0,20.03009176988512,72.10833037158643,0
0.32,0.65,1.0,0.65,0.0,20.031060378635345,72.11181736308724,0
0.33,0.65,1.0,0.65,0.0,20.032028856666,72.1153038839976,0
0.34,0.65,1.0,0.65,0.0,20.032997203988405,72.11878993435826,0
0.35000000000000003,0.65,1.0,0.65,0.0,20.033965420613885,72.12227551420999,0
0.36,0.65,1.0,0.65,0.0,20.034933506553767,72.12576062359356,0
0.37,0.65,1.0,0.65,0.0,20.03590146181937,72.12924526254974,0
0.38,0.65,1.0,0.65,0.0,20.036869286422025,72.13272943111929,0
0.39,0.65,1.0,0.65,0.0,20.037836980373054,72.13621312934299,0
0.4,0.65,1.0,0.65,0.0,20.03880454368379,72.13969635726164,0
0.41000000000000003,0.65,1.0,0.65,0.0,20.039771976365554,72.143179114916,0
0.42,0.65,1.0,0.65,0.0,20.040739278429683,72.14666140234687,0
0.43,0.65,1.0,0.65,0.0,20.041706449887506,72.15014321959502,0
0.44,0.65,1.0,0.65,0.0,20.042673490750353,72.15362456670127,0
0.45,0.65,1.0,0.65,0.0,20.043640401029556,72.1571054437064,0
0.46,0.65,1.0,0.65,0.0,20.044607180736453,72.16058585065123,0
0.47000000000000003,0.65,1.0,0.65,0.0,20.045573829882375,72.16406578757655,0
0.48,0.65,1.0,0.65,0.0,20.046540348478658,72.16754525452318,0
0.49,0.65,1.0,0.65,0.0,20.04750673653664,72.1710242515319,0
0.5,0.65,1.0,0.65,0.0,20.04847299406766,72.17450277864357,0
0.51,0.65,1.0,0.65,0.0,20.049439121083054,72.17798083589899,0
0.52,0.65,1.0,0.65,0.0,20.050405117594167,72.18145842333901,0
0.53,0.65,1.0,0.65,0.0,20.051370983612337,72.18493554100442,0
0.54,0.65,1.0,0.65,0.0,20.052336719148904,72.18841218893606,0
0.55,0.65,1.0,0.65,0.0,20.053302324215213,72.19188836717477,0
0.56,0.65,1.0,0.65,0.0,20.054267798822607,72.19536407576139,0
0.5700000000000001,0.65,1.0,0.65,0.0,20.055233142982434,72.19883931473676,0
0.58,0.65,1.0,0.65,0.0,20.056198356706037,72.20231408414173,0
0.59,0.65,1.0,0.65,0.0,20.057163440004764,72.20578838401715,0
0.6,0.65,1.0,0.65,0.0,20.058128392889966,72.20926221440388,0
0.61,0.65,1.0,0.65,0.0,20.059093215372986,72.21273557534275,0
0.62,0.65,1.0,0.65,0.0,20.06005790746518,72.21620846687465,0
0.63,0.65,1.0,0.65,0.0,20.061022469177896,72.21968088904043,0
0.64,0.65,1.0,0.65,0.0,20.061986900522484,72.22315284188095,0
0.65,0.65,1.0,0.65,0.0,20.0629512015103,72.22662432543709,0
0.66,0.65,1.0,0.65,0.0,20.063915372152703,72.23009533974974,0
0.67,0.65,1.0,0.65,0.0,20.06487941246104,72.23356588485974,0
0.68,0.65,1.0,0.65,0.0,20.065843322446668,72.237035960808,0
0.6900000000000001,0.65,1.0,0.65,0.0,20.066807102120947,72.24050556763541,0
0.7000000000000001,0.65,1.0,0.65,0.0,20.067770751495235,72.24397470538285,0
0.71,0.65,1.0,0.65,0.0,20.06873427058089,72.2474433740912,0
0.72,0.65,1.0,0.65,0.0,20.069697659389274,72.25091157380139,0
0.73,0.65,1.0,0.65,0.0,20.070660917931747,72.25437930455429,0
0.74,0.65,1.0,0.65,0.0,20.07162404621967,72.25784656639082,0
0.75,0.65,1.0,0.65,0.0,20.07258704426441,72.26131335935187,0
0.76,0.65,1.0,0.65,0.0,20.073549912077326,72.26477968347838,0
0.77,0.65,1.0,0.65,0.0,20.074512649669785,72.26824553881123,0
0.78,0.65,1.0,0.65,0.0,20.075475257053153,72.27171092539135,0
0.79,0.65,1.0,0.65,0.0,20.076437734238798,72.27517584325967,0
0.8,0.65,1.0,0.65,0.0,20.07740008123809,72.27864029245713,0
0.81,0.65,1.0,0.65,0.0,20.078362298062395,72.28210427302463,0
0.8200000000000001,0.65,1.0,0.65,0.0,20.079324384723083,72.2855677850031,0
0.8300000000000001,0.65,1.0,0.65,0.0,20.080286341231528,72.2890308284335,0
0.84,0.65,1.0,0.65,0.0,20.0812481675991,72.29249340335676,0
0.85,0.65,1.0,0.65,0.0,20.08220986383717,72.29595550981382,0
0.86,0.65,1.0,0.65,0.0,20.08317142995712,72.29941714784563,0
0.87,0.65,1.0,0.65,0.0,20.084132865970314,72.30287831749314,0
0.88,0.65,1.0,0.65,0.0,20.085094171888137,72.3063390187973,0
0.89,0.65,1.0,0.65,0.0,20.086055347721963,72.30979925179906,0
0.9,0.65,1.0,0.65,0.0,20.087016393483168,72.3132590165394,0
0.91,0.65,1.0,0.65,0.0,20.087977309183135,72.31671831305928,0
0.92,0.65,1.0,0.65,0.0,20.08893809483324,72.32017714139967,0
0.93,0.65,1.0,0.65,0.0,20.089898750444867,72.32363550160153,0
0.9400000000000001,0.65,1.0,0.65,0.0,20.0908592760294,72.32709339370584,0
0.9500000000000001,0.65,1.0,0.65,0.0,20.091819671598213,72.33055081775356,0
0.96,0.65,1.0,0.65,0.0,20.0927799371627,72.33400777378571,0
0.97,0.65,1.0,0.65,0.0,20.09374007273424,72.33746426184327,0
0.98,0.65,1.0,0.65,0.0,20.09470007832422,72.34092028196719,0
0.99,0.65,1.0,0.65,0.0,20.09565995394403,72.3443758341985,0
1.0,0.65,1.0,0.65,0.0,20.096619699605053,72.3478309185782,0
1.01,0.65,1.0,0.65,0.0,20.097579315318683,72.35128553514726,0
1.02,0.65,1.0,0.65,0.0,20.098538801096307,72.3547396839467,0
1.03,0.65,1.0,0.65,0.0,20.099498156949316,72.35819336501754,0
1.04,0.65,1.0,0.65,0.0,20.100457382889104,72.36164657840078,0
1.05,0.65,1.0,0.65,0.0,20.10141647892706,72.36509932413742,0
1.06,0.65,1.0,0.65,0.0,20.10237544507458,72.36855160226848,0
1.07,0.65,1.0,0.65,0.0,20.103334281343056,72.372003412835,0
1.08,0.65,1.0,0.65,0.0,20.104292987743886,72.375454755878,0
1.09,0.65,1.0,0.65,0.0,20.10525156428847,72.37890563143849,0
1.1,0.65,1.0,0.65,0.0,20.1062100109882,72.38235603955752,0
1.11,0.65,1.0,0.65,0.0,20.107168327854477,72.38580598027612,0
1.12,0.65,1.0,0.65,0.0,20.108126514898704,72.38925545363533,0
1.1300000000000001,0.65,1.0,0.65,0.0,20.109084572132275,72.3927044596762,0
1.1400000000000001,0.65,1.0,0.65,0.0,20.110042499566596,72.39615299843975,0
1.1500000000000001,0.65,1.0,0.65,0.0,20.111000297213067,72.39960106996705,0
1.16,0.65,1.0,0.65,0.0,20.111957965083093,72.40304867429914,0
1.17,0.65,1.0,0.65,0.0,20.112915503188077,72.40649581147709,0
1.18,0.65,1.0,0.65,0.0,20.113872911539428,72.40994248154195,0
1.19,0.65,1.0,0.65,0.0,20.11483019014855,72.41338868453478,0
1.2,0.65,1.0,0.65,0.0,20.11578733902685,72.41683442049666,0
1.21,0.65,1.0,0.65,0.0,20.116744358185734,72.42027968946864,0
1.22,0.65,1.0,0.65,0.0,20.117701247636617,72.42372449149183,0
1.23,0.65,1.0,0.65,0.0,20.118658007390906,72.42716882660726,0
1.24,0.65,1.0,0.65,0.0,20.11961463746001,72.43061269485604,0
1.25,0.65,1.0,0.65,0.0,20.120571137855343,72.43405609627924,0
1.26,0.65,1.0,0.65,0.0,20.12152750858832,72.43749903091795,0
1.27,0.65,1.0,0.65,0.0,20.12248374967035,72.44094149881327,0
1.28,0.65,1.0,0.65,0.0,20.123439861112857,72.44438350000628,0
1.29,0.65,1.0,0.65,0.0,20.12439584292725,72.4478250345381,0
1.3,0.65,1.0,0.65,0.0,20.125351695124948,72.45126610244982,0
1.31,0.65,1.0,0.65,0.0,20.126307417717367,72.45470670378252,0
1.32,0.65,1.0,0.65,0.0,20.12726301071593,72.45814683857735,0
1.33,0.65,1.0,0.65,0.0,20.12821847413205,72.46158650687539,0
1.34,0.65,1.0,0.65,0.0,20.129173807977157,72.46502570871776,0
1.35,0.65,1.0,0.65,0.0,20.130129012262664,72.4684644441456,0
1.36,0.65,1.0,0.65,0.0,20.131084086999998,72.4719027132,0
1.37,0.65,1.0,0.65,0.0,20.132039032200584,72.4753405159221,0
1.3800000000000001,0.65,1.0,0.65,0.0,20.132993847875845,72.47877785235305,0
1.3900000000000001,0.65,1.0,0.65,0.0,20.133948534037206,72.48221472253394,0
1.4000000000000001,0.65,1.0,0.65,0.0,20.134903090696092,72.48565112650593,0
1.41,0.65,1.0,0.65,0.0,20.135857517863933,72.48908706431016,0
1.42,0.65,1.0,0.65,0.0,20.136811815552154,72.49252253598776,0
1.43,0.65,1.0,0.65,0.0,20.137765983772187,72.49595754157987,0
1.44,0.65,1.0,0.65,0.0,20.138720022535463,72.49939208112767,0
1.45,0.65,1.0,0.65,0.0,20.139673931853412,72.50282615467229,0
1.46,0.65,1.0,0.65,0.0,20.140627711737466,72.50625976225489,0
1.47,0.65,1.0,0.65,0.0,20.14158136219906,72.50969290391662,0
1.48,0.65,1.0,0.65,0.0,20.142534883249624,72.51312557969865,0
1.49,0.65,1.0,0.65,0.0,20.143488274900598,72.51655778964215,0
1.5,0.65,1.0,0.65,0.0,20.144441537163416,72.5199895337883,0
1.51,0.65,1.0,0.65,0.0,20.145394670049516,72.52342081217826,0
1.52,0.65,1.0,0.65,0.0,20.146347673570332,72.5268516248532,0
1.53,0.65,1.0,0.65,0.0,20.147300547737306,72.53028197185431,0
1.54,0.65,1.0,0.65,0.0,20.148253292561876,72.53371185322275,0
1.55,0.65,1.0,0.65,0.0,20.14920590805548,72.53714126899973,0
1.56,0.65,1.0,0.65,0.0,20.150158394229567,72.54057021922644,0
1.57,0.65,1.0,0.65,0.0,20.151110751095576,72.54399870394407,0
1.58,0.65,1.0,0.65,0.0,20.152062978664947,72.54742672319381,0
1.59,0.65,1.0,0.65,0.0,20.153015076949128,72.55085427701687,0
1.6,0.65,1.0,0.65,0.0,20.153967045959565,72.55428136545443,0
1.61,0.65,1.0,0.65,0.0,20.1549188857077,72.55770798854773,0
1.62,0.65,1.0,0.65,0.0,20.155870596204988,72.56113414633796,0
1.6300000000000001,0.65,1.0,0.65,0.0,20.156822177462868,72.56455983886633,0
1.6400000000000001,0.65,1.0,0.65,0.0,20.157773629492794,72.56798506617406,0
1.6500000000000001,0.65,1.0,0.65,0.0,20.158724952306216,72.57140982830238,0
1.6600000000000001,0.65,1.0,0.65,0.0,20.159676145914585,72.57483412529251,0
1.67,0.65,1.0,0.65,0.0,20.160627210329352,72.57825795718567,0
1.68,0.65,1.0,0.65,0.0,20.16157814556197,72.5816813240231,0
1.69,0.65,1.0,0.65,0.0,20.16252895162389,72.58510422584601,0
1.7,0.65,1.0,0.65,0.0,20.16347962852657,72.58852666269566,0
1.71,0.65,1.0,0.65,0.0,20.164430176281464,72.59194863461327,0
1.72,0.65,1.0,0.65,0.0,20.16538059490003,72.5953701416401,0
1.73,0.65,1.0,0.65,0.0,20.166330884393723,72.59879118381741,0
1.74,0.65,1.0,0.65,0.0,20.167281044774004,72.60221176118641,0
1.75,0.65,1.0,0.65,0.0,20.168231076052333,72.6056318737884,0
1.76,0.65,1.0,0.65,0.0,20.169180978240167,72.6090515216646,0
1.77,0.65,1.0,0.65,0.0,20.170130751348967,72.61247070485628,0
1.78,0.65,1.0,0.65,0.0,20.1710803953902,72.61588942340472,0
1.79,0.65,1.0,0.65,0.0,20.172029910375322,72.61930767735116,0
1.8,0.65,1.0,0.65,0.0,20.172979296315802,72.6227254667369,0
1.81,0.65,1.0,0.65,0.0,20.173928553223103,72.62614279160317,0
1.82,0.65,1.0,0.65,0.0,20.17487768110869,72.62955965199129,0
1.83,0.65,1.0,0.65,0.0,20.17582667998403,72.6329760479425,0
1.84,0.65,1.0,0.65,0.0,20.17677554986059,72.63639197949813,0
1.85,0.65,1.0,0.65,0.0,20.17772429074984,72.63980744669942,0
1.86,0.65,1.0,0.65,0.0,20.178672902663248,72.6432224495877,0
1.87,0.65,1.0,0.65,0.0,20.179621385612286,72.64663698820424,0
1.8800000000000001,0.65,1.0,0.65,0.0,20.180569739608423,72.65005106259032,0
1.8900000000000001,0.65,1.0,0.65,0.0,20.181517964663133,72.65346467278728,0
1.9000000000000001,0.65,1.0,0.65,0.0,20.18246606078789,72.6568778188364,0
1.9100000000000001,0.65,1.0,0.65,0.0,20.18341402799416,72.66029050077898,0
1.92,0.65,1.0,0.65,0.0,20.18436186629343,72.66370271865635,0
1.93,0.65,1.0,0.65,0.0,20.185309575697165,72.6671144725098,0
1.94,0.65,1.0,0.65,0.0,20.186257156216847,72.67052576238065,0
1.95,0.65,1.0,0.65,0.0,20.187204607863954,72.67393658831024,0
1.96,0.65,1.0,0.65,0.0,20.188151930649962,72.67734695033987,0
1.97,0.65,1.0,0.65,0.0,20.189099124586352,72.68075684851087,0
1.98,0.65,1.0,0.65,0.0,20.190046189684605,72.68416628286458,0
1.99,0.65,1.0,0.65,0.0,20.1909931259562,72.68757525344232,0
2.0,0.65,1.0,0.65,0.0,20.191939933412623,72.69098376028545,0
2.0100000000000002,0.65,1.0,0.65,0.0,20.19288661206535,72.69439180343527,0
2.02,0.65,1.0,0.65,0.0,20.193833161925873,72.69779938293314,0
2.0300000000000002,0.65,1.0,0.65,0.0,20.194779583005673,72.70120649882043,0
2.04,0.65,1.0,0.65,0.0,20.195725875316235,72.70461315113845,0
2.05,0.65,1.0,0.65,0.0,20.196672038869046,72.70801933992857,0
2.06,0.65,1.0,0.65,0.0,20.197618073675592,72.71142506523213,0
2.07,0.65,1.0,0.65,0.0,20.198563979747362,72.71483032709051,0
2.08,0.65,1.0,0.65,0.0,20.19950975709585,72.71823512554506,0
2.09,0.65,1.0,0.65,0.0,20.20045540573254,72.72163946063715,0
2.1,0.65,1.0,0.65,0.0,20.201400925668928,72.72504333240815,0
2.11,0.65,1.0,0.65,0.0,20.2023463169165,72.7284467408994,0
2.12,0.65,1.0,0.65,0.0,20.203291579486756,72.73184968615232,0
2.13,0.65,1.0,0.65,0.0,20.204236713391186,72.73525216820828,0
2.14,0.65,1.0,0.65,0.0,20.205181718641285,72.73865418710862,0
2.15,0.65,1.0,0.65,0.0,20.20612659524855,72.74205574289478,0
2.16,0.65,1.0,0.65,0.0,20.20707134322447,72.7454568356081,0
2.17,0.65,1.0,0.65,0.0,20.20801596258055,72.74885746528999,0
2.18,0.65,1.0,0.65,0.0,20.208960453328288,72.75225763198183,0
2.19,0.65,1.0,0.65,0.0,20.20990481547918,72.75565733572505,0
2.2,0.65,1.0,0.65,0.0,20.21084904904473,72.75905657656102,0
2.21,0.65,1.0,0.65,0.0,20.211793154036435,72.76245535453117,0
2.22,0.65,1.0,0.65,0.0,20.2127371304658,72.76585366967689,0
2.23,0.65,1.0,0.65,0.0,20.213680978344325,72.76925152203957,0
2.24,0.65,1.0,0.65,0.0,20.214624697683515,72.77264891166065,0
2.25,0.65,1.0,0.65,0.0,20.215568288494875,72.77604583858155,0
2.2600000000000002,0.65,1.0,0.65,0.0,20.21651175078991,72.77944230284368,0
2.27,0.65,1.0,0.65,0.0,20.217455084580124,72.78283830448845,0
2.2800000000000002,0.65,1.0,0.65,0.0,20.218398289877026,72.7862338435573,0
2.29,0.65,1.0,0.65,0.0,20.219341366692124,72.78962892009164,0
2.3000000000000003,0.65,1.0,0.65,0.0,20.220284315036928,72.79302353413294,0
2.31,0.65,1.0,0.65,0.0,20.221227134922945,72.7964176857226,0
2.32,0.65,1.0,0.65,0.0,20.222169826361686,72.79981137490208,0
2.33,0.65,1.0,0.65,0.0,20.223112389364665,72.80320460171279,0
2.34,0.65,1.0,0.65,0.0,20.224054823943394,72.80659736619621,0
2.35,0.65,1.0,0.65,0.0,20.224997130109383,72.80998966839378,0
2.36,0.65,1.0,0.65,0.0,20.22593930787415,72.81338150834694,0
2.37,0.65,1.0,0.65,0.0,20.22688135724921,72.81677288609716,0
2.38,0.65,1.0,0.65,0.0,20.227823278246074,72.82016380168587,0
2.39,0.65,1.0,0.65,0.0,20.228765070876264,72.82355425515455,0
2.4,0.65,1.0,0.65,0.0,20.229706735151296,72.82694424654467,0
2.41,0.65,1.0,0.65,0.0,20.230648271082686,72.83033377589767,0
2.42,0.65,1.0,0.65,0.0,20.231589678681956,72.83372284325505,0
2.43,0.65,1.0,0.65,0.0,20.232530957960627,72.83711144865826,0
2.44,0.65,1.0,0.65,0.0,20.23347210893022,72.84049959214879,0
2.45,0.65,1.0,0.65,0.0,20.234413131602253,72.84388727376812,0
2.46,0.65,1.0,0.65,0.0,20.235354025988254,72.84727449355772,0
2.47,0.65,1.0,0.65,0.0,20.236294792099745,72.85066125155909,0
2.48,0.65,1.0,0.65,0.0,20.23723542994825,72.8540475478137,0
2.49,0.65,1.0,0.65,0.0,20.238175939545293,72.85743338236306,0
2.5,0.65,1.0,0.65,0.0,20.239116320902404,72.86081875524866,0
2.5100000000000002,0.65,1.0,0.65,0.0,20.240056574031108,72.864203666512,0
2.52,0.65,1.0,0.65,0.0,20.240996698942933,72.86758811619455,0
2.5300000000000002,0.65,1.0,0.65,0.0,20.241936695649407,72.87097210433787,0
2.54,0.65,1.0,0.65,0.0,20.242876564162064,72.87435563098343,0
2.5500000000000003,0.65,1.0,0.65,0.0,20.24381630449243,72.87773869617276,0
2.56,0.65,1.0,0.65,0.0,20.24475591665204,72.88112129994734,0
2.57,0.65,1.0,0.65,0.0,20.245695400652423,72.88450344234873,0
2.58,0.65,1.0,0.65,0.0,20.246634756505113,72.88788512341841,0
2.59,0.65,1.0,0.65,0.0,20.247573984221646,72.89126634319793,0
2.6,0.65,1.0,0.65,0.0,20.248513083813556,72.89464710172881,0
2.61,0.65,1.0,0.65,0.0,20.24945205529238,72.89802739905257,0
2.62,0.65,1.0,0.65,0.0,20.250390898669654,72.90140723521075,0
2.63,0.65,1.0,0.65,0.0,20.251329613956916,72.9047866102449,0
2.64,0.65,1.0,0.65,0.0,20.252268201165702,72.90816552419653,0
2.65,0.65,1.0,0.65,0.0,20.253206660307555,72.9115439771072,0
2.66,0.65,1.0,0.65,0.0,20.25414499139401,72.91492196901844,0
2.67,0.65,1.0,0.65,0.0,20.255083194436615,72.91829949997182,0
2.68,0.65,1.0,0.65,0.0,20.256021269446908,72.92167657000887,0
2.69,0.65,1.0,0.65,0.0,20.256959216436428,72.92505317917114,0
2.7,0.65,1.0,0.65,0.0,20.257897035416725,72.92842932750021,0
2.71,0.65,1.0,0.65,0.0,20.25883472639934,72.93180501503763,0
2.72,0.65,1.0,0.65,0.0,20.259772289395816,72.93518024182494,0
2.73,0.65,1.0,0.65,0.0,20.260709724417705,72.93855500790374,0
2.74,0.65,1.0,0.65,0.0,20.26164703147655,72.94192931331558,0
2.75,0.65,1.0,0.65,0.0,20.2625842105839,72.94530315810204,0
2.7600000000000002,0.65,1.0,0.65,0.0,20.2635212617513,72.94867654230468,0
2.77,0.65,1.0,0.65,0.0,20.264458184990307,72.9520494659651,0
2.7800000000000002,0.65,1.0,0.65,0.0,20.265394980312465,72.95542192912488,0
2.79,0.65,1.0,0.65,0.0,20.266331647729327,72.95879393182558,0
2.8000000000000003,0.65,1.0,0.65,0.0,20.267268187252444,72.9621654741088,0
2.81,0.65,1.0,0.65,0.0,20.268204598893373,72.96553655601615,0
2.82,0.65,1.0,0.65,0.0,20.269140882663663,72.96890717758919,0
2.83,0.65,1.0,0.65,0.0,20.270077038574872,72.97227733886955,0
2.84,0.65,1.0,0.65,0.0,20.271013066638552,72.97564703989879,0
2.85,0.65,1.0,0.65,0.0,20.271948966866262,72.97901628071854,0
2.86,0.65,1.0,0.65,0.0,20.272884739269557,72.98238506137041,0
2.87,0.65,1.0,0.65,0.0,20.27382038386,72.985753381896,0
2.88,0.65,1.0,0.65,0.0,20.27475590064914,72.9891212423369,0
2.89,0.65,1.0,0.65,0.0,20.275691289648545,72.99248864273477,0
2.9,0.65,1.0,0.65,0.0,20.27662655086977,72.99585558313117,0
2.91,0.65,1.0,0.65,0.0,20.277561684324382,72.99922206356779,0
2.92,0.65,1.0,0.65,0.0,20.27849669002394,73.00258808408618,0
2.93,0.65,1.0,0.65,0.0,20.279431567980005,73.00595364472802,0
2.94,0.65,1.0,0.65,0.0,20.280366318204145,73.00931874553493,0
2.95,0.65,1.0,0.65,0.0,20.281300940707922,73.01268338654852,0
2.96,0.65,1.0,0.65,0.0,20.2822354355029,73.01604756781045,0
2.97,0.65,1.0,0.65,0.0,20.28316980260065,73.01941128936234,0
2.98,0.65,1.0,0.65,0.0,20.284104042012736,73.02277455124585,0
2.99,0.65,1.0,0.65,0.0,20.285038153750726,73.02613735350262,0
3.0,0.65,1.0,0.65,0.0,20.28597213782619,73.02949969617428,0
3.0100000000000002,0.65,1.0,0.65,0.0,20.286905994250695,73.0328615793025,0
3.02,0.65,1.0,0.65,0.0,20.287839723035813,73.03622300292892,0
3.0300000000000002,0.65,1.0,0.65,0.0,20.288773324193116,73.03958396709523,0
3.04,0.65,1.0,0.65,0.0,20.289706797734176,73.04294447184304,0
3.0500000000000003,0.65,1.0,0.65,0.0,20.290640143670565,73.04630451721404,0
3.06,0.65,1.0,0.65,0.0,20.291573362013857,73.04966410324988,0
3.0700000000000003,0.65,1.0,0.65,0.0,20.292506452775626,73.05302322999226,0
3.08,0.65,1.0,0.65,0.0,20.29343941596745,73.05638189748282,0
3.09,0.65,1.0,0.65,0.0,20.294372251600898,73.05974010576324,0
3.1,0.65,1.0,0.65,0.0,20.295304959687552,73.0630978548752,0
3.11,0.65,1.0,0.65,0.0,20.29623754023899,73.06645514486037,0
3.12,0.65,1.0,0.65,0.0,20.297169993266795,73.06981197576046,0
3.13,0.65,1.0,0.65,0.0,20.29810231878254,73.07316834761714,0
3.14,0.65,1.0,0.65,0.0,20.299034516797807,73.07652426047211,0
3.15,0.65,1.0,0.65,0.0,20.299966587324178,73.07987971436704,0
3.16,0.65,1.0,0.65,0.0,20.300898530373235,73.08323470934364,0
3.17,0.65,1.0,0.65,0.0,20.30183034595656,73.08658924544362,0
3.18,0.65,1.0,0.65,0.0,20.302762034085738,73.08994332270866,0
3.19,0.65,1.0,0.65,0.0,20.30369359477235,73.09329694118047,0
3.2,0.65,1.0,0.65,0.0,20.304625028027985,73.09665010090075,0
3.21,0.65,1.0,0.65,0.0,20.305556333864228,73.10000280191122,0
3.22,0.65,1.0,0.65,0.0,20.306487512292662,73.10335504425359,0
3.23,0.65,1.0,0.65,0.0,20.30741856332488,73.10670682796957,0
3.24,0.65,1.0,0.65,0.0,20.308349486972467,73.11005815310088,0
3.25,0.65,1.0,0.65,0.0,20.309280283247016,73.11340901968926,0
3.2600000000000002,0.65,1.0,0.65,0.0,20.310210952160112,73.1167594277764,0
3.27,0.65,1.0,0.65,0.0,20.31114149372335,73.12010937740406,0
3.2800000000000002,0.65,1.0,0.65,0.0,20.312071907948322,73.12345886861397,0
3.29,0.65,1.0,0.65,0.0,20.313002194846618,73.12680790144783,0
3.3000000000000003,0.65,1.0,0.65,0.0,20.31393235442983,73.13015647594739,0
3.31,0.65,1.0,0.65,0.0,20.314862386709557,73.13350459215441,0
3.3200000000000003,0.65,1.0,0.65,0.0,20.31579229169739,73.1368522501106,0
3.33,0.65,1.0,0.65,0.0,20.31672206940493,73.14019944985775,0
3.34,0.65,1.0,0.65,0.0,20.317651719843763,73.14354619143755,0
3.35,0.65,1.0,0.65,0.0,20.318581243025495,73.14689247489179,0
3.36,0.65,1.0,0.65,0.0,20.319510638961724,73.1502383002622,0
3.37,0.65,1.0,0.65,0.0,20.320439907664046,73.15358366759057,0
3.38,0.65,1.0,0.65,0.0,20.32136904914406,73.15692857691862,0
3.39,0.65,1.0,0.65,0.0,20.32229806341337,73.16027302828813,0
3.4,0.65,1.0,0.65,0.0,20.323226950483576,73.16361702174088,0
3.41,0.65,1.0,0.65,0.0,20.32415571036628,73.16696055731862,0
3.42,0.65,1.0,0.65,0.0,20.325084343073087,73.17030363506312,0
3.43,0.65,1.0,0.65,0.0,20.326012848615598,73.17364625501615,0
3.44,0.65,1.0,0.65,0.0,20.326941227005417,73.1769884172195,0
3.45,0.65,1.0,0.65,0.0,20.32786947825415,73.18033012171495,0
3.46,0.65,1.0,0.65,0.0,20.328797602373406,73.18367136854427,0
3.47,0.65,1.0,0.65,0.0,20.32972559937479,73.18701215774925,0
3.48,0.65,1.0,0.65,0.0,20.330653469269908,73.19035248937168,0
3.49,0.65,1.0,0.65,0.0,20.33158121207037,73.19369236345332,0
3.5,0.65,1.0,0.65,0.0,20.332508827787784,73.19703178003603,0
3.5100000000000002,0.65,1.0,0.65,0.0,20.33343631643376,73.20037073916154,0
3.52,0.65,1.0,0.65,0.0,20.334363678019916,73.2037092408717,0
3.5300000000000002,0.65,1.0,0.65,0.0,20.335290912557856,73.20704728520828,0
3.54,0.65,1.0,0.65,0.0,20.336218020059192,73.2103848722131,0
3.5500000000000003,0.65,1.0,0.65,0.0,20.337145000535543,73.21372200192796,0
3.56,0.65,1.0,0.65,0.0,20.338071853998517,73.21705867439466,0
3.5700000000000003,0.65,1.0,0.65,0.0,20.338998580459734,73.22039488965504,0
3.58,0.65,1.0,0.65,0.0,20.339925179930805,73.2237306477509,0
3.59,0.65,1.0,0.65,0.0,20.340851652423353,73.22706594872407,0
3.6,0.65,1.0,0.65,0.0,20.34177799794899,73.23040079261636,0
3.61,0.65,1.0,0.65,0.0,20.342704216519337,73.23373517946962,0
3.62,0.65,1.0,0.65,0.0,20.343630308146007,73.23706910932563,0
3.63,0.65,1.0,0.65,0.0,20.344556272840627,73.24040258222627,0
3.64,0.65,1.0,0.65,0.0,20.345482110614814,73.24373559821333,0
3.65,0.65,1.0,0.65,0.0,20.346407821480188,73.24706815732868,0
3.66,0.65,1.0,0.65,0.0,20.34733340544837,73.25040025961414,0
3.67,0.65,1.0,0.65,0.0,20.348258862530987,73.25373190511155,0
3.68,0.65,1.0,0.65,0.0,20.34918419273966,73.25706309386278,0
3.69,0.65,1.0,0.65,0.0,20.35010939608601,73.26039382590965,0
3.7,0.65,1.0,0.65,0.0,20.35103447258167,73.26372410129402,0
3.71,0.65,1.0,0.65,0.0,20.35195942223826,73.26705392005773,0
3.72,0.65,1.0,0.65,0.0,20.352884245067408,73.27038328224268,0
3.73,0.65,1.0,0.65,0.0,20.353808941080743,73.27371218789068,0
3.74,0.65,1.0,0.65,0.0,20.35473351028989,73.27704063704361,0
3.75,0.65,1.0,0.65,0.0,20.35565795270648,73.28036862974334,0
3.7600000000000002,0.65,1.0,0.65,0.0,20.356582268342144,73.28369616603172,0
3.77,0.65,1.0,0.65,0.0,20.357506457208512,73.28702324595065,0
3.7800000000000002,0.65,1.0,0.65,0.0,20.35843051931721,73.29034986954196,0
3.79,0.65,1.0,0.65,0.0,20.359354454679877,73.29367603684756,0
3.8000000000000003,0.65,1.0,0.65,0.0,20.360278263308142,73.29700174790932,0
3.81,0.65,1.0,0.65,0.0,20.36120194521364,73.30032700276911,0
3.8200000000000003,0.65,1.0,0.65,0.0,20.362125500408006,73.30365180146882,0
3.83,0.65,1.0,0.65,0.0,20.36304892890287,73.30697614405034,0
3.84,0.65,1.0,0.65,0.0,20.363972230709873,73.31030003055554,0
3.85,0.65,1.0,0.65,0.0,20.364895405840652,73.31362346102635,0
3.86,0.65,1.0,0.65,0.0,20.365818454306844,73.31694643550463,0
3.87,0.65,1.0,0.65,0.0,20.366741376120086,73.32026895403231,0
3.88,0.65,1.0,0.65,0.0,20.367664171292017,73.32359101665126,0
3.89,0.65,1.0,0.65,0.0,20.368586839834276,73.32691262340339,0
3.9,0.65,1.0,0.65,0.0,20.369509381758505,73.33023377433062,0
3.91,0.65,1.0,0.65,0.0,20.370431797076343,73.33355446947483,0
3.92,0.65,1.0,0.65,0.0,20.371354085799435,73.33687470887797,0
3.93,0.65,1.0,0.65,0.0,20.37227624793942,73.34019449258192,0
3.94,0.65,1.0,0.65,0.0,20.373198283507946,73.34351382062862,0
3.95,0.65,1.0,0.65,0.0,20.374120192516656,73.34683269305997,0
3.96,0.65,1.0,0.65,0.0,20.375041974977194,73.3501511099179,0
3.97,0.65,1.0,0.65,0.0,20.375963630901204,73.35346907124433,0
3.98,0.65,1.0,0.65,0.0,20.376885160300336,73.35678657708121,0
3.99,0.65,1.0,0.65,0.0,20.377806563186237,73.36010362747045,0
4.0,0.65,1.0,0.65,0.0,20.378727839570555,73.363420222454,0
4.01,0.65,1.0,0.65,0.0,20.379648989464936,73.36673636207377,0
4.0200000000000005,0.65,1.0,0.65,0.0,20.380570012881034,73.37005204637173,0
4.03,0.65,1.0,0.65,0.0,20.381490909830493,73.37336727538978,0
4.04,0.65,1.0,0.65,0.0,20.38241168032497,73.3766820491699,0
4.05,0.65,1.0,0.65,0.0,20.383332324376116,73.37999636775402,0
4.0600000000000005,0.65,1.0,0.65,0.0,20.384252841995583,73.3833102311841,0
4.07,0.65,1.0,0.65,0.0,20.385173233195022,73.38662363950208,0
4.08,0.65,1.0,0.65,0.0,20.38609349798609,73.38993659274992,0
4.09,0.65,1.0,0.65,0.0,20.387013636380438,73.39324909096958,0
4.1,0.65,1.0,0.65,0.0,20.387933648389726,73.39656113420301,0
4.11,0.65,1.0,0.65,0.0,20.38885353402561,73.3998727224922,0
4.12,0.65,1.0,0.65,0.0,20.389773293299747,73.40318385587909,0
4.13,0.65,1.0,0.65,0.0,20.390692926223792,73.40649453440565,0
4.14,0.65,1.0,0.65,0.0,20.391612432809406,73.40980475811386,0
4.15,0.65,1.0,0.65,0.0,20.39253181306825,73.41311452704569,0
4.16,0.65,1.0,0.65,0.0,20.39345106701198,73.41642384124313,0
4.17,0.65,1.0,0.65,0.0,20.39437019465226,73.41973270074814,0
4.18,0.65,1.0,0.65,0.0,20.395289196000753,73.42304110560272,0
4.19,0.65,1.0,0.65,0.0,20.39620807106912,73.42634905584883,0
4.2,0.65,1.0,0.65,0.0,20.39712681986902,73.42965655152847,0
4.21,0.65,1.0,0.65,0.0,20.39804544241212,73.43296359268363,0
4.22,0.65,1.0,0.65,0.0,20.398963938710082,73.4362701793563,0
4.23,0.65,1.0,0.65,0.0,20.399882308774576,73.43957631158847,0
4.24,0.65,1.0,0.65,0.0,20.400800552617266,73.44288198942216,0
4.25,0.65,1.0,0.65,0.0,20.40171867024982,73.44618721289936,0
4.26,0.65,1.0,0.65,0.0,20.402636661683903,73.44949198206206,0
4.2700000000000005,0.65,1.0,0.65,0.0,20.403554526931185,73.45279629695227,0
4.28,0.65,1.0,0.65,0.0,20.404472266003335,73.45610015761201,0
4.29,0.65,1.0,0.65,0.0,20.405389878912022,73.45940356408327,0
4.3,0.65,1.0,0.65,0.0,20.406307365668916,73.4627065164081,0
4.3100000000000005,0.65,1.0,0.65,0.0,20.40722472628569,73.46600901462848,0
4.32,0.65,1.0,0.65,0.0,20.408141960774014,73.46931105878645,0
4.33,0.65,1.0,0.65,0.0,20.409059069145563,73.47261264892403,0
4.34,0.65,1.0,0.65,0.0,20.40997605141201,73.47591378508324,0
4.3500000000000005,0.65,1.0,0.65,0.0,20.410892907585026,73.4792144673061,0
4.36,0.65,1.0,0.65,0.0,20.41180963767629,73.48251469563463,0
4.37,0.65,1.0,0.65,0.0,20.412726241697474,73.48581447011091,0
4.38,0.65,1.0,0.65,0.0,20.413642719660256,73.48911379077693,0
4.39,0.65,1.0,0.65,0.0,20.414559071576313,73.49241265767473,0
4.4,0.65,1.0,0.65,0.0,20.415475297457323,73.49571107084637,0
4.41,0.65,1.0,0.65,0.0,20.416391397314968,73.49900903033388,0
4.42,0.65,1.0,0.65,0.0,20.41730737116092,73.50230653617932,0
4.43,0.65,1.0,0.65,0.0,20.418223219006865,73.50560358842472,0
4.44,0.65,1.0,0.65,0.0,20.41913894086448,73.50890018711213,0
4.45,0.65,1.0,0.65,0.0,20.42005453674545,73.51219633228362,0
4.46,0.65,1.0,0.65,0.0,20.420970006661456,73.51549202398124,0
4.47,0.65,1.0,0.65,0.0,20.42188535062418,73.51878726224705,0
4.48,0.65,1.0,0.65,0.0,20.422800568645304,73.52208204712309,0
4.49,0.65,1.0,0.65,0.0,20.423715660736516,73.52537637865146,0
4.5,0.65,1.0,0.65,0.0,20.424630626909497,73.5286702568742,0
4.51,0.65,1.0,0.65,0.0,20.425545467175937,73.53196368183337,0
4.5200000000000005,0.65,1.0,0.65,0.0,20.42646018154752,73.53525665357107,0
4.53,0.65,1.0,0.65,0.0,20.427374770035932,73.53854917212936,0
4.54,0.65,1.0,0.65,0.0,20.428289232652865,73.54184123755032,0
4.55,0.65,1.0,0.65,0.0,20.429203569410003,73.54513284987601,0
4.5600000000000005,0.65,1.0,0.65,0.0,20.430117780319037,73.54842400914853,0
4.57,0.65,1.0,0.65,0.0,20.43103186539166,73.55171471540997,0
4.58,0.65,1.0,0.65,0.0,20.43194582463956,73.55500496870242,0
4.59,0.65,1.0,0.65,0.0,20.432859658074428,73.55829476906794,0
4.6000000000000005,0.65,1.0,0.65,0.0,20.433773365707957,73.56158411654864,0
4.61,0.65,1.0,0.65,0.0,20.434686947551842,73.56487301118663,0
4.62,0.65,1.0,0.65,0.0,20.435600403617777,73.568161453024,0
4.63,0.65,1.0,0.65,0.0,20.43651373391745,73.57144944210283,0
4.64,0.65,1.0,0.65,0.0,20.437426938462565,73.57473697846524,0
4.65,0.65,1.0,0.65,0.0,20.43834001726481,73.57802406215332,0
4.66,0.65,1.0,0.65,0.0,20.439252970335886,73.58131069320919,0
4.67,0.65,1.0,0.65,0.0,20.440165797687488,73.58459687167496,0
4.68,0.65,1.0,0.65,0.0,20.441078499331315,73.58788259759274,0
4.69,0.65,1.0,0.65,0.0,20.441991075279066,73.59116787100464,0
4.7,0.65,1.0,0.65,0.0,20.44290352554244,73.5944526919528,0
4.71,0.65,1.0,0.65,0.0,20.443815850133138,73.5977370604793,0
4.72,0.65,1.0,0.65,0.0,20.44472804906286,73.6010209766263,0
4.73,0.65,1.0,0.65,0.0,20.445640122343306,73.60430444043591,0
4.74,0.65,1.0,0.65,0.0,20.446552069986183,73.60758745195027,0
4.75,0.65,1.0,0.65,0.0,20.44746389200319,73.61087001121147,0
4.76,0.65,1.0,0.65,0.0,20.448375588406027,73.6141521182617,0
4.7700000000000005,0.65,1.0,0.65,0.0,20.449287159206403,73.61743377314305,0
4.78,0.65,1.0,0.65,0.0,20.450198604416023,73.62071497589768,0
4.79,0.65,1.0,0.65,0.0,20.451109924046595,73.62399572656774,0
4.8,0.65,1.0,0.65,0.0,20.45202111810982,73.62727602519536,0
4.8100000000000005,0.65,1.0,0.65,0.0,20.452932186617407,73.63055587182266,0
4.82,0.65,1.0,0.65,0.0,20.453843129581063,73.63383526649183,0
4.83,0.65,1.0,0.65,0.0,20.4547539470125,73.637114209245,0
4.84,0.65,1.0,0.65,0.0,20.455664638923423,73.64039270012432,0
4.8500000000000005,0.65,1.0,0.65,0.0,20.456575205325546,73.64367073917197,0
4.86,0.65,1.0,0.65,0.0,20.457485646230577,73.64694832643008,0
4.87,0.65,1.0,0.65,0.0,20.45839596165023,73.65022546194082,0
4.88,0.65,1.0,0.65,0.0,20.459306151596213,73.65350214574637,0
4.89,0.65,1.0,0.65,0.0,20.46021621608024,73.65677837788887,0
4.9,0.65,1.0,0.65,0.0,20.461126155114027,73.6600541584105,0
4.91,0.65,1.0,0.65,0.0,20.462035968709284,73.66332948735342,0
4.92,0.65,1.0,0.65,0.0,20.462945656877725,73.6666043647598,0
4.93,0.65,1.0,0.65,0.0,20.46385521963107,73.66987879067186,0
4.94,0.65,1.0,0.65,0.0,20.464764656981036,73.67315276513173,0
4.95,0.65,1.0,0.65,0.0,20.465673968939335,73.6764262881816,0
4.96,0.65,1.0,0.65,0.0,20.466583155517686,73.67969935986368,0
4.97,0.65,1.0,0.65,0.0,20.467492216727805,73.6829719802201,0
4.98,0.65,1.0,0.65,0.0,20.468401152581418,73.6862441492931,0
4.99,0.65,1.0,0.65,0.0,20.469309963090236,73.68951586712485,0
5.0,0.65,0.65,0.65,0.0,20.470218648265984,73.69278713375755,0
5.01,0.65,0.6489166666666667,0.6489166666666667,2.999999999999936,20.471127208120382,73.69605794923338,0
5.0200000000000005,0.65,0.6478333333333333,0.6478333333333333,6.0000000000001386,20.47200432322071,73.69921556359455,0
5.03,0.65,0.64675,0.64675,9.000000000000075,20.472849997898585,73.7022599924349,0
5.04,0.65,0.6456666666666666,0.6456666666666666,12.00000000000001,20.47366423648559,73.70519125134813,0
5.05,0.65,0.6445833333333334,0.6445833333333334,14.999999999999947,20.474447043313244,73.70800935592769,0
5.0600000000000005,0.65,0.6435,0.6435,18.00000000000015,20.47519842271299,73.71071432176676,0
5.07,0.65,0.6424166666666666,0.6424166666666666,21.000000000000085,20.47591837901616,73.71330616445817,0
5.08,0.65,0.6413333333333334,0.6413333333333334,24.00000000000002,20.476606916553983,73.71578489959434,0
5.09,0.65,0.64025,0.64025,26.999999999999957,20.477264039657538,73.71815054276713,0
5.1000000000000005,0.65,0.6391666666666667,0.6391666666666667,30.000000000000163,20.477889752657738,73.72040310956785,0
5.11,0.65,0.6380833333333333,0.6380833333333333,33.00000000000009,20.47848405988533,73.72254261558719,0
5.12,0.65,0.637,0.637,36.00000000000003,20.479046965670847,73.72456907641505,0
5.13,0.65,0.6359166666666667,0.6359166666666667,38.99999999999997,20.47957847434461,73.7264825076406,0
5.14,0.65,0.6348333333333334,0.6348333333333334,41.9999999999999,20.480078590236698,73.72828292485211,0
5.15,0.65,0.63375,0.63375,45.00000000000011,20.480547317676926,73.72997034363694,0
5.16,0.65,0.6326666666666666,0.6326666666666666,48.00000000000004,20.480984660994835,73.73154477958141,0
5.17,0.65,0.6315833333333334,0.6315833333333334,50.99999999999998,20.481390624519662,73.73300624827078,0
5.18,0.65,0.6305000000000001,0.6305000000000001,53.999999999999915,20.481765212580324,73.73435476528917,0
5.19,0.65,0.6294166666666666,0.6294166666666666,57.000000000000114,20.482108429505402,73.73559034621945,0
5.2,0.65,0.6283333333333334,0.6283333333333334,60.00000000000005,20.482420279623113,73.73671300664321,0
5.21,0.65,0.62725,0.62725,62.99999999999999,20.482700767261296,73.73772276214066,0
5.22,0.65,0.6261666666666668,0.6261666666666668,65.99999999999993,20.48294989674739,73.7386196282906,0
5.23,0.65,0.6250833333333333,0.6250833333333333,69.00000000000013,20.48316767240841,73.73940362067027,0
5.24,0.65,0.624,0.624,72.00000000000006,20.483354098570942,73.7400747548554,0
5.25,0.65,0.6229166666666667,0.6229166666666667,75.0,20.483509179561107,73.74063304641999,0
5.26,0.65,0.6218333333333333,0.6218333333333333,77.99999999999994,20.483632919704547,73.74107851093638,0
5.2700000000000005,0.65,0.62075,0.62075,81.00000000000013,20.483725323326404,73.74141116397506,0
5.28,0.65,0.6196666666666666,0.6196666666666666,84.00000000000009,20.483786394751306,73.74163102110471,0
5.29,0.65,0.6185833333333334,0.6185833333333334,87.00000000000001,20.483816138303336,73.74173809789201,0
5.3,0.65,0.6175,0.6175,89.99999999999994,20.483814558306026,73.7417324099017,0
5.3100000000000005,0.65,0.6164166666666666,0.6164166666666666,93.00000000000014,20.48378165908233,73.74161397269638,0
5.32,0.65,0.6153333333333334,0.6153333333333334,96.00000000000009,20.483717444954596,73.74138280183655,0
5.33,0.65,0.61425,0.61425,99.00000000000003,20.483621920244563,73.74103891288043,0
5.34,0.65,0.6131666666666667,0.6131666666666667,101.99999999999996,20.483495089273326,73.74058232138398,0
5.3500000000000005,0.65,0.6120833333333333,0.6120833333333333,105.00000000000017,20.48333695636133,73.7400130429008,0
5.36,0.65,0.611,0.611,108.0000000000001,20.483147525828343,73.73933109298204,0
5.37,0.65,0.6099166666666667,0.6099166666666667,111.00000000000003,20.482926801993433,73.73853648717636,0
5.38,0.65,0.6088333333333333,0.6088333333333333,113.99999999999996,20.48267478917495,73.73762924102982,0
5.39,0.65,0.60775,0.60775,116.9999999999999,20.482391491690517,73.73660937008586,0
5.4,0.65,0.6066666666666666,0.6066666666666666,120.0000000000001,20.482076913856993,73.73547688988518,0
5.41,0.65,0.6055833333333334,0.6055833333333334,123.00000000000004,20.48173105999047,73.73423181596569,0
5.42,0.65,0.6045,0.6045,125.99999999999999,20.481353934406236,73.73287416386245,0
5.43,0.65,0.6034166666666667,0.6034166666666667,128.99999999999991,20.480945541418777,73.7314039491076,0
5.44,0.65,0.6023333333333334,0.6023333333333334,132.0000000000001,20.480505885341735,73.72982118723024,0
5.45,0.65,0.60125,0.60125,135.00000000000006,20.4800349704879,73.72812589375644,0
5.46,0.65,0.6001666666666667,0.6001666666666667,138.0,20.479532801169196,73.72631808420911,0
5.47,0.65,0.5990833333333334,0.5990833333333334,140.99999999999994,20.478999381696646,73.72439777410793,0
5.48,0.65,0.598,0.598,144.0000000000001,20.478434716380367,73.72236497896932,0
5.49,0.65,0.5969166666666667,0.5969166666666667,147.00000000000009,20.47783880952954,73.72021971430635,0
5.5,0.65,0.5958333333333333,0.5958333333333333,150.0,20.4772116654524,73.71796199562864,0
5.51,0.65,0.59475,0.59475,152.99999999999994,20.47655328845621,73.71559183844235,0
5.5200000000000005,0.65,0.5936666666666666,0.5936666666666666,156.00000000000014,20.475863682847233,73.71310925825004,0
5.53,0.65,0.5925833333333334,0.5925833333333334,159.00000000000009,20.475142852930738,73.71051427055066,0
5.54,0.65,0.5915,0.5915,162.00000000000003,20.474390803010955,73.70780689083944,0
5.55,0.65,0.5904166666666667,0.5904166666666667,164.99999999999994,20.473607537391068,73.70498713460785,0
5.5600000000000005,0.65,0.5893333333333334,0.5893333333333334,168.00000000000017,20.472793060373192,73.7020550173435,0
5.57,0.65,0.5882499999999999,0.5882499999999999,171.00000000000009,20.471947376258356,73.69901055453009,0
5.58,0.65,0.5871666666666667,0.5871666666666667,174.00000000000003,20.471070489346477,73.69585376164731,0
5.59,0.65,0.5860833333333334,0.5860833333333334,176.99999999999997,20.470162403936353,73.69258465417087,0
5.6000000000000005,0.65,0.585,0.585,180.00000000000017,20.46922312432563,73.68920324757227,0
5.61,0.65,0.5839166666666666,0.5839166666666666,183.0000000000001,20.468252654810794,73.68570955731886,0
5.62,0.65,0.5828333333333333,0.5828333333333333,186.00000000000003,20.46725099968714,73.6821035988737,0
5.63,0.65,0.58175,0.58175,188.99999999999997,20.46621816324876,73.67838538769554,0
5.64,0.65,0.5806666666666668,0.5806666666666668,191.99999999999991,20.465154149788532,73.67455493923872,0
5.65,0.65,0.5795833333333333,0.5795833333333333,195.0000000000001,20.46405896359808,73.67061226895309,0
5.66,0.65,0.5785,0.5785,198.00000000000006,20.46293260896777,73.66655739228398,0
5.67,0.65,0.5774166666666667,0.5774166666666667,200.99999999999997,20.461775090186684,73.66239032467206,0
5.68,0.65,0.5763333333333334,0.5763333333333334,203.99999999999991,20.460586411542607,73.65811108155339,0
5.69,0.65,0.5752499999999999,0.5752499999999999,207.0000000000001,20.459366577322,73.65371967835921,0
5.7,0.65,0.5741666666666667,0.5741666666666667,210.00000000000006,20.45811559180999,73.64921613051597,0
5.71,0.65,0.5730833333333334,0.5730833333333334,213.0,20.456833459290337,73.64460045344522,0
5.72,0.65,0.5720000000000001,0.5720000000000001,215.99999999999991,20.455520184045433,73.63987266256356,0
5.73,0.65,0.5709166666666666,0.5709166666666666,219.00000000000014,20.45417577035626,73.63503277328255,0
5.74,0.65,0.5698333333333333,0.5698333333333333,222.00000000000006,20.452800222502397,73.63008080100863,0
5.75,0.65,0.56875,0.56875,225.0,20.451393544761977,73.62501676114312,0
5.76,0.65,0.5676666666666668,0.5676666666666668,227.99999999999991,20.449955741411685,73.61984066908207,0
5.7700000000000005,0.65,0.5665833333333333,0.5665833333333333,231.00000000000014,20.448486816726724,73.61455254021621,0
5.78,0.65,0.5655,0.5655,234.00000000000006,20.446986774980807,73.60915238993091,0
5.79,0.65,0.5644166666666667,0.5644166666666667,237.00000000000003,20.44545562044614,73.6036402336061,0
5.8,0.65,0.5633333333333334,0.5633333333333334,239.99999999999994,20.443893357393385,73.59801608661618,0
5.8100000000000005,0.65,0.5622499999999999,0.5622499999999999,243.00000000000017,20.442299990091666,73.59227996433,0
5.82,0.65,0.5611666666666667,0.5611666666666667,246.00000000000009,20.440675522808526,73.5864318821107,0
5.83,0.65,0.5600833333333334,0.5600833333333334,249.0,20.439019959809926,73.58047185531574,0
5.84,0.65,0.559,0.559,251.99999999999997,20.437333305360212,73.57439989929676,0
5.8500000000000005,0.65,0.5579166666666666,0.5579166666666666,255.00000000000014,20.43561556372211,73.5682160293996,0
5.86,0.65,0.5568333333333333,0.5568333333333333,258.0000000000001,20.433866739156688,73.56192026096407,0
5.87,0.65,0.55575,0.55575,261.00000000000006,20.43208683592336,73.5555126093241,0
5.88,0.65,0.5546666666666668,0.5546666666666668,263.99999999999994,20.43027585827985,73.54899308980745,0
5.89,0.65,0.5535833333333333,0.5535833333333333,266.99999999999994,20.428433810482176,73.54236171773583,0
5.9,0.65,0.5525,0.5525,270.0000000000001,20.426560696784634,73.53561850842469,0
5.91,0.65,0.5514166666666667,0.5514166666666667,273.00000000000006,20.424656521439776,73.52876347718319,0
5.92,0.65,0.5503333333333333,0.5503333333333333,276.0,20.422721288698398,73.52179663931423,0
5.93,0.65,0.5492500000000001,0.5492500000000001,278.9999999999999,20.42075500280951,73.51471801011424,0
5.94,0.65,0.5481666666666667,0.5481666666666667,282.0000000000001,20.418757668020326,73.50752760487318,0
5.95,0.65,0.5470833333333334,0.5470833333333334,285.00000000000006,20.41672928857624,73.50022543887447,0
5.96,0.65,0.546,0.546,288.0,20.414669868720807,73.4928115273949,0
5.97,0.65,0.5449166666666667,0.5449166666666667,290.99999999999994,20.412579412695727,73.48528588570463,0
5.98,0.65,0.5438333333333333,0.5438333333333333,294.00000000000017,20.41045792474083,73.47764852906698,0
5.99,0.65,0.54275,0.54275,297.00000000000006,20.40830540909404,73.46989947273855,0
6.0,0.65,0.5416666666666667,0.5416666666666667,300.0,20.406121869991377,73.46203873196896,0
6.01,0.65,0.5405833333333333,0.5405833333333333,302.99999999999994,20.403907311666927,73.45406632200094,0
6.0200000000000005,0.65,0.5395,0.5395,306.0000000000001,20.40166173835282,73.44598225807016,0
6.03,0.65,0.5384166666666667,0.5384166666666667,309.0000000000001,20.399385154279223,73.43778655540521,0
6.04,0.65,0.5373333333333333,0.5373333333333333,312.0,20.39707756367431,73.42947922922751,0
6.05,0.65,0.5362500000000001,0.5362500000000001,314.99999999999994,20.39473897076424,73.42106029475127,0
6.0600000000000005,0.65,0.5351666666666667,0.5351666666666667,318.00000000000017,20.39236937977316,73.41252976718339,0
6.07,0.65,0.5340833333333334,0.5340833333333334,321.00000000000006,20.389968794923163,73.40388766172339,0
6.08,0.65,0.533,0.533,324.00000000000006,20.387537220434275,73.39513399356339,0
6.09,0.65,0.5319166666666667,0.5319166666666667,326.99999999999994,20.38507466052444,73.38626877788799,0
6.1000000000000005,0.65,0.5308333333333333,0.5308333333333333,330.00000000000017,20.382581119409505,73.37729202987421,0
6.11,0.65,0.5297499999999999,0.5297499999999999,333.0000000000001,20.38005660130319,73.36820376469149,0
6.12,0.65,0.5286666666666667,0.5286666666666667,336.0,20.37750111041707,73.35900399750146,0
6.13,0.65,0.5275833333333333,0.5275833333333333,339.0,20.374914650960577,73.34969274345808,0
6.140000000000001,0.65,0.5265,0.5265,342.00000000000017,20.37229722714095,73.34027001770743,0
6.15,0.65,0.5254166666666666,0.5254166666666666,345.0000000000001,20.36964884316324,73.33073583538767,0
6.16,0.65,0.5243333333333333,0.5243333333333333,348.00000000000006,20.36696950323028,73.32109021162901,0
6.17,0.65,0.5232500000000001,0.5232500000000001,350.99999999999994,20.364259211542667,73.3113331615536,0
6.18,0.65,0.5221666666666667,0.5221666666666667,353.99999999999994,20.36151797229875,73.3014647002755,0
6.19,0.65,0.5210833333333333,0.5210833333333333,357.0000000000001,20.3587457896946,73.29148484290056,0
6.2,0.65,0.52,0.52,360.00000000000006,20.355942667924,73.2813936045264,0
6.21,0.65,0.5189166666666667,0.5189166666666667,363.0,20.353108611178435,73.27119100024237,0
6.22,0.65,0.5178333333333334,0.5178333333333334,365.9999999999999,20.350243623647046,73.26087704512936,0
6.23,0.65,0.5167499999999999,0.5167499999999999,369.0000000000001,20.347347709516633,73.25045175425988,0
6.24,0.65,0.5156666666666667,0.5156666666666667,372.00000000000006,20.344420872971636,73.2399151426979,0
6.25,0.65,0.5145833333333333,0.5145833333333333,375.0,20.341463118194106,73.22926722549879,0
6.26,0.65,0.5135000000000001,0.5135000000000001,377.99999999999994,20.33847444936369,73.21850801770928,0
6.2700000000000005,0.65,0.5124166666666666,0.5124166666666666,381.00000000000017,20.33545487065762,73.20763753436744,0
6.28,0.65,0.5113333333333333,0.5113333333333333,384.00000000000006,20.332404386250683,73.19665579050246,0
6.29,0.65,0.5102500000000001,0.5102500000000001,387.0,20.329323000315213,73.18556280113476,0
6.3,0.65,0.5091666666666667,0.5091666666666667,389.99999999999994,20.32621071702106,73.17435858127581,0
6.3100000000000005,0.65,0.5080833333333333,0.5080833333333333,393.0000000000001,20.32306754053558,73.16304314592809,0
6.32,0.65,0.507,0.507,396.0000000000001,20.31989347502362,73.15161651008503,0
6.33,0.65,0.5059166666666667,0.5059166666666667,399.0,20.31668852464749,73.14007868873097,0
6.34,0.65,0.5048333333333334,0.5048333333333334,401.99999999999994,20.313452693566948,73.12842969684101,0
6.3500000000000005,0.65,0.5037499999999999,0.5037499999999999,405.00000000000017,20.310185985939185,73.11666954938107,0
6.36,0.65,0.5026666666666667,0.5026666666666667,408.00000000000006,20.3068884059188,73.10479826130769,0
6.37,0.65,0.5015833333333333,0.5015833333333333,411.00000000000006,20.30355995765779,73.09281584756805,0
6.38,0.65,0.5005000000000001,0.5005000000000001,413.99999999999994,20.300200645305516,73.08072232309986,0
6.390000000000001,0.65,0.4994166666666666,0.4994166666666666,417.00000000000017,20.296810473008705,73.06851770283134,0
6.4,0.65,0.4983333333333333,0.4983333333333333,420.0000000000001,20.293389444911416,73.0562020016811,0
6.41,0.65,0.49725,0.49725,423.0,20.28993756515503,73.04377523455811,0
6.42,0.65,0.49616666666666664,0.49616666666666664,426.0,20.286454837878225,73.0312374163616,0
6.43,0.65,0.4950833333333334,0.4950833333333334,428.9999999999999,20.282941267216966,73.01858856198108,0
6.44,0.65,0.49399999999999994,0.49399999999999994,432.0000000000001,20.279396857304476,73.00582868629611,0
6.45,0.65,0.49291666666666667,0.49291666666666667,435.00000000000006,20.275821612271226,72.99295780417641,0
6.46,0.65,0.4918333333333334,0.4918333333333334,438.0,20.272215536244907,72.97997593048167,0
6.47,0.65,0.49075,0.49075,440.99999999999994,20.268578633350426,72.96688308006154,0
6.48,0.65,0.48966666666666664,0.48966666666666664,444.0000000000001,20.26491090770988,72.95367926775556,0
6.49,0.65,0.4885833333333333,0.4885833333333333,447.00000000000006,20.261212363442528,72.9403645083931,0
6.5,0.65,0.48750000000000004,0.48750000000000004,450.0,20.25748300466479,72.92693881679324,0
6.51,0.65,0.48641666666666666,0.48641666666666666,452.99999999999994,20.253722835490215,72.91340220776478,0
6.5200000000000005,0.65,0.4853333333333333,0.4853333333333333,456.0000000000001,20.249931860029474,72.8997546961061,0
6.53,0.65,0.48424999999999996,0.48424999999999996,459.0000000000001,20.246110082390327,72.88599629660519,0
6.54,0.65,0.48316666666666674,0.48316666666666674,462.0,20.24225750667762,72.87212702403944,0
6.55,0.65,0.48208333333333336,0.48208333333333336,464.99999999999994,20.23837413699326,72.85814689317574,0
6.5600000000000005,0.65,0.481,0.481,468.0000000000001,20.234459977436195,72.84405591877031,0
6.57,0.65,0.47991666666666666,0.47991666666666666,471.0000000000001,20.230515032102392,72.82985411556861,0
6.58,0.65,0.4788333333333333,0.4788333333333333,474.00000000000006,20.22653930508483,72.8155414983054,0
6.59,0.65,0.47775000000000006,0.47775000000000006,476.99999999999994,20.222532800473473,72.8011180817045,0
6.6000000000000005,0.65,0.47666666666666657,0.47666666666666657,480.00000000000017,20.218495522355255,72.78658388047891,0
6.61,0.65,0.47558333333333336,0.47558333333333336,483.00000000000006,20.21442747481406,72.77193890933061,0
6.62,0.65,0.4745,0.4745,486.00000000000006,20.210328661930703,72.75718318295053,0
6.63,0.65,0.47341666666666665,0.47341666666666665,489.0,20.20619908778292,72.74231671601852,0
6.640000000000001,0.65,0.47233333333333327,0.47233333333333327,492.00000000000017,20.202038756445337,72.72733952320321,0
6.65,0.65,0.47124999999999995,0.47124999999999995,495.0000000000001,20.197847671989457,72.71225161916205,0
6.66,0.65,0.47016666666666673,0.47016666666666673,498.0,20.193625838483648,72.69705301854114,0
6.67,0.65,0.46908333333333335,0.46908333333333335,501.0,20.18937325999311,72.6817437359752,0
6.68,0.65,0.46799999999999997,0.46799999999999997,503.99999999999994,20.18508994057988,72.66632378608756,0
6.69,0.65,0.46691666666666665,0.46691666666666665,507.0000000000001,20.180775884302783,72.65079318349002,0
6.7,0.65,0.46583333333333327,0.46583333333333327,510.0000000000001,20.176431095217445,72.63515194278281,0
6.71,0.65,0.46475000000000005,0.46475000000000005,513.0,20.172055577376256,72.61940007855452,0
6.72,0.65,0.4636666666666667,0.4636666666666667,515.9999999999999,20.167649334828354,72.60353760538207,0
6.73,0.65,0.46258333333333335,0.46258333333333335,519.0000000000001,20.16321237161961,72.5875645378306,0
6.74,0.65,0.46149999999999997,0.46149999999999997,522.0000000000001,20.158744691792613,72.57148089045342,0
6.75,0.65,0.46041666666666664,0.46041666666666664,525.0,20.154246299386642,72.55528667779191,0
6.76,0.65,0.4593333333333334,0.4593333333333334,527.9999999999999,20.149717198437656,72.53898191437557,0
6.7700000000000005,0.65,0.45824999999999994,0.45824999999999994,531.0000000000002,20.145157392978273,72.52256661472178,0
6.78,0.65,0.4571666666666667,0.4571666666666667,534.0,20.140566887037753,72.50604079333591,0
6.79,0.65,0.45608333333333334,0.45608333333333334,537.0,20.13594568464198,72.48940446471114,0
6.8,0.65,0.45499999999999996,0.45499999999999996,540.0,20.131293789813448,72.47265764332842,0
6.8100000000000005,0.65,0.45391666666666663,0.45391666666666663,543.0000000000001,20.126611206571226,72.45580034365642,0
6.82,0.65,0.45283333333333325,0.45283333333333325,546.0000000000001,20.12189793893096,72.43883258015146,0
6.83,0.65,0.45175000000000004,0.45175000000000004,549.0,20.11715399090485,72.42175436725746,0
6.84,0.65,0.4506666666666667,0.4506666666666667,552.0,20.11237936650162,72.40456571940584,0
6.8500000000000005,0.65,0.44958333333333333,0.44958333333333333,555.0000000000001,20.107574069726518,72.38726665101547,0
6.86,0.65,0.44849999999999995,0.44849999999999995,558.0000000000001,20.102738104581285,72.36985717649263,0
6.87,0.65,0.44741666666666663,0.44741666666666663,561.0000000000001,20.09787147506414,72.35233731023091,0
6.88,0.65,0.4463333333333334,0.4463333333333334,563.9999999999999,20.092974185169762,72.33470706661114,0
6.890000000000001,0.65,0.4452499999999999,0.4452499999999999,567.0000000000002,20.088046238889277,72.3169664600014,0
6.9,0.65,0.4441666666666667,0.4441666666666667,570.0000000000001,20.08308764021023,72.29911550475683,0
6.91,0.65,0.44308333333333333,0.44308333333333333,573.0,20.07809839311658,72.28115421521969,0
6.92,0.65,0.44199999999999995,0.44199999999999995,576.0,20.073078501588668,72.2630826057192,0
6.93,0.65,0.44091666666666673,0.44091666666666673,578.9999999999999,20.068027969603214,72.24490069057157,0
6.94,0.65,0.43983333333333324,0.43983333333333324,582.0000000000001,20.062946801133283,72.22660848407982,0
6.95,0.65,0.43875000000000003,0.43875000000000003,585.0,20.057835000148277,72.20820600053379,0
6.96,0.65,0.4376666666666667,0.4376666666666667,588.0,20.052692570613917,72.1896932542101,0
6.97,0.65,0.4365833333333333,0.4365833333333333,591.0,20.047519516492226,72.17107025937202,0
6.98,0.65,0.43549999999999994,0.43549999999999994,594.0000000000001,20.0423158417415,72.15233703026941,0
6.99,0.65,0.4344166666666666,0.4344166666666666,597.0000000000001,20.03708155031631,72.13349358113871,0
7.0,0.65,0.4333333333333334,0.4333333333333334,600.0,20.031816646167456,72.11453992620285,0
7.01,0.65,0.43225,0.43225,602.9999999999999,20.02652113324198,72.09547607967113,0
7.0200000000000005,0.65,0.4311666666666667,0.4311666666666667,606.0000000000001,20.02119501548313,72.07630205573928,0
7.03,0.65,0.4300833333333333,0.4300833333333333,609.0000000000001,20.015838296830342,72.05701786858923,0
7.04,0.65,0.42899999999999994,0.42899999999999994,612.0,20.010450981219233,72.03762353238923,0
7.05,0.65,0.4279166666666667,0.4279166666666667,614.9999999999999,20.00503307258157,72.01811906129365,0
7.0600000000000005,0.65,0.42683333333333323,0.42683333333333323,618.0000000000002,19.999584574845258,71.99850446944293,0
7.07,0.65,0.42575,0.42575,621.0,19.994105491934327,71.97877977096358,0
7.08,0.65,0.4246666666666667,0.4246666666666667,624.0,19.988595827768908,71.95894497996807,0
7.09,0.65,0.4235833333333333,0.4235833333333333,627.0,19.983055586265216,71.93900011055479,0
7.1000000000000005,0.65,0.42249999999999993,0.42249999999999993,630.0000000000001,19.977484771335533,71.91894517680792,0
7.11,0.65,0.4214166666666666,0.4214166666666666,633.0000000000001,19.97188338688819,71.89878019279749,0
7.12,0.65,0.4203333333333334,0.4203333333333334,636.0,19.96625143682755,71.87850517257918,0
7.13,0.65,0.41925,0.41925,639.0,19.960588925053994,71.85812013019438,0
7.140000000000001,0.65,0.4181666666666667,0.4181666666666667,642.0000000000001,19.95489585546389,71.83762507967,0
7.15,0.65,0.4170833333333333,0.4170833333333333,645.0000000000001,19.94917223194959,71.81702003501853,0
7.16,0.65,0.4159999999999999,0.4159999999999999,648.0000000000001,19.94341805839941,71.79630501023787,0
7.17,0.65,0.4149166666666667,0.4149166666666667,651.0,19.937633338697598,71.77548001931136,0
7.18,0.65,0.4138333333333334,0.4138333333333334,653.9999999999999,19.93181807672434,71.75454507620763,0
7.19,0.65,0.41275,0.41275,657.0000000000001,19.92597227635572,71.73350019488059,0
7.2,0.65,0.4116666666666667,0.4116666666666667,660.0,19.920095941463714,71.71234538926937,0
7.21,0.65,0.4105833333333333,0.4105833333333333,663.0,19.914189075916173,71.69108067329823,0
7.22,0.65,0.4095000000000001,0.4095000000000001,665.9999999999999,19.908251683576797,71.66970606087646,0
7.23,0.65,0.4084166666666666,0.4084166666666666,669.0000000000001,19.90228376830513,71.64822156589847,0
7.24,0.65,0.4073333333333334,0.4073333333333334,672.0,19.896285333956524,71.62662720224348,0
7.25,0.65,0.40625,0.40625,675.0,19.890256384382145,71.60492298377572,0
7.26,0.65,0.4051666666666667,0.4051666666666667,678.0,19.88419692342893,71.58310892434416,0
7.2700000000000005,0.65,0.4040833333333333,0.4040833333333333,681.0000000000001,19.878106954939597,71.56118503778255,0
7.28,0.65,0.4029999999999999,0.4029999999999999,684.0000000000001,19.871986482752597,71.53915133790935,0
7.29,0.65,0.4019166666666667,0.4019166666666667,687.0,19.865835510702123,71.51700783852765,0
7.3,0.65,0.4008333333333334,0.4008333333333334,690.0,19.859654042618075,71.49475455342507,0
7.3100000000000005,0.65,0.39975,0.39975,693.0000000000001,19.85344208232605,71.47239149637379,0
7.32,0.65,0.39866666666666667,0.39866666666666667,696.0000000000001,19.847199633647325,71.44991868113037,0
7.33,0.65,0.3975833333333333,0.3975833333333333,699.0,19.840926700398832,71.4273361214358,0
7.34,0.65,0.3965000000000001,0.3965000000000001,701.9999999999999,19.834623286393153,71.40464383101535,0
7.3500000000000005,0.65,0.3954166666666666,0.3954166666666666,705.0000000000002,19.828289395438492,71.38184182357857,0
7.36,0.65,0.39433333333333337,0.39433333333333337,708.0000000000001,19.82192503133866,71.35893011281918,0
7.37,0.65,0.39325,0.39325,711.0,19.815530197893064,71.33590871241503,0
7.38,0.65,0.39216666666666666,0.39216666666666666,714.0,19.809104898896674,71.31277763602803,0
7.390000000000001,0.65,0.3910833333333333,0.3910833333333333,717.0000000000002,19.802649138140023,71.28953689730409,0
7.4,0.65,0.3899999999999999,0.3899999999999999,720.0000000000001,19.796162919409173,71.26618650987302,0
7.41,0.65,0.3889166666666667,0.3889166666666667,723.0,19.789646246485717,71.24272648734858,0
7.42,0.65,0.38783333333333336,0.38783333333333336,726.0,19.783099123146744,71.21915684332828,0
7.43,0.65,0.38675,0.38675,729.0,19.77652155316483,71.19547759139338,0
7.44,0.65,0.38566666666666666,0.38566666666666666,732.0000000000001,19.76991354030802,71.17168874510888,0
7.45,0.65,0.3845833333333333,0.3845833333333333,735.0000000000001,19.763275088339807,71.14779031802331,0
7.46,0.65,0.38350000000000006,0.38350000000000006,738.0,19.756606201019114,71.1237823236688,0
7.47,0.65,0.3824166666666667,0.3824166666666667,740.9999999999999,19.749906882100287,71.09966477556104,0
7.48,0.65,0.38133333333333336,0.38133333333333336,744.0000000000001,19.743177135333063,71.07543768719903,0
7.49,0.65,0.38025,0.38025,747.0000000000001,19.736416964462563,71.05110107206524,0
7.5,0.65,0.37916666666666665,0.37916666666666665,750.0,19.72962637322927,71.02665494362537,0
7.51,0.65,0.37808333333333344,0.37808333333333344,752.9999999999999,19.722805365369013,71.00209931532845,0
7.5200000000000005,0.65,0.3769999999999999,0.3769999999999999,756.0000000000002,19.71595394461295,70.97743420060662,0
7.53,0.65,0.3759166666666667,0.3759166666666667,759.0,19.709072114687547,70.95265961287517,0
7.54,0.65,0.37483333333333335,0.37483333333333335,762.0,19.702159879314568,70.92777556553244,0
7.55,0.65,0.37374999999999997,0.37374999999999997,765.0,19.695217242211047,70.90278207195978,0
7.5600000000000005,0.65,0.37266666666666665,0.37266666666666665,768.0000000000001,19.688244207089284,70.87767914552143,0
7.57,0.65,0.37158333333333327,0.37158333333333327,771.0000000000001,19.681240777656814,70.85246679956454,0
7.58,0.65,0.37050000000000005,0.37050000000000005,774.0,19.6742069576164,70.82714504741904,0
7.59,0.65,0.36941666666666667,0.36941666666666667,777.0,19.667142750666006,70.80171390239762,0
7.6000000000000005,0.65,0.36833333333333335,0.36833333333333335,780.0000000000001,19.660048160498796,70.77617337779567,0
7.61,0.65,0.36724999999999997,0.36724999999999997,783.0000000000001,19.652923190803097,70.75052348689115,0
7.62,0.65,0.36616666666666664,0.36616666666666664,786.0000000000001,19.64576784526239,70.72476424294462,0
7.63,0.65,0.3650833333333334,0.3650833333333334,788.9999999999999,19.638582127555303,70.6988956591991,0
7.640000000000001,0.65,0.3639999999999999,0.3639999999999999,792.0000000000002,19.63136604135557,70.67291774888005,0
7.65,0.65,0.36291666666666667,0.36291666666666667,795.0000000000001,19.62411959033204,70.64683052519534,0
7.66,0.65,0.36183333333333334,0.36183333333333334,798.0,19.61684277814864,70.6206340013351,0
7.67,0.65,0.36074999999999996,0.36074999999999996,801.0,19.609535608464373,70.59432819047174,0
7.68,0.65,0.35966666666666675,0.35966666666666675,803.9999999999999,19.602198084933285,70.56791310575983,0
7.69,0.65,0.35858333333333325,0.35858333333333325,807.0000000000001,19.594830211204457,70.54138876033605,0
7.7,0.65,0.35750000000000004,0.35750000000000004,810.0,19.587431990921992,70.51475516731918,0
7.71,0.65,0.35641666666666666,0.35641666666666666,813.0,19.580003427724986,70.48801233980996,0
7.72,0.65,0.35533333333333333,0.35533333333333333,816.0,19.572544525247523,70.46116029089109,0
7.73,0.65,0.35424999999999995,0.35424999999999995,819.0000000000001,19.565055287118646,70.43419903362712,0
7.74,0.65,0.35316666666666663,0.35316666666666663,822.0000000000001,19.55753571696235,70.40712858106446,0
7.75,0.65,0.3520833333333334,0.3520833333333334,825.0,19.549985818397552,70.3799489462312,0
7.76,0.65,0.35100000000000003,0.35100000000000003,827.9999999999999,19.542405595038094,70.35266014213714,0
7.7700000000000005,0.65,0.34991666666666665,0.34991666666666665,831.0000000000001,19.534795050492708,70.32526218177375,0
7.78,0.65,0.34883333333333333,0.34883333333333333,834.0000000000001,19.527154188365007,70.29775507811402,0
7.79,0.65,0.34774999999999995,0.34774999999999995,837.0,19.51948301225346,70.27013884411245,0
7.8,0.65,0.34666666666666673,0.34666666666666673,839.9999999999999,19.51178152575139,70.242413492705,0
7.8100000000000005,0.65,0.34558333333333324,0.34558333333333324,843.0000000000002,19.504049732446934,70.21457903680896,0
7.82,0.65,0.34450000000000003,0.34450000000000003,846.0,19.49628763592305,70.18663548932298,0
7.83,0.65,0.34341666666666665,0.34341666666666665,849.0,19.48849523975749,70.15858286312697,0
7.84,0.65,0.3423333333333333,0.3423333333333333,852.0,19.480672547522776,70.13042117108199,0
7.8500000000000005,0.65,0.34124999999999994,0.34124999999999994,855.0000000000001,19.47281956278619,70.10215042603028,0
7.86,0.65,0.3401666666666666,0.3401666666666666,858.0000000000001,19.464936289109755,70.07377064079512,0
7.87,0.65,0.3390833333333334,0.3390833333333334,861.0,19.45702273005022,70.04528182818079,0
7.88,0.65,0.338,0.338,864.0,19.449078889159043,70.01668400097256,0
7.890000000000001,0.65,0.33691666666666664,0.33691666666666664,867.0000000000001,19.44110476998237,69.98797717193654,0
7.9,0.65,0.3358333333333333,0.3358333333333333,870.0000000000001,19.433100376061024,69.95916135381968,0
7.91,0.65,0.33474999999999994,0.33474999999999994,873.0000000000001,19.42506571093048,69.93023655934972,0
7.92,0.65,0.3336666666666667,0.3336666666666667,876.0,19.41700077812085,69.90120280123507,0
7.930000000000001,0.65,0.33258333333333323,0.33258333333333323,879.0000000000002,19.408905581156876,69.87206009216476,0
7.94,0.65,0.3315,0.3315,882.0000000000001,19.400780123557897,69.84280844480843,0
7.95,0.65,0.33041666666666664,0.33041666666666664,885.0,19.392624408837847,69.81344787181625,0
7.96,0.65,0.3293333333333333,0.3293333333333333,888.0,19.384438440505228,69.78397838581883,0
7.97,0.65,0.3282500000000001,0.3282500000000001,890.9999999999999,19.37622222206309,69.75439999942714,0
7.98,0.65,0.3271666666666666,0.3271666666666666,894.0000000000001,19.367975757009035,69.72471272523252,0
7.99,0.65,0.3260833333333334,0.3260833333333334,897.0,19.359699048835168,69.6949165758066,0
8.0,0.65,0.325,0.325,900.0,19.351392101028107,69.66501156370119,0
8.01,0.65,0.32391666666666674,0.32391666666666674,902.9999999999999,19.343054917068955,69.63499770144824,0
8.02,0.65,0.32283333333333336,0.32283333333333336,905.9999999999999,19.334687500433283,69.60487500155982,0
8.03,0.65,0.3217500000000001,0.3217500000000001,908.9999999999998,19.32628985459111,69.574643476528,0
8.040000000000001,0.65,0.3206666666666666,0.3206666666666666,912.0000000000002,19.317861983006896,69.54430313882483,0
8.05,0.65,0.3195833333333333,0.3195833333333333,915.0000000000001,19.309403889139517,69.51385400090227,0
8.06,0.65,0.31849999999999995,0.31849999999999995,918.0000000000002,19.30091557644225,69.4832960751921,0
8.07,0.65,0.3174166666666666,0.3174166666666666,921.0000000000001,19.292397048362755,69.45262937410592,0
8.08,0.65,0.31633333333333336,0.31633333333333336,924.0,19.28384830834306,69.42185391003503,0
8.09,0.65,0.31525,0.31525,927.0,19.275269359819543,69.39096969535035,0
8.1,0.65,0.3141666666666667,0.3141666666666667,929.9999999999999,19.266660206222916,69.3599767424025,0
8.11,0.65,0.31308333333333344,0.31308333333333344,932.9999999999998,19.25802085097821,69.32887506352155,0
8.120000000000001,0.65,0.31199999999999994,0.31199999999999994,936.0000000000002,19.249351297504745,69.29766467101709,0
8.13,0.65,0.31091666666666656,0.31091666666666656,939.0000000000003,19.24065154921614,69.2663455771781,0
8.14,0.65,0.3098333333333333,0.3098333333333333,942.0000000000002,19.231921609520267,69.23491779427296,0
8.15,0.65,0.30874999999999997,0.30874999999999997,945.0,19.22316148181925,69.2033813345493,0
8.16,0.65,0.30766666666666664,0.30766666666666664,948.0000000000001,19.214371169509448,69.17173621023402,0
8.17,0.65,0.3065833333333334,0.3065833333333334,951.0,19.20555067598143,69.13998243353315,0
8.18,0.65,0.30550000000000005,0.30550000000000005,953.9999999999999,19.196700004619974,69.1081200166319,0
8.19,0.65,0.3044166666666667,0.3044166666666667,956.9999999999999,19.187819158804025,69.0761489716945,0
8.2,0.65,0.3033333333333334,0.3033333333333334,959.9999999999998,19.1789081419067,69.04406931086412,0
8.21,0.65,0.3022499999999999,0.3022499999999999,963.0000000000002,19.169966957295262,69.01188104626294,0
8.22,0.65,0.30116666666666664,0.30116666666666664,966.0000000000001,19.16099560833111,68.979584189992,0
8.23,0.65,0.30008333333333326,0.30008333333333326,969.0000000000002,19.151994098369748,68.9471787541311,0
8.24,0.65,0.299,0.299,972.0000000000001,19.142962430760786,68.91466475073884,0
8.25,0.65,0.2979166666666667,0.2979166666666667,974.9999999999999,19.13390060884791,68.88204219185248,0
8.26,0.65,0.29683333333333334,0.29683333333333334,978.0,19.124808635968865,68.84931108948791,0
8.27,0.65,0.29575000000000007,0.29575000000000007,980.9999999999999,19.115686515455454,68.81647145563964,0
8.28,0.65,0.29466666666666674,0.29466666666666674,983.9999999999998,19.1065342506335,68.78352330228061,0
8.290000000000001,0.65,0.29358333333333325,0.29358333333333325,987.0000000000002,19.097351844822846,68.75046664136225,0
8.3,0.65,0.2924999999999999,0.2924999999999999,990.0000000000002,19.088139301337325,68.71730148481437,0
8.31,0.65,0.2914166666666666,0.2914166666666666,993.0000000000001,19.078896623484756,68.68402784454513,0
8.32,0.65,0.29033333333333333,0.29033333333333333,996.0,19.069623814566917,68.6506457324409,0
8.33,0.65,0.28924999999999995,0.28924999999999995,999.0000000000001,19.060320877879533,68.61715516036632,0
8.34,0.65,0.2881666666666667,0.2881666666666667,1002.0,19.050987816712258,68.58355614016413,0
8.35,0.65,0.2870833333333334,0.2870833333333334,1004.9999999999998,19.04162463434866,68.54984868365518,0
8.36,0.65,0.28600000000000003,0.28600000000000003,1007.9999999999999,19.032231334066203,68.51603280263834,0
8.370000000000001,0.65,0.28491666666666654,0.28491666666666654,1011.0000000000003,19.02280791913623,68.48210850889043,0
8.38,0.65,0.28383333333333327,0.28383333333333327,1014.0000000000002,19.013354392823942,68.44807581416619,0
8.39,0.65,0.28274999999999995,0.28274999999999995,1017.0000000000001,19.00387075838839,68.4139347301982,0
8.4,0.65,0.2816666666666666,0.2816666666666666,1020.0000000000002,18.99435701908246,68.37968526869686,0
8.41,0.65,0.28058333333333335,0.28058333333333335,1023.0,18.98481317815284,68.34532744135024,0
8.42,0.65,0.2795,0.2795,1026.0,18.975239238840018,68.31086125982407,0
8.43,0.65,0.2784166666666667,0.2784166666666667,1029.0,18.96563520437826,68.27628673576173,0
8.44,0.65,0.2773333333333334,0.2773333333333334,1031.9999999999998,18.95600107799559,68.24160388078413,0
8.45,0.65,0.2762500000000001,0.2762500000000001,1034.9999999999998,18.946336862913792,68.20681270648966,0
8.46,0.65,0.2751666666666666,0.2751666666666666,1038.0000000000002,18.936642562348364,68.17191322445412,0
8.47,0.65,0.27408333333333323,0.27408333333333323,1041.0000000000002,18.926918179508522,68.13690544623068,0
8.48,0.65,0.27299999999999996,0.27299999999999996,1044.0000000000002,18.91716371759718,68.10178938334985,0
8.49,0.65,0.2719166666666667,0.2719166666666667,1047.0,18.907379179810924,68.06656504731933,0
8.5,0.65,0.2708333333333333,0.2708333333333333,1050.0,18.89756456934001,68.03123244962403,0
8.51,0.65,0.26975000000000005,0.26975000000000005,1053.0,18.887719889368334,67.99579160172601,0
8.52,0.65,0.2686666666666667,0.2686666666666667,1055.9999999999998,18.877845143073426,67.96024251506434,0
8.53,0.65,0.2675833333333334,0.2675833333333334,1058.9999999999998,18.867940333626425,67.92458520105514,0
8.540000000000001,0.65,0.2664999999999999,0.2664999999999999,1062.0000000000005,18.85800546419207,67.88881967109145,0
8.55,0.65,0.2654166666666666,0.2654166666666666,1065.0000000000002,18.848040537928668,67.85294593654321,0
8.56,0.65,0.2643333333333333,0.2643333333333333,1068.0,18.838045557988103,67.81696400875717,0
8.57,0.65,0.26324999999999993,0.26324999999999993,1071.0000000000002,18.8280205275158,67.78087389905689,0
8.58,0.65,0.26216666666666666,0.26216666666666666,1074.0,18.817965449650707,67.74467561874255,0
8.59,0.65,0.2610833333333334,0.2610833333333334,1077.0,18.807880327525293,67.70836917909105,0
8.6,0.65,0.26,0.26,1080.0,18.79776516426552,67.67195459135587,0
8.61,0.65,0.25891666666666674,0.25891666666666674,1082.9999999999998,18.78761996299083,67.635431866767,0
8.620000000000001,0.65,0.25783333333333325,0.25783333333333325,1086.0000000000002,18.777444726814128,67.59880101653086,0
8.63,0.65,0.2567499999999999,0.2567499999999999,1089.0000000000002,18.767239458841765,67.56206205183035,0
8.64,0.65,0.2556666666666666,0.2556666666666666,1092.0000000000002,18.757004162173523,67.52521498382468,0
8.65,0.65,0.25458333333333333,0.25458333333333333,1095.0,18.746738839902598,67.48825982364936,0
8.66,0.65,0.2535,0.2535,1098.0,18.73644349511558,67.45119658241609,0
8.67,0.65,0.2524166666666667,0.2524166666666667,1101.0,18.726118130892445,67.41402527121281,0
8.68,0.65,0.25133333333333335,0.25133333333333335,1104.0,18.715762750306528,67.3767459011035,0
8.69,0.65,0.2502500000000001,0.2502500000000001,1106.9999999999998,18.70537735642451,67.33935848312824,0
8.700000000000001,0.65,0.2491666666666666,0.2491666666666666,1110.0000000000002,18.694961952306407,67.30186302830307,0
8.71,0.65,0.24808333333333324,0.24808333333333324,1113.0000000000002,18.68451654100555,67.26425954761999,0
8.72,0.65,0.24699999999999994,0.24699999999999994,1116.0000000000002,18.674041125568564,67.22654805204684,0
8.73,0.65,0.24591666666666664,0.24591666666666664,1119.0,18.663535709035358,67.1887285525273,0
8.74,0.65,0.2448333333333333,0.2448333333333333,1122.0000000000002,18.653000294439106,67.15080105998078,0
8.75,0.65,0.24375000000000002,0.24375000000000002,1125.0,18.642434884806228,67.11276558530243,0
8.76,0.65,0.24266666666666672,0.24266666666666672,1127.9999999999998,18.631839483156377,67.07462213936296,0
8.77,0.65,0.24158333333333337,0.24158333333333337,1131.0,18.621214092502424,67.03637073300872,0
8.78,0.65,0.24050000000000007,0.24050000000000007,1133.9999999999998,18.610558715850434,66.99801137706156,0
8.790000000000001,0.65,0.23941666666666658,0.23941666666666658,1137.0000000000002,18.59987335619966,66.95954408231877,0
8.8,0.65,0.23833333333333329,0.23833333333333329,1140.0000000000002,18.589158016542513,66.92096885955304,0
8.81,0.65,0.23724999999999993,0.23724999999999993,1143.0000000000002,18.57841269986456,66.88228571951242,0
8.82,0.65,0.23616666666666664,0.23616666666666664,1146.0,18.567637409144503,66.84349467292022,0
8.83,0.65,0.23508333333333337,0.23508333333333337,1149.0,18.556832147354154,66.80459573047496,0
8.84,0.65,0.23399999999999999,0.23399999999999999,1152.0,18.545996917458428,66.76558890285034,0
8.85,0.65,0.23291666666666672,0.23291666666666672,1155.0,18.53513172241533,66.7264742006952,0
8.86,0.65,0.23183333333333342,0.23183333333333342,1157.9999999999998,18.52423656517592,66.68725163463331,0
8.870000000000001,0.65,0.23074999999999993,0.23074999999999993,1161.0000000000002,18.51331144868432,66.64792121526355,0
8.88,0.65,0.22966666666666657,0.22966666666666657,1164.0000000000002,18.50235637587768,66.60848295315965,0
8.89,0.65,0.22858333333333328,0.22858333333333328,1167.0000000000002,18.491371349686172,66.56893685887022,0
8.9,0.65,0.22749999999999998,0.22749999999999998,1170.0,18.48035637303297,66.52928294291868,0
8.91,0.65,0.22641666666666663,0.22641666666666663,1173.0,18.469311448834222,66.48952121580321,0
8.92,0.65,0.22533333333333336,0.22533333333333336,1176.0,18.458236579999067,66.44965168799665,0
8.93,0.65,0.22425000000000006,0.22425000000000006,1178.9999999999998,18.447131769429575,66.40967436994647,0
8.94,0.65,0.2231666666666667,0.2231666666666667,1182.0,18.435997020020764,66.36958927207475,0
8.950000000000001,0.65,0.2220833333333332,0.2220833333333332,1185.0000000000005,18.42483233466057,66.32939640477807,0
8.96,0.65,0.22099999999999992,0.22099999999999992,1188.0000000000002,18.413637716229832,66.2890957784274,0
8.97,0.65,0.21991666666666662,0.21991666666666662,1191.0000000000002,18.402413167602273,66.24868740336818,0
8.98,0.65,0.21883333333333327,0.21883333333333327,1194.0000000000002,18.39115869164449,66.20817128992016,0
8.99,0.65,0.21774999999999997,0.21774999999999997,1197.0,18.37987429121593,66.16754744837735,0
9.0,0.65,0.2166666666666667,0.2166666666666667,1200.0,18.36855996916889,66.126815889008,0
9.01,0.65,0.21558333333333335,0.21558333333333335,1203.0,18.35721572834847,66.0859766220545,0
9.02,0.65,0.21450000000000005,0.21450000000000005,1205.9999999999998,18.345841571592597,66.04502965773335,0
9.03,0.65,0.21341666666666675,0.21341666666666675,1208.9999999999998,18.334437501731966,66.00397500623508,0
9.040000000000001,0.65,0.21233333333333326,0.21233333333333326,1212.0000000000002,18.323003521590056,65.9628126777242,0
9.05,0.65,0.2112499999999999,0.2112499999999999,1215.0000000000002,18.311539633983106,65.92154268233918,0
9.06,0.65,0.2101666666666666,0.2101666666666666,1218.0000000000002,18.30004584172008,65.88016503019229,0
9.07,0.65,0.20908333333333334,0.20908333333333334,1221.0,18.288522147602684,65.83867973136967,0
9.08,0.65,0.20799999999999996,0.20799999999999996,1224.0,18.276968554425316,65.79708679593114,0
9.09,0.65,0.2069166666666667,0.2069166666666667,1227.0,18.265385064975078,65.75538623391029,0
9.1,0.65,0.2058333333333334,0.2058333333333334,1229.9999999999998,18.253771682031733,65.71357805531424,0
9.11,0.65,0.20475000000000004,0.20475000000000004,1233.0,18.242128408367716,65.67166227012378,0
9.120000000000001,0.65,0.20366666666666655,0.20366666666666655,1236.0000000000005,18.230455246748093,65.62963888829314,0
9.13,0.65,0.20258333333333325,0.20258333333333325,1239.0000000000002,18.218752199930563,65.58750791975002,0
9.14,0.65,0.20149999999999996,0.20149999999999996,1242.0,18.207019270665434,65.54526937439556,0
9.15,0.65,0.2004166666666666,0.2004166666666666,1245.0000000000002,18.195256461695603,65.50292326210418,0
9.16,0.65,0.19933333333333333,0.19933333333333333,1248.0,18.18346377575655,65.46046959272358,0
9.17,0.65,0.19825000000000004,0.19825000000000004,1251.0,18.17164121557631,65.41790837607472,0
9.18,0.65,0.19716666666666668,0.19716666666666668,1254.0,18.15978878387547,65.37523962195169,0
9.19,0.65,0.1960833333333334,0.1960833333333334,1256.9999999999998,18.147906483367134,65.33246334012168,0
9.200000000000001,0.65,0.1949999999999999,0.1949999999999999,1260.0000000000002,18.13599431675693,65.28957954032495,0
9.21,0.65,0.1939166666666666,0.1939166666666666,1263.0000000000002,18.12405228674297,65.24658823227469,0
9.22,0.65,0.19283333333333325,0.19283333333333325,1266.0000000000002,18.11208039601586,65.2034894256571,0
9.23,0.65,0.19174999999999995,0.19174999999999995,1269.0000000000002,18.100078647258655,65.16028313013116,0
9.24,0.65,0.19066666666666668,0.19066666666666668,1272.0,18.088047043146865,65.11696935532872,0
9.25,0.65,0.18958333333333333,0.18958333333333333,1275.0,18.07598558634843,65.07354811085435,0
9.26,0.65,0.18850000000000003,0.18850000000000003,1278.0,18.063894279523705,65.03001940628533,0
9.27,0.65,0.18741666666666673,0.18741666666666673,1280.9999999999998,18.05177312532544,64.98638325117159,0
9.28,0.65,0.18633333333333338,0.18633333333333338,1283.9999999999998,18.03962212639877,64.94263965503556,0
9.290000000000001,0.65,0.1852499999999999,0.1852499999999999,1287.0000000000005,18.02744128538119,64.89878862737228,0
9.3,0.65,0.1841666666666666,0.1841666666666666,1290.0000000000002,18.015230604902555,64.8548301776492,0
9.31,0.65,0.18308333333333332,0.18308333333333332,1293.0,18.002990087585047,64.81076431530617,0
9.32,0.65,0.18199999999999994,0.18199999999999994,1296.0000000000002,17.990719736043168,64.7665910497554,0
9.33,0.65,0.18091666666666667,0.18091666666666667,1299.0,17.978419552883718,64.72231039038138,0
9.34,0.65,0.17983333333333337,0.17983333333333337,1302.0,17.966089540705784,64.67792234654083,0
9.35,0.65,0.17875000000000002,0.17875000000000002,1305.0,17.953729702100723,64.63342692756261,0
9.36,0.65,0.17766666666666672,0.17766666666666672,1307.9999999999998,17.94134003965214,64.58882414274771,0
9.370000000000001,0.65,0.17658333333333323,0.17658333333333323,1311.0000000000002,17.928920555935882,64.54411400136918,0
9.38,0.65,0.17549999999999993,0.17549999999999993,1314.0000000000002,17.91647125352001,64.49929651267205,0
9.39,0.65,0.17441666666666658,0.17441666666666658,1317.0000000000002,17.9039921349648,64.45437168587328,0
9.4,0.65,0.1733333333333333,0.1733333333333333,1320.0,17.891483202822698,64.40933953016172,0
9.41,0.65,0.17225000000000001,0.17225000000000001,1323.0,17.87894445963834,64.36420005469803,0
9.42,0.65,0.17116666666666666,0.17116666666666666,1326.0,17.866375907948505,64.31895326861462,0
9.43,0.65,0.17008333333333336,0.17008333333333336,1329.0,17.853777550282118,64.27359918101563,0
9.44,0.65,0.1690000000000001,0.1690000000000001,1331.9999999999998,17.841149389160226,64.22813780097681,0
9.450000000000001,0.65,0.16791666666666658,0.16791666666666658,1335.0000000000002,17.82849142709598,64.18256913754553,0
9.46,0.65,0.16683333333333322,0.16683333333333322,1338.0000000000002,17.815803666594626,64.13689319974065,0
9.47,0.65,0.16574999999999993,0.16574999999999993,1341.0000000000002,17.80308611015348,64.09110999655253,0
9.48,0.65,0.16466666666666666,0.16466666666666666,1344.0,17.79033876026192,64.04521953694292,0
9.49,0.65,0.1635833333333333,0.1635833333333333,1347.0000000000002,17.777561619401368,63.99922182984493,0
9.5,0.65,0.1625,0.1625,1350.0,17.764754690045265,63.95311688416296,0
9.51,0.65,0.1614166666666667,0.1614166666666667,1352.9999999999998,17.751917974659072,63.906904708772664,0
9.52,0.65,0.16033333333333336,0.16033333333333336,1356.0,17.73905147570024,63.86058531252087,0
9.53,0.65,0.15925000000000009,0.15925000000000009,1358.9999999999998,17.726155195618194,63.8141587042255,0
9.540000000000001,0.65,0.15816666666666657,0.15816666666666657,1362.0000000000002,17.713229136854327,63.76762489267558,0
9.55,0.65,0.1570833333333333,0.1570833333333333,1365.0000000000002,17.70027330184197,63.720983886631096,0
9.56,0.65,0.15599999999999992,0.15599999999999992,1368.0000000000002,17.687287693006393,63.67423569482302,0
9.57,0.65,0.15491666666666665,0.15491666666666665,1371.0,17.674272312764774,63.62738032595319,0
9.58,0.65,0.15383333333333335,0.15383333333333335,1374.0,17.66122716352619,63.58041778869428,0
9.59,0.65,0.15275,0.15275,1377.0,17.648152247691595,63.533348091689746,0
9.6,0.65,0.1516666666666667,0.1516666666666667,1380.0,17.635047567653814,63.486171243553734,0
9.61,0.65,0.15058333333333343,0.15058333333333343,1382.9999999999998,17.62191312579752,63.43888725287107,0
9.620000000000001,0.65,0.1494999999999999,0.1494999999999999,1386.0000000000002,17.608748924499217,63.39149612819718,0
9.63,0.65,0.14841666666666656,0.14841666666666656,1389.0000000000002,17.595554966127228,63.34399787805802,0
9.64,0.65,0.1473333333333333,0.1473333333333333,1392.0000000000002,17.582331253041673,63.29639251095002,0
9.65,0.65,0.14625,0.14625,1395.0,17.56907778759446,63.24868003534005,0
9.66,0.65,0.14516666666666664,0.14516666666666664,1398.0,17.555794572129265,63.20086045966536,0
9.67,0.65,0.14408333333333334,0.14408333333333334,1401.0,17.542481608981518,63.152933792333464,0
9.68,0.65,0.14300000000000007,0.14300000000000007,1403.9999999999998,17.52913890047838,63.10490004172217,0
9.69,0.65,0.1419166666666667,0.1419166666666667,1407.0,17.515766448938738,63.05675921617946,0
9.700000000000001,0.65,0.1408333333333332,0.1408333333333332,1410.0000000000005,17.502364256673182,63.00851132402346,0
9.71,0.65,0.1397499999999999,0.1397499999999999,1413.0000000000002,17.488932325983992,62.960156373542375,0
9.72,0.65,0.13866666666666663,0.13866666666666663,1416.0000000000002,17.475470659165115,62.91169437299442,0
9.73,0.65,0.13758333333333328,0.13758333333333328,1419.0000000000002,17.461979258502158,62.86312533060777,0
9.74,0.65,0.13649999999999998,0.13649999999999998,1422.0,17.448458126272367,62.81444925458052,0
9.75,0.65,0.13541666666666669,0.13541666666666669,1425.0,17.434907264744613,62.76566615308061,0
9.76,0.65,0.13433333333333333,0.13433333333333333,1428.0,17.421326676179376,62.716776034245754,0
9.77,0.65,0.13325000000000006,0.13325000000000006,1430.9999999999998,17.407716362828722,62.6677789061834,0
9.78,0.65,0.13216666666666677,0.13216666666666677,1433.9999999999998,17.3940763269363,62.618674776970686,0
9.790000000000001,0.65,0.13108333333333327,0.13108333333333327,1437.0000000000002,17.380406570737318,62.56946365465434,0
9.8,0.65,0.1299999999999999,0.1299999999999999,1440.0000000000002,17.36670709645852,62.52014554725067,0
9.81,0.65,0.12891666666666662,0.12891666666666662,1443.0000000000002,17.352977906318184,62.47072046274546,0
9.82,0.65,0.12783333333333333,0.12783333333333333,1446.0,17.339219002526104,62.42118840909397,0
9.83,0.65,0.12674999999999997,0.12674999999999997,1449.0,17.32543038728356,62.37154939422082,0
9.84,0.65,0.12566666666666668,0.12566666666666668,1452.0,17.311612062783322,62.32180342601996,0
9.85,0.65,0.12458333333333341,0.12458333333333341,1454.9999999999998,17.297764031209613,62.27195051235461,0
9.86,0.65,0.12350000000000004,0.12350000000000004,1458.0,17.28388629473811,62.2219906610572,0
9.870000000000001,0.65,0.12241666666666653,0.12241666666666653,1461.0000000000005,17.269978855535918,62.1719238799293,0
9.88,0.65,0.12133333333333325,0.12133333333333325,1464.0000000000002,17.25604171576156,62.12175017674162,0
9.89,0.65,0.12024999999999997,0.12024999999999997,1467.0,17.242074877564963,62.07146955923387,0
9.9,0.65,0.1191666666666666,0.1191666666666666,1470.0000000000002,17.22807834308743,62.021082035114745,0
9.91,0.65,0.11808333333333332,0.11808333333333332,1473.0,17.21405211446163,61.97058761206187,0
9.92,0.65,0.11700000000000003,0.11700000000000003,1476.0,17.19999619381159,61.91998629772172,0
9.93,0.65,0.11591666666666668,0.11591666666666668,1479.0,17.18591058325267,61.86927809970962,0
9.94,0.65,0.11483333333333338,0.11483333333333338,1481.9999999999998,17.17179528489155,61.81846302560959,0
9.950000000000001,0.65,0.11374999999999989,0.11374999999999989,1485.0000000000002,17.157650300826212,61.76754108297437,0
9.96,0.65,0.1126666666666666,0.1126666666666666,1488.0000000000002,17.143475633145925,61.716512279325336,0
9.97,0.65,0.11158333333333324,0.11158333333333324,1491.0000000000002,17.12927128393123,61.665376622152436,0
9.98,0.65,0.11049999999999996,0.11049999999999996,1494.0000000000002,17.115037255253927,61.61413411891414,0
9.99,0.65,0.10941666666666668,0.10941666666666668,1497.0,17.10077354917705,61.56278477703738,0
10.0,0.65,0.10833333333333331,0.10833333333333331,1500.0,17.086480167754853,61.51132860391748,0
10.01,0.65,0.10725000000000003,0.10725000000000003,1503.0,17.072157113032812,61.459765606918126,0
10.02,0.65,0.10616666666666674,0.10616666666666674,1505.9999999999998,17.05780438704758,61.40809579337129,0
10.03,0.65,0.10508333333333338,0.10508333333333338,1508.9999999999998,17.04342199182699,61.35631917057716,0
10.040000000000001,0.65,0.10399999999999988,0.10399999999999988,1512.0000000000005,17.029009929390035,61.30443574580413,0
10.05,0.65,0.10291666666666659,0.10291666666666659,1515.0000000000002,17.014568201746854,61.252445526288675,0
10.06,0.65,0.1018333333333333,0.1018333333333333,1518.0,17.00009681089871,61.20034851923536,0
10.07,0.65,0.10074999999999995,0.10074999999999995,1521.0000000000002,16.985595758837977,61.14814473181672,0
10.08,0.65,0.09966666666666667,0.09966666666666667,1524.0,16.971065047548127,61.09583417117326,0
10.09,0.65,0.09858333333333337,0.09858333333333337,1527.0,16.956504679003707,61.04341684441335,0
10.1,0.65,0.09750000000000002,0.09750000000000002,1530.0,16.941914655170333,60.9908927586132,0
10.11,0.65,0.09641666666666673,0.09641666666666673,1532.9999999999998,16.927294978004667,60.93826192081681,0
10.120000000000001,0.65,0.09533333333333323,0.09533333333333323,1536.0000000000002,16.912645649454397,60.88552433803583,0
10.13,0.65,0.09424999999999994,0.09424999999999994,1539.0000000000002,16.897966671458235,60.83268001724965,0
10.14,0.65,0.09316666666666658,0.09316666666666658,1542.0000000000002,16.883258045945887,60.77972896540519,0
10.15,0.65,0.0920833333333333,0.0920833333333333,1545.0,16.86851977483804,60.726671189416955,0
10.16,0.65,0.09100000000000001,0.09100000000000001,1548.0,16.853751860046362,60.6735066961669,0
10.17,0.65,0.08991666666666666,0.08991666666666666,1551.0,16.838954303473454,60.620235492504435,0
10.18,0.65,0.08883333333333336,0.08883333333333336,1554.0,16.824127107012863,60.56685758524631,0
10.19,0.65,0.08775000000000008,0.08775000000000008,1556.9999999999998,16.809270272549057,60.51337298117661,0
10.200000000000001,0.65,0.08666666666666657,0.08666666666666657,1560.0000000000002,16.794383801957405,60.45978168704666,0
10.21,0.65,0.08558333333333322,0.08558333333333322,1563.0000000000002,16.77946769710416,60.40608370957498,0
10.22,0.65,0.08449999999999994,0.08449999999999994,1566.0000000000002,16.76452195984645,60.35227905544723,0
10.23,0.65,0.08341666666666665,0.08341666666666665,1569.0,16.749546592032267,60.29836773131616,0
10.24,0.65,0.08233333333333329,0.08233333333333329,1572.0000000000002,16.734541595500428,60.24434974380154,0
10.25,0.65,0.08125,0.08125,1575.0,16.71950697208058,60.19022509949009,0
10.26,0.65,0.08016666666666672,0.08016666666666672,1577.9999999999998,16.704442723593182,60.13599380493546,0
10.27,0.65,0.07908333333333335,0.07908333333333335,1581.0,16.68934885184948,60.08165586665813,0
10.28,0.65,0.07800000000000007,0.07800000000000007,1583.9999999999998,16.674225358651498,60.02721129114539,0
10.290000000000001,0.65,0.07691666666666656,0.07691666666666656,1587.0000000000002,16.659072245792018,59.97266008485126,0
10.3,0.65,0.07583333333333328,0.07583333333333328,1590.0000000000002,16.643889515054568,59.918002254196445,0
10.31,0.65,0.07474999999999993,0.07474999999999993,1593.0000000000002,16.628677168213404,59.863237805568254,0
10.32,0.65,0.07366666666666664,0.07366666666666664,1596.0,16.613435207033493,59.808366745320576,0
10.33,0.65,0.07258333333333335,0.07258333333333335,1599.0,16.5981636332705,59.7533890797738,0
10.34,0.65,0.0715,0.0715,1602.0,16.582862448670763,59.69830481521475,0
10.35,0.65,0.07041666666666671,0.07041666666666671,1605.0,16.567531654971294,59.64311395789666,0
10.36,0.65,0.06933333333333343,0.06933333333333343,1607.9999999999998,16.552171253899747,59.58781651403909,0
10.370000000000001,0.65,0.06824999999999992,0.06824999999999992,1611.0000000000002,16.53678124717441,59.53241248982788,0
10.38,0.65,0.06716666666666656,0.06716666666666656,1614.0000000000002,16.521361636504192,59.476901891415096,0
10.39,0.65,0.06608333333333327,0.06608333333333327,1617.0000000000002,16.505912423588594,59.42128472491894,0
10.4,0.65,0.06499999999999999,0.06499999999999999,1620.0,16.490433610117705,59.36556099642374,0
10.41,0.65,0.06391666666666664,0.06391666666666664,1623.0,16.474925197772183,59.30973071197986,0
10.42,0.65,0.06283333333333334,0.06283333333333334,1626.0,16.45938718822324,59.25379387760366,0
10.43,0.65,0.061750000000000055,0.061750000000000055,1628.9999999999998,16.44381958313262,59.19775049927743,0
10.44,0.65,0.060666666666666695,0.060666666666666695,1632.0,16.42822238415259,59.14160058294933,0
10.450000000000001,0.65,0.0595833333333332,0.0595833333333332,1635.0000000000005,16.412595592925925,59.08534413453333,0
10.46,0.65,0.058499999999999906,0.058499999999999906,1638.0000000000002,16.39693921108588,59.028981159909165,0
10.47,0.65,0.05741666666666662,0.05741666666666662,1641.0000000000002,16.38125324025619,58.97251166492228,0
10.48,0.65,0.05633333333333326,0.05633333333333326,1644.0000000000002,16.365537682051045,58.91593565538376,0
10.49,0.65,0.05524999999999998,0.05524999999999998,1647.0,16.34979253807508,58.85925313707028,0
10.5,0.65,0.05416666666666669,0.05416666666666669,1650.0,16.334017809923342,58.802464115724035,0
10.51,0.65,0.05308333333333334,0.05308333333333334,1653.0,16.3182134991813,58.74556859705268,0
10.52,0.65,0.052000000000000046,0.052000000000000046,1655.9999999999998,16.30237960742481,58.68856658672932,0
10.53,0.65,0.05091666666666676,0.05091666666666676,1658.9999999999998,16.286516136220108,58.63145809039239,0
10.540000000000001,0.65,0.04983333333333326,0.04983333333333326,1662.0000000000002,16.270623087123784,58.57424311364562,0
10.55,0.65,0.0487499999999999,0.0487499999999999,1665.0000000000002,16.25470046168278,58.51692166205801,0
10.56,0.65,0.047666666666666614,0.047666666666666614,1668.0000000000002,16.238748261434367,58.45949374116372,0
10.57,0.65,0.04658333333333333,0.04658333333333333,1671.0,16.222766487906124,58.40195935646205,0
10.58,0.65,0.04549999999999997,0.04549999999999997,1674.0,16.20675514261593,58.34431851341735,0
10.59,0.65,0.04441666666666668,0.04441666666666668,1677.0,16.190714227071943,58.286571217459,0
10.6,0.65,0.0433333333333334,0.0433333333333334,1679.9999999999998,16.174643742772595,58.22871747398134,0
10.61,0.65,0.04225000000000004,0.04225000000000004,1683.0,16.158543691206557,58.17075728834361,0
10.620000000000001,0.65,0.04116666666666654,0.04116666666666654,1686.0000000000005,16.142414073852734,58.11269066586984,0
10.63,0.65,0.04008333333333325,0.04008333333333325,1689.0000000000002,16.126254892180253,58.05451761184891,0
10.64,0.65,0.038999999999999965,0.038999999999999965,1692.0,16.110066147648443,57.9962381315344,0
10.65,0.65,0.037916666666666606,0.037916666666666606,1695.0000000000002,16.09384784170681,57.93785223014452,0
10.66,0.65,0.03683333333333332,0.03683333333333332,1698.0,16.077599975795042,57.87935991286216,0
10.67,0.65,0.03575000000000003,0.03575000000000003,1701.0,16.061322551342972,57.8207611848347,0
10.68,0.65,0.03466666666666667,0.03466666666666667,1704.0,16.04501556977057,57.76205605117405,0
10.69,0.65,0.03358333333333339,0.03358333333333339,1706.9999999999998,16.02867903248793,57.703244516956545,0
10.700000000000001,0.65,0.03249999999999988,0.03249999999999988,1710.0000000000002,16.012312940895253,57.64432658722291,0
10.71,0.65,0.0314166666666666,0.0314166666666666,1713.0000000000002,15.995917296382826,57.585302266978175,0
10.72,0.65,0.03033333333333324,0.03033333333333324,1716.0000000000002,15.979492100331013,57.526171561191646,0
10.73,0.65,0.029249999999999953,0.029249999999999953,1719.0000000000002,15.963037354110234,57.466934474796844,0
10.74,0.65,0.02816666666666667,0.02816666666666667,1722.0,15.94655305908095,57.40759101269142,0
10.75,0.65,0.02708333333333331,0.02708333333333331,1725.0,15.930039216593647,57.34814117973713,0
10.76,0.65,0.026000000000000023,0.026000000000000023,1728.0,15.913495827988825,57.28858498075977,0
10.77,0.65,0.024916666666666736,0.024916666666666736,1730.9999999999998,15.896922894596974,57.22892242054911,0
10.78,0.65,0.02383333333333338,0.02383333333333338,1733.9999999999998,15.880320417738561,57.16915350385882,0
10.790000000000001,0.65,0.022749999999999878,0.022749999999999878,1737.0000000000005,15.863688398724019,57.10927823540647,0
10.8,0.65,0.02166666666666659,0.02166666666666659,1740.0000000000002,15.847026838853722,57.0492966198734,0
10.81,0.65,0.020583333333333304,0.020583333333333304,1743.0,15.830335739417977,56.98920866190472,0
10.82,0.65,0.019499999999999944,0.019499999999999944,1746.0000000000002,15.813615101697005,56.92901436610922,0
10.83,0.65,0.01841666666666666,0.01841666666666666,1749.0,15.796864926960923,56.86871373705932,0
10.84,0.65,0.017333333333333374,0.017333333333333374,1752.0,15.78008521646973,56.80830677929103,0
10.85,0.65,0.016250000000000014,0.016250000000000014,1755.0,15.763275971473295,56.74779349730386,0
10.86,0.65,0.01516666666666673,0.01516666666666673,1757.9999999999998,15.74643719321133,56.68717389556079,0
10.870000000000001,0.65,0.014083333333333226,0.014083333333333226,1761.0000000000002,15.729568882913386,56.62644797848819,0
10.88,0.65,0.01299999999999994,0.01299999999999994,1764.0000000000002,15.712671041798828,56.56561575047578,0
10.89,0.65,0.01191666666666658,0.01191666666666658,1767.0000000000002,15.695743671076828,56.50467721587658,0
10.9,0.65,0.010833333333333296,0.010833333333333296,1770.0,15.67878677194634,56.44363237900683,0
10.91,0.65,0.009750000000000009,0.009750000000000009,1773.0,15.66180034559609,56.38248124414592,0
10.92,0.65,0.00866666666666665,0.00866666666666665,1776.0,15.644784393204558,56.32122381553641,0
10.93,0.65,0.007583333333333365,0.007583333333333365,1779.0,15.62773891593996,56.25986009738386,0
10.94,0.65,0.006500000000000078,0.006500000000000078,1781.9999999999998,15.610663914960234,56.198390093856844,0
10.950000000000001,0.65,0.005416666666666576,0.005416666666666576,1785.0000000000002,15.593559391413027,56.1368138090869,0
10.96,0.65,0.004333333333333217,0.004333333333333217,1788.0000000000002,15.576425346435675,56.07513124716843,0
10.97,0.65,0.003249999999999931,0.003249999999999931,1791.0000000000002,15.559261781155184,56.013342412158664,0
10.98,0.65,0.0021666666666666444,0.0021666666666666444,1794.0,15.542068696688224,55.951447308077604,0
10.99,0.65,0.0010833333333332862,0.0010833333333332862,1797.0000000000002,15.524846094141102,55.88944593890797,0
11.0,0.65,0.0,0.0,1800.0,15.507593974609753,55.82733830859511,0
11.01,0.65,0.0,0.0,1800.0,15.490312339179722,55.765124421047,0
11.02,0.65,0.0,0.0,1800.0,15.473032508370592,55.70291703013413,0
11.03,0.65,0.0,0.0,1800.0,15.455754479982044,55.64071612793536,0
11.040000000000001,0.65,0.0,0.0,1800.0,15.438478251814619,55.57852170653263,0
11.05,0.65,0.0,0.0,1800.0,15.421203821669716,55.51633375801098,0
11.06,0.65,0.0,0.0,1800.0,15.403931187349592,55.45415227445853,0
11.07,0.65,0.0,0.0,1800.0,15.38666034665736,55.391977247966494,0
11.08,0.65,0.0,0.0,1800.0,15.369391297396986,55.32980867062915,0
11.09,0.65,0.0,0.0,1800.0,15.352124037373288,55.267646534543836,0
11.1,0.65,0.0,0.0,1800.0,15.334858564391942,55.20549083181099,0
11.11,0.65,0.0,0.0,1800.0,15.31759487625947,55.143341554534096,0
11.120000000000001,0.65,0.0,0.0,1800.0,15.300332970783248,55.0811986948197,0
11.13,0.65,0.0,0.0,1800.0,15.283072845771498,55.019062244777395,0
11.14,0.65,0.0,0.0,1800.0,15.26581449903329,54.956932196519844,0
11.15,0.65,0.0,0.0,1800.0,15.24855792837854,54.89480854216274,0
11.16,0.65,0.0,0.0,1800.0,15.231303131618013,54.83269127382485,0
11.17,0.65,0.0,0.0,1800.0,15.214050106563313,54.77058038362793,0
11.18,0.65,0.0,0.0,1800.0,15.196798851026891,54.70847586369681,0
11.19,0.65,0.0,0.0,1800.0,15.179549362822037,54.646377706159335,0
11.200000000000001,0.65,0.0,0.0,1800.0,15.162301639762884,54.58428590314638,0
11.21,0.65,0.0,0.0,1800.0,15.145055679664402,54.52220044679185,0
11.22,0.65,0.0,0.0,1800.0,15.127811480342402,54.46012132923265,0
11.23,0.65,0.0,0.0,1800.0,15.11056903961353,54.39804854260871,0
11.24,0.65,0.0,0.0,1800.0,15.093328355295268,54.335982079062966,0
11.25,0.65,0.0,0.0,1800.0,15.076089425205936,54.27392193074137,0
11.26,0.65,0.0,0.0,1800.0,15.058852247164683,54.21186808979286,0
11.27,0.65,0.0,0.0,1800.0,15.041616818991496,54.14982054836939,0
11.28,0.65,0.0,0.0,1800.0,15.024383138507188,54.087779298625875,0
11.290000000000001,0.65,0.0,0.0,1800.0,15.007151203533406,54.02574433272026,0
11.3,0.65,0.0,0.0,1800.0,14.989921011892621,53.96371564281343,0
11.31,0.65,0.0,0.0,1800.0,14.972692561408138,53.9016932210693,0
11.32,0.65,0.0,0.0,1800.0,14.955465849904087,53.83967705965471,0
11.33,0.65,0.0,0.0,1800.0,14.938240875205421,53.77766715073952,0
11.34,0.65,0.0,0.0,1800.0,14.92101763513792,53.71566348649651,0
11.35,0.65,0.0,0.0,1800.0,14.903796127528185,53.65366605910147,0
11.36,0.65,0.0,0.0,1800.0,14.886576350203642,53.591674860733114,0
11.370000000000001,0.65,0.0,0.0,1800.0,14.869358300992536,53.52968988357313,0
11.38,0.65,0.0,0.0,1800.0,14.852141977723932,53.467711119806154,0
11.39,0.65,0.0,0.0,1800.0,14.834927378227713,53.40573856161976,0
11.4,0.65,0.0,0.0,1800.0,14.817714500334581,53.343772201204494,0
11.41,0.65,0.0,0.0,1800.0,14.800503341876055,53.2818120307538,0
11.42,0.65,0.0,0.0,1800.0,14.783293900684466,53.21985804246408,0
11.43,0.65,0.0,0.0,1800.0,14.766086174592962,53.15791022853466,0
11.44,0.65,0.0,0.0,1800.0,14.748880161435503,53.09596858116781,0
11.450000000000001,0.65,0.0,0.0,1800.0,14.73167585904686,53.0340330925687,0
11.46,0.65,0.0,0.0,1800.0,14.714473265262615,52.972103754945415,0
11.47,0.65,0.0,0.0,1800.0,14.697272377919163,52.910180560508984,0
11.48,0.65,0.0,0.0,1800.0,14.6800731948537,52.84826350147332,0
11.49,0.65,0.0,0.0,1800.0,14.662875713904235,52.78635257005525,0
11.5,0.65,0.0,0.0,1800.0,14.645679932909582,52.7244477584745,0
11.51,0.65,0.0,0.0,1800.0,14.628485849709358,52.662549058953694,0
11.52,0.65,0.0,0.0,1800.0,14.611293462143987,52.60065646371835,0
11.53,0.65,0.0,0.0,1800.0,14.594102768054691,52.53876996499689,0
11.540000000000001,0.65,0.0,0.0,1800.0,14.576913765283498,52.47688955502059,0
11.55,0.65,0.0,0.0,1800.0,14.559726451673235,52.41501522602365,0
11.56,0.65,0.0,0.0,1800.0,14.542540825067526,52.353146970243095,0
11.57,0.65,0.0,0.0,1800.0,14.525356883310797,52.29128477991887,0
11.58,0.65,0.0,0.0,1800.0,14.508174624248268,52.229428647293766,0
11.59,0.65,0.0,0.0,1800.0,14.490994045725955,52.16757856461344,0
11.6,0.65,0.0,0.0,1800.0,14.47381514559067,52.10573452412641,0
11.61,0.65,0.0,0.0,1800.0,14.45663792169002,52.04389651808407,0
11.620000000000001,0.65,0.0,0.0,1800.0,14.439462371872398,51.98206453874064,0
11.63,0.65,0.0,0.0,1800.0,14.422288493986997,51.92023857835319,0
11.64,0.65,0.0,0.0,1800.0,14.405116285883793,51.85841862918166,0
11.65,0.65,0.0,0.0,1800.0,14.387945745413555,51.7966046834888,0
11.66,0.65,0.0,0.0,1800.0,14.37077687042784,51.73479673354022,0
11.67,0.65,0.0,0.0,1800.0,14.353609658778987,51.67299477160436,0
11.68,0.65,0.0,0.0,1800.0,14.336444108320128,51.61119878995246,0
11.69,0.65,0.0,0.0,1800.0,14.319280216905174,51.54940878085863,0
11.700000000000001,0.65,0.0,0.0,1800.0,14.302117982388822,51.48762473659976,0
11.71,0.65,0.0,0.0,1800.0,14.28495740262655,51.42584664945558,0
11.72,0.65,0.0,0.0,1800.0,14.267798475474617,51.36407451170862,0
11.73,0.65,0.0,0.0,1800.0,14.250641198790063,51.30230831564423,0
11.74,0.65,0.0,0.0,1800.0,14.233485570430709,51.240548053550555,0
11.75,0.65,0.0,0.0,1800.0,14.216331588255148,51.178793717718534,0
11.76,0.65,0.0,0.0,1800.0,14.199179250122755,51.11704530044192,0
11.77,0.65,0.0,0.0,1800.0,14.182028553893678,51.055302794017244,0
11.78,0.65,0.0,0.0,1800.0,14.16487949742884,50.99356619074383,0
11.790000000000001,0.65,0.0,0.0,1800.0,14.14773207858994,50.93183548292378,0
11.8,0.65,0.0,0.0,1800.0,14.130586295239443,50.870110662862,0
11.81,0.65,0.0,0.0,1800.0,14.11344214524059,50.808391722866126,0
11.82,0.65,0.0,0.0,1800.0,14.096299626457391,50.74667865524661,0
11.83,0.65,0.0,0.0,1800.0,14.079158736754625,50.68497145231665,0
11.84,0.65,0.0,0.0,1800.0,14.062019473997838,50.62327010639222,0
11.85,0.65,0.0,0.0,1800.0,14.044881836053342,50.56157460979203,0
11.86,0.65,0.0,0.0,1800.0,14.027745820788217,50.49988495483758,0
11.870000000000001,0.65,0.0,0.0,1800.0,14.010611426070305,50.4382011338531,0
11.88,0.65,0.0,0.0,1800.0,13.993478649768212,50.37652313916556,0
11.89,0.65,0.0,0.0,1800.0,13.976347489751307,50.3148509631047,0
11.9,0.65,0.0,0.0,1800.0,13.959217943889719,50.25318459800299,0
11.91,0.65,0.0,0.0,1800.0,13.942090010054336,50.19152403619561,0
11.92,0.65,0.0,0.0,1800.0,13.92496368611681,50.129869270020514,0
11.93,0.65,0.0,0.0,1800.0,13.907838969949543,50.068220291818356,0
11.94,0.65,0.0,0.0,1800.0,13.8907158594257,50.00657709393252,0
11.950000000000001,0.65,0.0,0.0,1800.0,13.8735943524192,49.944939668709125,0
11.96,0.65,0.0,0.0,1800.0,13.856474446804715,49.883308008496975,0
11.97,0.65,0.0,0.0,1800.0,13.839356140457669,49.82168210564761,0
11.98,0.65,0.0,0.0,1800.0,13.822239431254243,49.76006195251527,0
11.99,0.65,0.0,0.0,1800.0,13.805124317071366,49.698447541456915,0
12.0,0.65,0.0,0.0,1800.0,13.788010795786716,49.63683886483218,0
12.01,0.65,0.0,0.0,1800.0,13.770898865278724,49.57523591500341,0
12.02,0.65,0.0,0.0,1800.0,13.753788523426564,49.51363868433563,0
12.030000000000001,0.65,0.0,0.0,1800.0,13.736679768110161,49.45204716519658,0
12.040000000000001,0.65,0.0,0.0,1800.0,13.719572597210181,49.39046134995665,0
12.05,0.65,0.0,0.0,1800.0,13.70246700860804,49.32888123098894,0
12.06,0.65,0.0,0.0,1800.0,13.685363000185891,49.26730680066921,0
12.07,0.65,0.0,0.0,1800.0,13.668260569826636,49.20573805137589,0
12.08,0.65,0.0,0.0,1800.0,13.651159715413915,49.144174975490095,0
12.09,0.65,0.0,0.0,1800.0,13.634060434832106,49.08261756539558,0
12.1,0.65,0.0,0.0,1800.0,13.616962725966332,49.02106581347879,0
12.11,0.65,0.0,0.0,1800.0,13.599866586702447,48.95951971212881,0
12.120000000000001,0.65,0.0,0.0,1800.0,13.582772014927048,48.897979253737375,0
12.13,0.65,0.0,0.0,1800.0,13.565679008527464,48.836444430698876,0
12.14,0.65,0.0,0.0,1800.0,13.54858756539176,48.77491523541033,0
12.15,0.65,0.0,0.0,1800.0,13.531497683408734,48.71339166027144,0
12.16,0.65,0.0,0.0,1800.0,13.514409360467917,48.6518736976845,0
12.17,0.65,0.0,0.0,1800.0,13.497322594459572,48.59036134005446,0
12.18,0.65,0.0,0.0,1800.0,13.480237383274691,48.52885457978889,0
12.19,0.65,0.0,0.0,1800.0,13.463153724804997,48.46735340929799,0
12.200000000000001,0.65,0.0,0.0,1800.0,13.446071616942938,48.40585782099458,0
12.21,0.65,0.0,0.0,1800.0,13.428991057581692,48.34436780729409,0
12.22,0.65,0.0,0.0,1800.0,13.411912044615164,48.28288336061459,0
12.23,0.65,0.0,0.0,1800.0,13.394834575937981,48.22140447337674,0
12.24,0.65,0.0,0.0,1800.0,13.377758649445495,48.159931138003785,0
12.25,0.65,0.0,0.0,1800.0,13.36068426303378,48.09846334692161,0
12.26,0.65,0.0,0.0,1800.0,13.343611414599636,48.03700109255869,0
12.27,0.65,0.0,0.0,1800.0,13.326540102040575,47.97554436734607,0
12.280000000000001,0.65,0.0,0.0,1800.0,13.309470323254835,47.91409316371741,0
12.290000000000001,0.65,0.0,0.0,1800.0,13.292402076141373,47.85264747410894,0
12.3,0.65,0.0,0.0,1800.0,13.27533535859986,47.79120729095949,0
12.31,0.65,0.0,0.0,1800.0,13.258270168530684,47.72977260671046,0
12.32,0.65,0.0,0.0,1800.0,13.24120650383495,47.66834341380582,0
12.33,0.65,0.0,0.0,1800.0,13.224144362414476,47.60691970469212,0
12.34,0.65,0.0,0.0,1800.0,13.207083742171791,47.54550147181845,0
12.35,0.65,0.0,0.0,1800.0,13.19002464101014,47.48408870763651,0
12.36,0.65,0.0,0.0,1800.0,13.172967056833475,47.42268140460051,0
12.370000000000001,0.65,0.0,0.0,1800.0,13.15591098754646,47.36127955516726,0
12.38,0.65,0.0,0.0,1800.0,13.138856431054467,47.29988315179608,0
12.39,0.65,0.0,0.0,1800.0,13.12180338526358,47.23849218694889,0
12.4,0.65,0.0,0.0,1800.0,13.10475184808058,47.17710665309009,0
12.41,0.65,0.0,0.0,1800.0,13.087701817412963,47.115726542686666,0
12.42,0.65,0.0,0.0,1800.0,13.070653291168924,47.05435184820813,0
12.43,0.65,0.0,0.0,1800.0,13.053606267257361,46.9929825621265,0
12.44,0.65,0.0,0.0,1800.0,13.03656074358788,46.93161867691637,0
12.450000000000001,0.65,0.0,0.0,1800.0,13.019516718070784,46.870260185054825,0
12.46,0.65,0.0,0.0,1800.0,13.002474188617075,46.80890707902147,0
12.47,0.65,0.0,0.0,1800.0,12.985433153138457,46.74755935129845,0
12.48,0.65,0.0,0.0,1800.0,12.96839360954733,46.68621699437039,0
12.49,0.65,0.0,0.0,1800.0,12.951355555756795,46.62488000072446,0
12.5,0.65,0.0,0.0,1800.0,12.934318989680643,46.56354836285031,0
12.51,0.65,0.0,0.0,1800.0,12.917283909233364,46.50222207324011,0
12.52,0.65,0.0,0.0,1800.0,12.900250312330138,46.440901124388496,0
12.530000000000001,0.65,0.0,0.0,1800.0,12.883218196886844,46.37958550879264,0
12.540000000000001,0.65,0.0,0.0,1800.0,12.866187560820046,46.31827521895217,0
12.55,0.65,0.0,0.0,1800.0,12.849158402047005,46.25697024736922,0
12.56,0.65,0.0,0.0,1800.0,12.832130718485665,46.195670586548395,0
12.57,0.65,0.0,0.0,1800.0,12.815104508054663,46.134376228996786,0
12.58,0.65,0.0,0.0,1800.0,12.798079768673322,46.07308716722396,0
12.59,0.65,0.0,0.0,1800.0,12.78105649826165,46.01180339374194,0
12.6,0.65,0.0,0.0,1800.0,12.764034694740342,45.950524901065236,0
12.61,0.65,0.0,0.0,1800.0,12.747014356030778,45.8892516817108,0
12.620000000000001,0.65,0.0,0.0,1800.0,12.72999548005502,45.82798372819808,0
12.63,0.65,0.0,0.0,1800.0,12.712978064735813,45.766721033048924,0
12.64,0.65,0.0,0.0,1800.0,12.695962107996582,45.705463588787694,0
12.65,0.65,0.0,0.0,1800.0,12.678947607761433,45.64421138794116,0
12.66,0.65,0.0,0.0,1800.0,12.66193456195515,45.58296442303854,0
12.67,0.65,0.0,0.0,1800.0,12.644922968503195,45.521722686611504,0
12.68,0.65,0.0,0.0,1800.0,12.627912825331707,45.46048617119415,0
12.69,0.65,0.0,0.0,1800.0,12.610904130367503,45.39925486932301,0
12.700000000000001,0.65,0.0,0.0,1800.0,12.593896881538072,45.33802877353706,0
12.71,0.65,0.0,0.0,1800.0,12.576891076771577,45.27680787637768,0
12.72,0.65,0.0,0.0,1800.0,12.559886713996855,45.21559217038868,0
12.73,0.65,0.0,0.0,1800.0,12.542883791143414,45.15438164811629,0
12.74,0.65,0.0,0.0,1800.0,12.525882306141431,45.09317630210916,0
12.75,0.65,0.0,0.0,1800.0,12.508882256921757,45.03197612491832,0
12.76,0.65,0.0,0.0,1800.0,12.491883641415905,44.97078110909726,0
12.77,0.65,0.0,0.0,1800.0,12.474886457556062,44.909591247201824,0
12.780000000000001,0.65,0.0,0.0,1800.0,12.457890703275078,44.84840653179028,0
12.790000000000001,0.65,0.0,0.0,1800.0,12.440896376506467,44.787226955423286,0
12.8,0.65,0.0,0.0,1800.0,12.423903475184412,44.726052510663884,0
12.81,0.65,0.0,0.0,1800.0,12.406911997243755,44.66488319007752,0
12.82,0.65,0.0,0.0,1800.0,12.38992194062,44.603718986232,0
12.83,0.65,0.0,0.0,1800.0,12.372933303249317,44.54255989169754,0
12.84,0.65,0.0,0.0,1800.0,12.355946083068531,44.48140589904671,0
12.85,0.65,0.0,0.0,1800.0,12.338960278015128,44.42025700085446,0
12.86,0.65,0.0,0.0,1800.0,12.321975886027252,44.35911318969811,0
12.870000000000001,0.65,0.0,0.0,1800.0,12.304992905043704,44.297974458157334,0
12.88,0.65,0.0,0.0,1800.0,12.288011333003942,44.23684079881419,0
12.89,0.65,0.0,0.0,1800.0,12.271031167848077,44.17571220425308,0
12.9,0.65,0.0,0.0,1800.0,12.254052407516877,44.11458866706076,0
12.91,0.65,0.0,0.0,1800.0,12.237075049951759,44.053470179826334,0
12.92,0.65,0.0,0.0,1800.0,12.220099093094793,43.99235673514126,0
12.93,0.65,0.0,0.0,1800.0,12.203124534888703,43.931248325599334,0
12.94,0.65,0.0,0.0,1800.0,12.186151373276859,43.870144943796696,0
12.950000000000001,0.65,0.0,0.0,1800.0,12.16917960620328,43.80904658233181,0
12.96,0.65,0.0,0.0,1800.0,12.152209231612634,43.74795323380548,0
12.97,0.65,0.0,0.0,1800.0,12.135240247450236,43.68686489082085,0
12.98,0.65,0.0,0.0,1800.0,12.118272651662046,43.625781545983365,0
12.99,0.65,0.0,0.0,1800.0,12.10130644219467,43.56470319190081,0
13.0,0.65,0.0,0.0,1800.0,12.084341616995353,43.503629821183274,0
13.01,0.65,0.0,0.0,1800.0,12.067378174011987,43.442561426443156,0
13.02,0.65,0.0,0.0,1800.0,12.050416111193105,43.38149800029518,0
13.030000000000001,0.65,0.0,0.0,1800.0,12.03345542648788,43.32043953535637,0
13.040000000000001,0.65,0.0,0.0,1800.0,12.016496117846122,43.25938602424604,0
13.05,0.65,0.0,0.0,1800.0,11.999538183218284,43.19833745958582,0
13.06,0.65,0.0,0.0,1800.0,11.982581620555452,43.13729383399963,0
13.07,0.65,0.0,0.0,1800.0,11.965626427809351,43.076255140113666,0
13.08,0.65,0.0,0.0,1800.0,11.94867260293234,43.015221370556425,0
13.09,0.65,0.0,0.0,1800.0,11.931720143877415,42.954192517958695,0
13.1,0.65,0.0,0.0,1800.0,11.914769048598203,42.89316857495353,0
13.11,0.65,0.0,0.0,1800.0,11.897819315048961,42.83214953417626,0
13.120000000000001,0.65,0.0,0.0,1800.0,11.880870941184583,42.7711353882645,0
13.13,0.65,0.0,0.0,1800.0,11.863923924960588,42.71012612985812,0
13.14,0.65,0.0,0.0,1800.0,11.846978264333128,42.64912175159926,0
13.15,0.65,0.0,0.0,1800.0,11.83003395725898,42.58812224613233,0
13.16,0.65,0.0,0.0,1800.0,11.81309100169555,42.52712760610398,0
13.17,0.65,0.0,0.0,1800.0,11.796149395600871,42.466137824163134,0
13.18,0.65,0.0,0.0,1800.0,11.779209136933599,42.405152892960956,0
13.19,0.65,0.0,0.0,1800.0,11.762270223653013,42.34417280515085,0
13.200000000000001,0.65,0.0,0.0,1800.0,11.74533265371902,42.28319755338847,0
13.21,0.65,0.0,0.0,1800.0,11.728396425092145,42.222227130331724,0
13.22,0.65,0.0,0.0,1800.0,11.711461535733536,42.16126152864073,0
13.23,0.65,0.0,0.0,1800.0,11.694527983604958,42.10030074097785,0
13.24,0.65,0.0,0.0,1800.0,11.6775957666688,42.03934476000768,0
13.25,0.65,0.0,0.0,1800.0,11.660664882888065,41.97839357839704,0
13.26,0.65,0.0,0.0,1800.0,11.643735330226376,41.917447188814954,0
13.27,0.65,0.0,0.0,1800.0,11.626807106647966,41.85650558393268,0
13.280000000000001,0.65,0.0,0.0,1800.0,11.609880210117693,41.79556875642369,0
13.290000000000001,0.65,0.0,0.0,1800.0,11.592954638601018,41.73463669896367,0
13.3,0.65,0.0,0.0,1800.0,11.576030390064023,41.673709404230486,0
13.31,0.65,0.0,0.0,1800.0,11.5591074624734,41.61278686490424,0
13.32,0.65,0.0,0.0,1800.0,11.542185853796447,41.55186907366721,0
13.33,0.65,0.0,0.0,1800.0,11.52526556200108,41.490956023203886,0
13.34,0.65,0.0,0.0,1800.0,11.508346585055817,41.43004770620094,0
13.35,0.65,0.0,0.0,1800.0,11.491428920929788,41.36914411534724,0
13.36,0.65,0.0,0.0,1800.0,11.474512567592729,41.30824524333383,0
13.370000000000001,0.65,0.0,0.0,1800.0,11.45759752301498,41.24735108285393,0
13.38,0.65,0.0,0.0,1800.0,11.440683785167488,41.186461626602956,0
13.39,0.65,0.0,0.0,1800.0,11.423771352021804,41.1255768672785,0
13.4,0.65,0.0,0.0,1800.0,11.40686022155008,41.06469679758029,0
13.41,0.65,0.0,0.0,1800.0,11.38995039172507,41.00382141021026,0
13.42,0.65,0.0,0.0,1800.0,11.373041860520132,40.942950697872476,0
13.43,0.65,0.0,0.0,1800.0,11.35613462590922,40.882084653273196,0
13.44,0.65,0.0,0.0,1800.0,11.339228685866889,40.8212232691208,0
13.450000000000001,0.65,0.0,0.0,1800.0,11.322324038368292,40.76036653812585,0
13.46,0.65,0.0,0.0,1800.0,11.305420681389176,40.699514453001036,0
13.47,0.65,0.0,0.0,1800.0,11.288518612905888,40.6386670064612,0
13.48,0.65,0.0,0.0,1800.0,11.271617830895366,40.57782419122332,0
13.49,0.65,0.0,0.0,1800.0,11.254718333335145,40.516986000006526,0
13.5,0.65,0.0,0.0,1800.0,11.23782011820335,40.45615242553206,0
13.51,0.65,0.0,0.0,1800.0,11.220923183478702,40.39532346052333,0
13.52,0.65,0.0,0.0,1800.0,11.204027527140505,40.33449909770582,0
13.530000000000001,0.65,0.0,0.0,1800.0,11.187133147168662,40.27367932980719,0
13.540000000000001,0.65,0.0,0.0,1800.0,11.17024004154366,40.21286414955718,0
13.55,0.65,0.0,0.0,1800.0,11.153348208246575,40.15205354968767,0
13.56,0.65,0.0,0.0,1800.0,11.136457645259068,40.09124752293265,0
13.57,0.65,0.0,0.0,1800.0,11.119568350563387,40.0304460620282,0
13.58,0.65,0.0,0.0,1800.0,11.102680322142367,39.969649159712525,0
13.59,0.65,0.0,0.0,1800.0,11.085793557979423,39.90885680872592,0
13.6,0.65,0.0,0.0,1800.0,11.068908056058557,39.848069001810806,0
13.61,0.65,0.0,0.0,1800.0,11.052023814364349,39.787285731711656,0
13.620000000000001,0.65,0.0,0.0,1800.0,11.03514083088196,39.72650699117506,0
13.63,0.65,0.0,0.0,1800.0,11.018259103597137,39.665732772949696,0
13.64,0.65,0.0,0.0,1800.0,11.001378630496198,39.604963069786315,0
13.65,0.65,0.0,0.0,1800.0,10.984499409566043,39.54419787443776,0
13.66,0.65,0.0,0.0,1800.0,10.967621438794147,39.48343717965893,0
13.67,0.65,0.0,0.0,1800.0,10.950744716168565,39.422680978206834,0
13.68,0.65,0.0,0.0,1800.0,10.93386923967792,39.36192926284051,0
13.69,0.65,0.0,0.0,1800.0,10.916995007311415,39.301182026321094,0
13.700000000000001,0.65,0.0,0.0,1800.0,10.900122017058825,39.24043926141177,0
13.71,0.65,0.0,0.0,1800.0,10.883250266910494,39.17970096087778,0
13.72,0.65,0.0,0.0,1800.0,10.86637975485734,39.11896711748642,0
13.73,0.65,0.0,0.0,1800.0,10.84951047889085,39.05823772400706,0
13.74,0.65,0.0,0.0,1800.0,10.832642437003077,38.99751277321108,0
13.75,0.65,0.0,0.0,1800.0,10.81577562718665,38.93679225787194,0
13.76,0.65,0.0,0.0,1800.0,10.798910047434756,38.876076170765124,0
13.77,0.65,0.0,0.0,1800.0,10.782045695741152,38.815364504668146,0
13.780000000000001,0.65,0.0,0.0,1800.0,10.76518257010016,38.75465725236058,0
13.790000000000001,0.65,0.0,0.0,1800.0,10.748320668506668,38.69395440662401,0
13.8,0.65,0.0,0.0,1800.0,10.731459988956125,38.63325596024205,0
13.81,0.65,0.0,0.0,1800.0,10.71460052944454,38.572561906000345,0
13.82,0.65,0.0,0.0,1800.0,10.697742287968488,38.51187223668656,0
13.83,0.65,0.0,0.0,1800.0,10.680885262525099,38.451186945090356,0
13.84,0.65,0.0,0.0,1800.0,10.664029451112066,38.390506024003436,0
13.85,0.65,0.0,0.0,1800.0,10.64717485172764,38.3298294662195,0
13.86,0.65,0.0,0.0,1800.0,10.630321462370626,38.26915726453425,0
13.870000000000001,0.65,0.0,0.0,1800.0,10.613469281040388,38.2084894117454,0
13.88,0.65,0.0,0.0,1800.0,10.596618305736845,38.14782590065264,0
13.89,0.65,0.0,0.0,1800.0,10.57976853446047,38.087166724057695,0
13.9,0.65,0.0,0.0,1800.0,10.56291996521229,38.026511874764246,0
13.91,0.65,0.0,0.0,1800.0,10.546072595993882,37.96586134557798,0
13.92,0.65,0.0,0.0,1800.0,10.529226424807378,37.90521512930656,0
13.93,0.65,0.0,0.0,1800.0,10.512381449655456,37.84457321875964,0
13.94,0.65,0.0,0.0,1800.0,10.495537668541346,37.78393560674885,0
13.950000000000001,0.65,0.0,0.0,1800.0,10.478695079468826,37.72330228608777,0
13.96,0.65,0.0,0.0,1800.0,10.461853680442223,37.662673249592004,0
13.97,0.65,0.0,0.0,1800.0,10.445013469466408,37.60204849007907,0
13.98,0.65,0.0,0.0,1800.0,10.4281744445468,37.54142800036848,0
13.99,0.65,0.0,0.0,1800.0,10.411336603689358,37.480811773281694,0
14.0,0.65,0.0,0.0,1800.0,10.394499944900591,37.42019980164213,0
14.01,0.65,0.0,0.0,1800.0,10.377664466187545,37.35959207827516,0
14.02,0.65,0.0,0.0,1800.0,10.360830165557811,37.29898859600812,0
14.030000000000001,0.65,0.0,0.0,1800.0,10.343997041019518,37.238389347670264,0
14.040000000000001,0.65,0.0,0.0,1800.0,10.327165090581337,37.177794326092815,0
14.05,0.65,0.0,0.0,1800.0,10.310334312252477,37.117203524108916,0
14.06,0.65,0.0,0.0,1800.0,10.293504704042684,37.05661693455367,0
14.07,0.65,0.0,0.0,1800.0,10.276676263962242,36.99603455026407,0
14.08,0.65,0.0,0.0,1800.0,10.25984899002197,36.935456364079094,0
14.09,0.65,0.0,0.0,1800.0,10.243022880233223,36.87488236883961,0
14.1,0.65,0.0,0.0,1800.0,10.226197932607887,36.81431255738839,0
14.11,0.65,0.0,0.0,1800.0,10.209374145158383,36.75374692257018,0
14.120000000000001,0.65,0.0,0.0,1800.0,10.192551515897666,36.6931854572316,0
14.13,0.65,0.0,0.0,1800.0,10.175730042839216,36.63262815422118,0
14.14,0.65,0.0,0.0,1800.0,10.15890972399705,36.57207500638938,0
14.15,0.65,0.0,0.0,1800.0,10.142090557385709,36.511526006588554,0
14.16,0.65,0.0,0.0,1800.0,10.125272541020264,36.45098114767295,0
14.17,0.65,0.0,0.0,1800.0,10.108455672916314,36.390440422498735,0
14.18,0.65,0.0,0.0,1800.0,10.09163995108998,36.329903823923935,0
14.19,0.65,0.0,0.0,1800.0,10.074825373557916,36.2693713448085,0
14.200000000000001,0.65,0.0,0.0,1800.0,10.058011938337291,36.208842978014246,0
14.21,0.65,0.0,0.0,1800.0,10.041199643445806,36.1483187164049,0
14.22,0.65,0.0,0.0,1800.0,10.024388486901676,36.08779855284604,0
14.23,0.65,0.0,0.0,1800.0,10.007578466723645,36.02728248020512,0
14.24,0.65,0.0,0.0,1800.0,9.990769580930971,35.9667704913515,0
14.25,0.65,0.0,0.0,1800.0,9.973961827543436,35.90626257915637,0
14.26,0.65,0.0,0.0,1800.0,9.957155204581339,35.84575873649282,0
14.27,0.65,0.0,0.0,1800.0,9.940349710065496,35.785258956235786,0
14.280000000000001,0.65,0.0,0.0,1800.0,9.923545342017238,35.72476323126206,0
14.290000000000001,0.65,0.0,0.0,1800.0,9.906742098458416,35.6642715544503,0
14.3,0.65,0.0,0.0,1800.0,9.889939977411391,35.60378391868101,0
14.31,0.65,0.0,0.0,1800.0,9.87313897689904,35.54330031683655,0
14.32,0.65,0.0,0.0,1800.0,9.856339094944756,35.48282074180112,0
14.33,0.65,0.0,0.0,1800.0,9.839540329572436,35.422345186460774,0
14.34,0.65,0.0,0.0,1800.0,9.822742678806495,35.36187364370338,0
14.35,0.65,0.0,0.0,1800.0,9.805946140671853,35.301406106418675,0
14.36,0.65,0.0,0.0,1800.0,9.789150713193942,35.240942567498195,0
14.370000000000001,0.65,0.0,0.0,1800.0,9.7723563943987,35.18048301983532,0
14.38,0.65,0.0,0.0,1800.0,9.755563182312576,35.120027456325275,0
14.39,0.65,0.0,0.0,1800.0,9.738771074962518,35.059575869865064,0
14.4,0.65,0.0,0.0,1800.0,9.721980070375984,34.99912825335355,0
14.41,0.65,0.0,0.0,1800.0,9.705190166580937,34.93868459969138,0
14.42,0.65,0.0,0.0,1800.0,9.688401361605841,34.87824490178103,0
14.43,0.65,0.0,0.0,1800.0,9.671613653479662,34.817809152526785,0
14.44,0.65,0.0,0.0,1800.0,9.654827040231869,34.75737734483473,0
14.450000000000001,0.65,0.0,0.0,1800.0,9.638041519892429,34.69694947161275,0
14.46,0.65,0.0,0.0,1800.0,9.621257090491811,34.63652552577052,0
14.47,0.65,0.0,0.0,1800.0,9.604473750060983,34.57610550021954,0
14.48,0.65,0.0,0.0,1800.0,9.587691496631406,34.51568938787306,0
14.49,0.65,0.0,0.0,1800.0,9.57091032823504,34.455277181646146,0
14.5,0.65,0.0,0.0,1800.0,9.554130242904344,34.39486887445564,0
14.51,0.65,0.0,0.0,1800.0,9.537351238672267,34.334464459220165,0
14.52,0.65,0.0,0.0,1800.0,9.520573313572253,34.274063928860116,0
14.530000000000001,0.65,0.0,0.0,1800.0,9.50379646563824,34.21366727629766,0
14.540000000000001,0.65,0.0,0.0,1800.0,9.487020692904657,34.15327449445677,0
14.55,0.65,0.0,0.0,1800.0,9.470245993406424,34.09288557626313,0
14.56,0.65,0.0,0.0,1800.0,9.453472365178952,34.03250051464423,0
14.57,0.65,0.0,0.0,1800.0,9.436699806258138,33.9721193025293,0
14.58,0.65,0.0,0.0,1800.0,9.419928314680371,33.91174193284934,0
14.59,0.65,0.0,0.0,1800.0,9.403157888482523,33.85136839853708,0
14.6,0.65,0.0,0.0,1800.0,9.386388525701957,33.79099869252705,0
14.61,0.65,0.0,0.0,1800.0,9.369620224376517,33.73063280775546,0
14.620000000000001,0.65,0.0,0.0,1800.0,9.352852982544533,33.67027073716032,0
14.63,0.65,0.0,0.0,1800.0,9.33608679824482,33.60991247368135,0
14.64,0.65,0.0,0.0,1800.0,9.319321669516672,33.54955801026002,0
14.65,0.65,0.0,0.0,1800.0,9.302557594399866,33.48920733983952,0
14.66,0.65,0.0,0.0,1800.0,9.285794570934662,33.428860455364784,0
14.67,0.65,0.0,0.0,1800.0,9.269032597161797,33.36851734978247,0
14.68,0.65,0.0,0.0,1800.0,9.252271671122486,33.30817801604095,0
14.69,0.65,0.0,0.0,1800.0,9.235511790858423,33.24784244709032,0
14.700000000000001,0.65,0.0,0.0,1800.0,9.218752954411778,33.187510635882404,0
14.71,0.65,0.0,0.0,1800.0,9.2019951598252,33.127182575370725,0
14.72,0.65,0.0,0.0,1800.0,9.185238405141808,33.06685825851051,0
14.73,0.65,0.0,0.0,1800.0,9.168482688405199,33.00653767825872,0
14.74,0.65,0.0,0.0,1800.0,9.151728007659441,32.94622082757399,0
14.75,0.65,0.0,0.0,1800.0,9.134974360949075,32.88590769941667,0
14.76,0.65,0.0,0.0,1800.0,9.118221746319112,32.8255982867488,0
14.77,0.65,0.0,0.0,1800.0,9.101470161815035,32.76529258253413,0
14.780000000000001,0.65,0.0,0.0,1800.0,9.084719605482796,32.704990579738066,0
14.790000000000001,0.65,0.0,0.0,1800.0,9.067970075368814,32.644692271327735,0
14.8,0.65,0.0,0.0,1800.0,9.051221569519976,32.58439765027192,0
14.81,0.65,0.0,0.0,1800.0,9.034474085983636,32.52410670954109,0
14.82,0.65,0.0,0.0,1800.0,9.017727622807614,32.463819442107415,0
14.83,0.65,0.0,0.0,1800.0,9.000982178040195,32.4035358409447,0
14.84,0.65,0.0,0.0,1800.0,8.984237749730124,32.34325589902845,0
14.85,0.65,0.0,0.0,1800.0,8.967494335926613,32.28297960933581,0
14.86,0.65,0.0,0.0,1800.0,8.950751934679335,32.22270696484561,0
14.870000000000001,0.65,0.0,0.0,1800.0,8.934010544038424,32.16243795853833,0
14.88,0.65,0.0,0.0,1800.0,8.917270162054473,32.102172583396104,0
14.89,0.65,0.0,0.0,1800.0,8.900530786778535,32.04191083240273,0
14.9,0.65,0.0,0.0,1800.0,8.883792416262121,31.981652698543638,0
14.91,0.65,0.0,0.0,1800.0,8.867055048557198,31.921398174805912,0
14.92,0.65,0.0,0.0,1800.0,8.85031868171619,31.861147254178288,0
14.93,0.65,0.0,0.0,1800.0,8.833583313791978,31.800899929651123,0
14.94,0.65,0.0,0.0,1800.0,8.816848942837895,31.740656194216424,0
14.950000000000001,0.65,0.0,0.0,1800.0,8.80011556690773,31.680416040867826,0
14.96,0.65,0.0,0.0,1800.0,8.783383184055722,31.6201794626006,0
14.97,0.65,0.0,0.0,1800.0,8.766651792336566,31.559946452411637,0
14.98,0.65,0.0,0.0,1800.0,8.749921389805401,31.499717003299445,0
14.99,0.65,0.0,0.0,1800.0,8.733191974517823,31.43949110826416,0
15.0,0.65,0.0,0.0,1800.0,8.716463544529871,31.379268760307536,0
15.01,0.65,0.0,0.0,1800.0,8.699736097898034,31.319049952432923,0
15.02,0.65,0.0,0.0,1800.0,8.683009632679251,31.258834677645307,0
15.030000000000001,0.65,0.0,0.0,1800.0,8.666284146930904,31.198622928951256,0
15.040000000000001,0.65,0.0,0.0,1800.0,8.649559638710821,31.138414699358957,0
15.05,0.65,0.0,0.0,1800.0,8.632836106077274,31.07820998187819,0
15.06,0.65,0.0,0.0,1800.0,8.616113547088979,31.018008769520325,0
15.07,0.65,0.0,0.0,1800.0,8.599391959805093,30.957811055298336,0
15.08,0.65,0.0,0.0,1800.0,8.582671342285217,30.89761683222678,0
15.09,0.65,0.0,0.0,1800.0,8.56595169258939,30.837426093321806,0
15.1,0.65,0.0,0.0,1800.0,8.549233008778094,30.77723883160114,0
15.11,0.65,0.0,0.0,1800.0,8.532515288912245,30.717055040084084,0
15.120000000000001,0.65,0.0,0.0,1800.0,8.515798531053203,30.656874711791534,0
15.13,0.65,0.0,0.0,1800.0,8.49908273326276,30.59669783974594,0
15.14,0.65,0.0,0.0,1800.0,8.482367893603145,30.536524416971325,0
15.15,0.65,0.0,0.0,1800.0,8.465654010137024,30.47635443649329,0
15.16,0.65,0.0,0.0,1800.0,8.448941080927495,30.416187891338986,0
15.17,0.65,0.0,0.0,1800.0,8.432229104038091,30.35602477453713,0
15.18,0.65,0.0,0.0,1800.0,8.415518077532777,30.295865079118,0
15.19,0.65,0.0,0.0,1800.0,8.398807999475949,30.235708798113418,0
15.200000000000001,0.65,0.0,0.0,1800.0,8.382098867932433,30.175555924556758,0
15.21,0.65,0.0,0.0,1800.0,8.365390680967485,30.115406451482947,0
15.22,0.65,0.0,0.0,1800.0,8.34868343664679,30.05526037192844,0
15.23,0.65,0.0,0.0,1800.0,8.33197713303646,29.99511767893126,0
15.24,0.65,0.0,0.0,1800.0,8.315271768203038,29.934978365530938,0
15.25,0.65,0.0,0.0,1800.0,8.298567340213488,29.874842424768556,0
15.26,0.65,0.0,0.0,1800.0,8.281863847135199,29.814709849686718,0
15.27,0.65,0.0,0.0,1800.0,8.265161287035989,29.75458063332956,0
15.280000000000001,0.65,0.0,0.0,1800.0,8.248459657984093,29.694454768742734,0
15.290000000000001,0.65,0.0,0.0,1800.0,8.231758958048173,29.634332248973426,0
15.3,0.65,0.0,0.0,1800.0,8.215059185297312,29.574213067070325,0
15.31,0.65,0.0,0.0,1800.0,8.19836033780101,29.514097216083634,0
15.32,0.65,0.0,0.0,1800.0,8.18166241362919,29.453984689065088,0
15.33,0.65,0.0,0.0,1800.0,8.164965410852194,29.393875479067898,0
15.34,0.65,0.0,0.0,1800.0,8.148269327540778,29.3337695791468,0
15.35,0.65,0.0,0.0,1800.0,8.13157416176612,29.27366698235803,0
15.36,0.65,0.0,0.0,1800.0,8.11487991159981,29.213567681759315,0
15.370000000000001,0.65,0.0,0.0,1800.0,8.098186575113852,29.153471670409868,0
15.38,0.65,0.0,0.0,1800.0,8.08149415038067,29.093378941370414,0
15.39,0.65,0.0,0.0,1800.0,8.064802635473097,29.033289487703147,0
15.4,0.65,0.0,0.0,1800.0,8.048112028464377,28.97320330247176,0
15.41,0.65,0.0,0.0,1800.0,8.03142232742817,28.913120378741414,0
15.42,0.65,0.0,0.0,1800.0,8.014733530438544,28.85304070957876,0
15.43,0.65,0.0,0.0,1800.0,7.998045635569976,28.792964288051913,0
15.44,0.65,0.0,0.0,1800.0,7.981358640897351,28.732891107230465,0
15.450000000000001,0.65,0.0,0.0,1800.0,7.964672544495966,28.672821160185478,0
15.46,0.65,0.0,0.0,1800.0,7.947987344441519,28.61275443998947,0
15.47,0.65,0.0,0.0,1800.0,7.931303038810119,28.55269093971643,0
15.48,0.65,0.0,0.0,1800.0,7.914619625678278,28.4926306524418,0
15.49,0.65,0.0,0.0,1800.0,7.897937103122913,28.432573571242486,0
15.5,0.65,0.0,0.0,1800.0,7.881255469221342,28.37251968919683,0
15.51,0.65,0.0,0.0,1800.0,7.864574722051288,28.312468999384638,0
15.52,0.65,0.0,0.0,1800.0,7.847894859690875,28.25242149488715,0
15.530000000000001,0.65,0.0,0.0,1800.0,7.831215880218626,28.192377168787054,0
15.540000000000001,0.65,0.0,0.0,1800.0,7.814537781713466,28.132336014168477,0
15.55,0.65,0.0,0.0,1800.0,7.797860562254717,28.07229802411698,0
15.56,0.65,0.0,0.0,1800.0,7.781184219922099,28.012263191719555,0
15.57,0.65,0.0,0.0,1800.0,7.764508752795731,27.95223151006463,0
15.58,0.65,0.0,0.0,1800.0,7.747834158956126,27.892202972242053,0
15.59,0.65,0.0,0.0,1800.0,7.731160436484192,27.83217757134309,0
15.6,0.65,0.0,0.0,1800.0,7.714487583461233,27.77215530046044,0
15.610000000000001,0.65,0.0,0.0,1800.0,7.697815597968946,27.712136152688206,0
15.620000000000001,0.65,0.0,0.0,1800.0,7.6811444780894185,27.652120121121907,0
15.63,0.65,0.0,0.0,1800.0,7.664474221905132,27.592107198858475,0
15.64,0.65,0.0,0.0,1800.0,7.647804827498957,27.532097378996248,0
15.65,0.65,0.0,0.0,1800.0,7.631136292954156,27.47209065463496,0
15.66,0.65,0.0,0.0,1800.0,7.614468616354377,27.412087018875756,0
15.67,0.65,0.0,0.0,1800.0,7.59780179578366,27.352086464821177,0
15.68,0.65,0.0,0.0,1800.0,7.581135829326429,27.292088985575145,0
15.69,0.65,0.0,0.0,1800.0,7.564470715067495,27.232094574242982,0
15.700000000000001,0.65,0.0,0.0,1800.0,7.547806451092056,27.1721032239314,0
15.71,0.65,0.0,0.0,1800.0,7.531143035485692,27.11211492774849,0
15.72,0.65,0.0,0.0,1800.0,7.514480466334367,27.052129678803723,0
15.73,0.65,0.0,0.0,1800.0,7.49781874172443,26.99214747020795,0
15.74,0.65,0.0,0.0,1800.0,7.481157859742609,26.932168295073392,0
15.75,0.65,0.0,0.0,1800.0,7.464497818476015,26.872192146513655,0
15.76,0.65,0.0,0.0,1800.0,7.4478386160121355,26.812219017643688,0
15.77,0.65,0.0,0.0,1800.0,7.431180250438842,26.75224890157983,0
15.780000000000001,0.65,0.0,0.0,1800.0,7.4145227198443795,26.69228179143977,0
15.790000000000001,0.65,0.0,0.0,1800.0,7.397866022317374,26.63231768034255,0
15.8,0.65,0.0,0.0,1800.0,7.3812101559468255,26.572356561408572,0
15.81,0.65,0.0,0.0,1800.0,7.364555118822111,26.5123984277596,0
15.82,0.65,0.0,0.0,1800.0,7.34790090903298,26.452443272518728,0
15.83,0.65,0.0,0.0,1800.0,7.331247524669558,26.39249108881041,0
15.84,0.65,0.0,0.0,1800.0,7.314594963822342,26.332541869760433,0
15.85,0.65,0.0,0.0,1800.0,7.297943224582203,26.27259560849593,0
15.860000000000001,0.65,0.0,0.0,1800.0,7.28129230504038,26.21265229814537,0
15.870000000000001,0.65,0.0,0.0,1800.0,7.264642203288484,26.152711931838542,0
15.88,0.65,0.0,0.0,1800.0,7.247992917418495,26.092774502706582,0
15.89,0.65,0.0,0.0,1800.0,7.231344445522761,26.03284000388194,0
15.9,0.65,0.0,0.0,1800.0,7.214696785693999,25.972908428498396,0
15.91,0.65,0.0,0.0,1800.0,7.198049936025289,25.91297976969104,0
15.92,0.65,0.0,0.0,1800.0,7.181403894610082,25.853054020596296,0
15.93,0.65,0.0,0.0,1800.0,7.164758659542191,25.79313117435189,0
15.94,0.65,0.0,0.0,1800.0,7.14811422891579,25.733211224096845,0
15.950000000000001,0.65,0.0,0.0,1800.0,7.131470600825422,25.67329416297152,0
15.96,0.65,0.0,0.0,1800.0,7.114827773365987,25.613379984117554,0
15.97,0.65,0.0,0.0,1800.0,7.098185744632751,25.553468680677906,0
15.98,0.65,0.0,0.0,1800.0,7.081544512721336,25.493560245796807,0
15.99,0.65,0.0,0.0,1800.0,7.064904075727726,25.433654672619813,0
16.0,0.65,0.0,0.0,1800.0,7.0482644317482634,25.37375195429375,0
16.01,0.65,0.0,0.0,1800.0,7.031625578879648,25.313852083966733,0
16.02,0.65,0.0,0.0,1800.0,7.014987515218937,25.253955054788175,0
16.03,0.65,0.0,0.0,1800.0,6.9983502388635435,25.194060859908756,0
16.04,0.65,0.0,0.0,1800.0,6.981713747911234,25.134169492480446,0
16.05,0.65,0.0,0.0,1800.0,6.965078040460132,25.074280945656476,0
16.06,0.65,0.0,0.0,1800.0,6.948443114608713,25.014395212591367,0
16.07,0.65,0.0,0.0,1800.0,6.931808968455804,24.954512286440895,0
16.080000000000002,0.65,0.0,0.0,1800.0,6.915175600100585,24.894632160362107,0
16.09,0.65,0.0,0.0,1800.0,6.898543007642586,24.83475482751331,0
16.1,0.65,0.0,0.0,1800.0,6.881911189181689,24.77488028105408,0
16.11,0.65,0.0,0.0,1800.0,6.86528014281812,24.715008514145232,0
16.12,0.65,0.0,0.0,1800.0,6.848649866652459,24.655139519948854,0
16.13,0.65,0.0,0.0,1800.0,6.832020358785629,24.595273291628263,0
16.14,0.65,0.0,0.0,1800.0,6.8153916173189,24.53540982234804,0
16.15,0.65,0.0,0.0,1800.0,6.798763640353889,24.475549105274002,0
16.16,0.65,0.0,0.0,1800.0,6.782136425992557,24.415691133573205,0
16.17,0.65,0.0,0.0,1800.0,6.765509972337208,24.35583590041395,0
16.18,0.65,0.0,0.0,1800.0,6.748884277490488,24.295983398965756,0
16.19,0.65,0.0,0.0,1800.0,6.732259339555387,24.236133622399397,0
16.2,0.65,0.0,0.0,1800.0,6.715635156635235,24.176286563886848,0
16.21,0.65,0.0,0.0,1800.0,6.699011726833702,24.116442216601328,0
16.22,0.65,0.0,0.0,1800.0,6.682389048254798,24.056600573717272,0
16.23,0.65,0.0,0.0,1800.0,6.6657671190028704,23.996761628410333,0
16.240000000000002,0.65,0.0,0.0,1800.0,6.649145937182605,23.936925373857378,0
16.25,0.65,0.0,0.0,1800.0,6.632525500899024,23.877091803236485,0
16.26,0.65,0.0,0.0,1800.0,6.615905808257485,23.817260909726944,0
16.27,0.65,0.0,0.0,1800.0,6.59928685736368,23.757432686509247,0
16.28,0.65,0.0,0.0,1800.0,6.582668646323636,23.697607126765092,0
16.29,0.65,0.0,0.0,1800.0,6.566051173243715,23.637784223677375,0
16.3,0.65,0.0,0.0,1800.0,6.549434436230608,23.57796397043019,0
16.31,0.65,0.0,0.0,1800.0,6.532818433391338,23.518146360208817,0
16.32,0.65,0.0,0.0,1800.0,6.51620316283326,23.458331386199735,0
16.330000000000002,0.65,0.0,0.0,1800.0,6.499588622664057,23.398519041590607,0
16.34,0.65,0.0,0.0,1800.0,6.4829748109917436,23.338709319570278,0
16.35,0.65,0.0,0.0,1800.0,6.466361725924659,23.278902213328774,0
16.36,0.65,0.0,0.0,1800.0,6.449749365571471,23.219097716057295,0
16.37,0.65,0.0,0.0,1800.0,6.4331377280411735,23.159295820948223,0
16.38,0.65,0.0,0.0,1800.0,6.416526811443085,23.099496521195107,0
16.39,0.65,0.0,0.0,1800.0,6.399916613886851,23.039699809992662,0
16.4,0.65,0.0,0.0,1800.0,6.383307133482437,22.979905680536774,0
16.41,0.65,0.0,0.0,1800.0,6.366698368340133,22.92011412602448,0
16.42,0.65,0.0,0.0,1800.0,6.350090316570551,22.860325139653984,0
16.43,0.65,0.0,0.0,1800.0,6.333482976284623,22.800538714624643,0
16.44,0.65,0.0,0.0,1800.0,6.316876345593602,22.74075484413697,0
16.45,0.65,0.0,0.0,1800.0,6.300270422609061,22.68097352139262,0
16.46,0.65,0.0,0.0,1800.0,6.2836652054428885,22.6211947395944,0
16.47,0.65,0.0,0.0,1800.0,6.267060692207293,22.561418491946256,0
16.48,0.65,0.0,0.0,1800.0,6.2504568810148,22.50164477165328,0
16.490000000000002,0.65,0.0,0.0,1800.0,6.233853769978247,22.44187357192169,0
16.5,0.65,0.0,0.0,1800.0,6.217251357210792,22.38210488595885,0
16.51,0.65,0.0,0.0,1800.0,6.200649640825901,22.322338706973245,0
16.52,0.65,0.0,0.0,1800.0,6.184048618937358,22.26257502817449,0
16.53,0.65,0.0,0.0,1800.0,6.167448289659257,22.202813842773324,0
16.54,0.65,0.0,0.0,1800.0,6.150848651106003,22.14305514398161,0
16.55,0.65,0.0,0.0,1800.0,6.134249701392313,22.083298925012325,0
16.56,0.65,0.0,0.0,1800.0,6.117651438633212,22.023545179079562,0
16.57,0.65,0.0,0.0,1800.0,6.1010538609440355,21.963793899398528,0
16.580000000000002,0.65,0.0,0.0,1800.0,6.084456966440427,21.904045079185536,0
16.59,0.65,0.0,0.0,1800.0,6.067860753238334,21.844298711658006,0
16.6,0.65,0.0,0.0,1800.0,6.051265219454016,21.784554790034456,0
16.61,0.65,0.0,0.0,1800.0,6.034670363204031,21.72481330753451,0
16.62,0.65,0.0,0.0,1800.0,6.018076182605245,21.665074257378883,0
16.63,0.65,0.0,0.0,1800.0,6.00148267577483,21.60533763278939,0
16.64,0.65,0.0,0.0,1800.0,5.984889840830256,21.545603426988922,0
16.65,0.65,0.0,0.0,1800.0,5.968297675889298,21.485871633201473,0
16.66,0.65,0.0,0.0,1800.0,5.9517061790700305,21.42614224465211,0
16.67,0.65,0.0,0.0,1800.0,5.935115348490829,21.366415254566984,0
16.68,0.65,0.0,0.0,1800.0,5.9185251822703675,21.306690656173323,0
16.69,0.65,0.0,0.0,1800.0,5.90193567852762,21.246968442699433,0
16.7,0.65,0.0,0.0,1800.0,5.885346835381856,21.187248607374684,0
16.71,0.65,0.0,0.0,1800.0,5.868758650952644,21.127531143429522,0
16.72,0.65,0.0,0.0,1800.0,5.852171123359847,21.06781604409545,0
16.73,0.65,0.0,0.0,1800.0,5.835584250723622,21.00810330260504,0
16.740000000000002,0.65,0.0,0.0,1800.0,5.818998031164422,20.94839291219192,0
16.75,0.65,0.0,0.0,1800.0,5.802412462802992,20.88868486609077,0
16.76,0.65,0.0,0.0,1800.0,5.78582754376037,20.828979157537333,0
16.77,0.65,0.0,0.0,1800.0,5.769243272157887,20.769275779768392,0
16.78,0.65,0.0,0.0,1800.0,5.752659646117161,20.70957472602178,0
16.79,0.65,0.0,0.0,1800.0,5.7360766637601035,20.649875989536373,0
16.8,0.65,0.0,0.0,1800.0,5.719494323208913,20.590179563552088,0
16.81,0.65,0.0,0.0,1800.0,5.7029126225860765,20.530485441309875,0
16.82,0.65,0.0,0.0,1800.0,5.686331560014368,20.470793616051726,0
16.830000000000002,0.65,0.0,0.0,1800.0,5.66975113361685,20.41110408102066,0
16.84,0.65,0.0,0.0,1800.0,5.653171341516867,20.35141682946072,0
16.85,0.65,0.0,0.0,1800.0,5.63659218183805,20.29173185461698,0
16.86,0.65,0.0,0.0,1800.0,5.620013652704314,20.23204914973553,0
16.87,0.65,0.0,0.0,1800.0,5.603435752239857,20.172368708063487,0
16.88,0.65,0.0,0.0,1800.0,5.586858478569159,20.112690522848972,0
16.89,0.65,0.0,0.0,1800.0,5.570281829816981,20.05301458734113,0
16.9,0.65,0.0,0.0,1800.0,5.553705804108364,19.99334089479011,0
16.91,0.65,0.0,0.0,1800.0,5.537130399568629,19.933669438447065,0
16.92,0.65,0.0,0.0,1800.0,5.520555614323377,19.87400021156416,0
16.93,0.65,0.0,0.0,1800.0,5.503981446498485,19.814333207394547,0
16.94,0.65,0.0,0.0,1800.0,5.487407894220107,19.754668419192384,0
16.95,0.65,0.0,0.0,1800.0,5.470834955614674,19.695005840212826,0
16.96,0.65,0.0,0.0,1800.0,5.454262628808891,19.63534546371201,0
16.97,0.65,0.0,0.0,1800.0,5.4376909119297405,19.575687282947065,0
16.98,0.65,0.0,0.0,1800.0,5.4211198031044745,19.51603129117611,0
16.990000000000002,0.65,0.0,0.0,1800.0,5.40454930046062,19.456377481658233,0
17.0,0.65,0.0,0.0,1800.0,5.387979402125976,19.396725847653514,0
17.01,0.65,0.0,0.0,1800.0,5.371410106228611,19.337076382423,0
17.02,0.65,0.0,0.0,1800.0,5.354841410896865,19.277429079228718,0
17.03,0.65,0.0,0.0,1800.0,5.3382733142593475,19.217783931333653,0
17.04,0.65,0.0,0.0,1800.0,5.321705814444935,19.158140932001768,0
17.05,0.65,0.0,0.0,1800.0,5.305138909582773,19.098500074497984,0
17.06,0.65,0.0,0.0,1800.0,5.288572597802272,19.03886135208818,0
17.07,0.65,0.0,0.0,1800.0,5.27200687723311,18.979224758039198,0
17.080000000000002,0.65,0.0,0.0,1800.0,5.25544174600523,18.91959028561883,0
17.09,0.65,0.0,0.0,1800.0,5.238877202248839,18.85995792809582,0
17.1,0.65,0.0,0.0,1800.0,5.222313244094405,18.80032767873986,0
17.11,0.65,0.0,0.0,1800.0,5.205749869672662,18.740699530821583,0
17.12,0.65,0.0,0.0,1800.0,5.189187077114604,18.681073477612575,0
17.13,0.65,0.0,0.0,1800.0,5.172624864551485,18.621449512385347,0
17.14,0.65,0.0,0.0,1800.0,5.156063230114821,18.561827628413358,0
17.150000000000002,0.65,0.0,0.0,1800.0,5.139502171936385,18.502207818970987,0
17.16,0.65,0.0,0.0,1800.0,5.1229416881482095,18.442590077333556,0
17.17,0.65,0.0,0.0,1800.0,5.106381776882584,18.382974396777303,0
17.18,0.65,0.0,0.0,1800.0,5.089822436272054,18.323360770579395,0
17.19,0.65,0.0,0.0,1800.0,5.073263664449421,18.263749192017915,0
17.2,0.65,0.0,0.0,1800.0,5.056705459547741,18.20413965437187,0
17.21,0.65,0.0,0.0,1800.0,5.040147819700326,18.144532150921176,0
17.22,0.65,0.0,0.0,1800.0,5.02359074304074,18.08492667494666,0
17.23,0.65,0.0,0.0,1800.0,5.007034227702796,18.025323219730065,0
17.240000000000002,0.65,0.0,0.0,1800.0,4.990478271820564,17.96572177855403,0
17.25,0.65,0.0,0.0,1800.0,4.97392287352836,17.906122344702094,0
17.26,0.65,0.0,0.0,1800.0,4.957368030960752,17.846524911458708,0
17.27,0.65,0.0,0.0,1800.0,4.9408137422525575,17.786929472109207,0
17.28,0.65,0.0,0.0,1800.0,4.92426000553884,17.727336019939823,0
17.29,0.65,0.0,0.0,1800.0,4.907706818954911,17.667744548237682,0
17.3,0.65,0.0,0.0,1800.0,4.89115418063633,17.60815505029079,0
17.31,0.65,0.0,0.0,1800.0,4.874602088718899,17.548567519388037,0
17.32,0.65,0.0,0.0,1800.0,4.858050541338668,17.488981948819205,0
17.330000000000002,0.65,0.0,0.0,1800.0,4.841499536631927,17.42939833187494,0
17.34,0.65,0.0,0.0,1800.0,4.824949072735213,17.369816661846766,0
17.35,0.65,0.0,0.0,1800.0,4.808399147785301,17.310236932027085,0
17.36,0.65,0.0,0.0,1800.0,4.791849759919211,17.25065913570916,0
17.37,0.65,0.0,0.0,1800.0,4.775300907274201,17.191083266187125,0
17.38,0.65,0.0,0.0,1800.0,4.75875258798777,17.131509316755974,0
17.39,0.65,0.0,0.0,1800.0,4.742204800197655,17.07193728071156,0
17.400000000000002,0.65,0.0,0.0,1800.0,4.725657542041831,17.012367151350592,0
17.41,0.65,0.0,0.0,1800.0,4.70911081165851,16.952798921970636,0
17.42,0.65,0.0,0.0,1800.0,4.692564607186141,16.89323258587011,0
17.43,0.65,0.0,0.0,1800.0,4.676018926763407,16.833668136348265,0
17.44,0.65,0.0,0.0,1800.0,4.659473768529227,16.774105566705217,0
17.45,0.65,0.0,0.0,1800.0,4.642929130622752,16.71454487024191,0
17.46,0.65,0.0,0.0,1800.0,4.626385011183367,16.654986040260123,0
17.47,0.65,0.0,0.0,1800.0,4.60984140835069,16.595429070062483,0
17.48,0.65,0.0,0.0,1800.0,4.593298320264567,16.53587395295244,0
17.490000000000002,0.65,0.0,0.0,1800.0,4.576755745065077,16.476320682234277,0
17.5,0.65,0.0,0.0,1800.0,4.560213680892527,16.4167692512131,0
17.51,0.65,0.0,0.0,1800.0,4.543672125887455,16.35721965319484,0
17.52,0.65,0.0,0.0,1800.0,4.527131078190624,16.29767188148625,0
17.53,0.65,0.0,0.0,1800.0,4.5105905359430265,16.238125929394897,0
17.54,0.65,0.0,0.0,1800.0,4.494050497285878,16.17858179022916,0
17.55,0.65,0.0,0.0,1800.0,4.477510960360621,16.119039457298236,0
17.56,0.65,0.0,0.0,1800.0,4.460971923308923,16.059498923912123,0
17.57,0.65,0.0,0.0,1800.0,4.444433384272674,15.999960183381628,0
17.580000000000002,0.65,0.0,0.0,1800.0,4.427895341393988,15.940423229018357,0
17.59,0.65,0.0,0.0,1800.0,4.411357792815199,15.880888054134717,0
17.6,0.65,0.0,0.0,1800.0,4.394820736678864,15.82135465204391,0
17.61,0.65,0.0,0.0,1800.0,4.378284171127759,15.761823016059932,0
17.62,0.65,0.0,0.0,1800.0,4.36174809430488,15.702293139497568,0
17.63,0.65,0.0,0.0,1800.0,4.345212504353441,15.642765015672387,0
17.64,0.65,0.0,0.0,1800.0,4.328677399416875,15.583238637900749,0
17.650000000000002,0.65,0.0,0.0,1800.0,4.3121427776388295,15.523713999499787,0
17.66,0.65,0.0,0.0,1800.0,4.295608637163171,15.464191093787415,0
17.67,0.65,0.0,0.0,1800.0,4.279074976133979,15.404669914082323,0
17.68,0.65,0.0,0.0,1800.0,4.262541792695547,15.34515045370397,0
17.69,0.65,0.0,0.0,1800.0,4.246009084992384,15.285632705972581,0
17.7,0.65,0.0,0.0,1800.0,4.22947685116921,15.226116664209156,0
17.71,0.65,0.0,0.0,1800.0,4.212945089370958,15.16660232173545,0
17.72,0.65,0.0,0.0,1800.0,4.196413797742772,15.107089671873979,0
17.73,0.65,0.0,0.0,1800.0,4.179882974430005,15.04757870794802,0
17.740000000000002,0.65,0.0,0.0,1800.0,4.163352617578221,14.988069423281596,0
17.75,0.65,0.0,0.0,1800.0,4.146822725333191,14.928561811199488,0
17.76,0.65,0.0,0.0,1800.0,4.130293295840894,14.869055865027219,0
17.77,0.65,0.0,0.0,1800.0,4.113764327247516,14.809551578091058,0
17.78,0.65,0.0,0.0,1800.0,4.097235817699449,14.750048943718017,0
17.79,0.65,0.0,0.0,1800.0,4.08070776534329,14.690547955235846,0
17.8,0.65,0.0,0.0,1800.0,4.064180168325842,14.63104860597303,0
17.81,0.65,0.0,0.0,1800.0,4.047653024794108,14.571550889258788,0
17.82,0.65,0.0,0.0,1800.0,4.031126332895296,14.512054798423065,0
17.830000000000002,0.65,0.0,0.0,1800.0,4.014600090776815,14.452560326796535,0
17.84,0.65,0.0,0.0,1800.0,3.998074296586277,14.393067467710598,0
17.85,0.65,0.0,0.0,1800.0,3.9815489484714917,14.33357621449737,0
17.86,0.65,0.0,0.0,1800.0,3.9650240445804688,14.274086560489687,0
17.87,0.65,0.0,0.0,1800.0,3.9484995830614165,14.214598499021099,0
17.88,0.65,0.0,0.0,1800.0,3.9319755620627412,14.155112023425868,0
17.89,0.65,0.0,0.0,1800.0,3.9154519797330454,14.095627127038963,0
17.900000000000002,0.65,0.0,0.0,1800.0,3.898928834221128,14.03614380319606,0
17.91,0.65,0.0,0.0,1800.0,3.8824061236759824,13.976662045233537,0
17.92,0.65,0.0,0.0,1800.0,3.8658838462467973,13.91718184648847,0
17.93,0.65,0.0,0.0,1800.0,3.849362000082954,13.857703200298634,0
17.94,0.65,0.0,0.0,1800.0,3.832840583334027,13.798226100002497,0
17.95,0.65,0.0,0.0,1800.0,3.816319594149782,13.738750538939215,0
17.96,0.65,0.0,0.0,1800.0,3.7997990306801763,13.679276510448634,0
17.97,0.65,0.0,0.0,1800.0,3.783278891075357,13.619804007871286,0
17.98,0.65,0.0,0.0,1800.0,3.7667591734856614,13.560333024548381,0
17.990000000000002,0.65,0.0,0.0,1800.0,3.750239876061613,13.500863553821807,0
18.0,0.65,0.0,0.0,1800.0,3.7337209969539256,13.441395589034132,0
18.01,0.65,0.0,0.0,1800.0,3.7172025343134982,13.381929123528593,0
18.02,0.65,0.0,0.0,1800.0,3.7006844862914163,13.322464150649099,0
18.03,0.65,0.0,0.0,1800.0,3.6841668510389503,13.263000663740222,0
18.04,0.65,0.0,0.0,1800.0,3.667649626707555,13.203538656147199,0
18.05,0.65,0.0,0.0,1800.0,3.6511328114488695,13.14407812121593,0
18.06,0.65,0.0,0.0,1800.0,3.634616403414714,13.08461905229297,0
18.07,0.65,0.0,0.0,1800.0,3.6181004007570916,13.02516144272553,0
18.080000000000002,0.65,0.0,0.0,1800.0,3.6015848016281864,12.965705285861471,0
18.09,0.65,0.0,0.0,1800.0,3.585069604180362,12.906250575049304,0
18.1,0.65,0.0,0.0,1800.0,3.568554806566162,12.846797303638184,0
18.11,0.65,0.0,0.0,1800.0,3.5520404069383082,12.78734546497791,0
18.12,0.65,0.0,0.0,1800.0,3.5355264034497003,12.727895052418921,0
18.13,0.65,0.0,0.0,1800.0,3.519012794253414,12.668446059312291,0
18.14,0.65,0.0,0.0,1800.0,3.5024995775027024,12.60899847900973,0
18.150000000000002,0.65,0.0,0.0,1800.0,3.485986751350993,12.549552304863575,0
18.16,0.65,0.0,0.0,1800.0,3.4694743139518875,12.490107530226796,0
18.17,0.65,0.0,0.0,1800.0,3.4529622634591615,12.430664148452982,0
18.18,0.65,0.0,0.0,1800.0,3.436450598026763,12.371222152896348,0
18.19,0.65,0.0,0.0,1800.0,3.4199393158088123,12.311781536911724,0
18.2,0.65,0.0,0.0,1800.0,3.4034284149596004,12.25234229385456,0
18.21,0.65,0.0,0.0,1800.0,3.3869178936335884,12.192904417080918,0
18.22,0.65,0.0,0.0,1800.0,3.3704077499854073,12.133467899947467,0
18.23,0.65,0.0,0.0,1800.0,3.353897982169856,12.074032735811482,0
18.240000000000002,0.65,0.0,0.0,1800.0,3.3373885883419017,12.014598918030845,0
18.25,0.65,0.0,0.0,1800.0,3.320879566656678,11.955166439964042,0
18.26,0.65,0.0,0.0,1800.0,3.304370915269485,11.895735294970146,0
18.27,0.65,0.0,0.0,1800.0,3.2878626323357882,11.836305476408837,0
18.28,0.65,0.0,0.0,1800.0,3.2713547160112166,11.77687697764038,0
18.29,0.65,0.0,0.0,1800.0,3.254847164451564,11.717449792025631,0
18.3,0.65,0.0,0.0,1800.0,3.2383399758127864,11.658023912926032,0
18.31,0.65,0.0,0.0,1800.0,3.2218331482510014,11.598599333703605,0
18.32,0.65,0.0,0.0,1800.0,3.205326679922488,11.539176047720957,0
18.330000000000002,0.65,0.0,0.0,1800.0,3.1888205689836857,11.479754048341269,0
18.34,0.65,0.0,0.0,1800.0,3.172314813591193,11.420333328928296,0
18.35,0.65,0.0,0.0,1800.0,3.155809411901768,11.360913882846365,0
18.36,0.65,0.0,0.0,1800.0,3.139304362072325,11.30149570346037,0
18.37,0.65,0.0,0.0,1800.0,3.122799662259937,11.242078784135774,0
18.38,0.65,0.0,0.0,1800.0,3.106295310621832,11.182663118238596,0
18.39,0.65,0.0,0.0,1800.0,3.089791305315394,11.123248699135418,0
18.400000000000002,0.65,0.0,0.0,1800.0,3.0732876444981607,11.06383552019338,0
18.41,0.65,0.0,0.0,1800.0,3.0567843263278243,11.004423574780168,0
18.42,0.65,0.0,0.0,1800.0,3.0402813489622296,10.945012856264027,0
18.43,0.65,0.0,0.0,1800.0,3.0237787105593736,10.885603358013745,0
18.44,0.65,0.0,0.0,1800.0,3.007276409277404,10.826195073398655,0
18.45,0.65,0.0,0.0,1800.0,2.9907744432746193,10.76678799578863,0
18.46,0.65,0.0,0.0,1800.0,2.974272810709467,10.707382118554081,0
18.47,0.65,0.0,0.0,1800.0,2.9577715097405446,10.647977435065961,0
18.48,0.65,0.0,0.0,1800.0,2.941270538526596,10.588573938695745,0
18.490000000000002,0.65,0.0,0.0,1800.0,2.9247698952265133,10.529171622815449,0
18.5,0.65,0.0,0.0,1800.0,2.908269577999334,10.469770480797603,0
18.51,0.65,0.0,0.0,1800.0,2.8917695850042415,10.41037050601527,0
18.52,0.65,0.0,0.0,1800.0,2.8752699144005645,10.350971691842032,0
18.53,0.65,0.0,0.0,1800.0,2.858770564347774,10.291574031651987,0
18.54,0.65,0.0,0.0,1800.0,2.8422715330054853,10.232177518819748,0
18.55,0.65,0.0,0.0,1800.0,2.8257728185334545,10.172782146720436,0
18.56,0.65,0.0,0.0,1800.0,2.8092744190915804,10.11338790872969,0
18.57,0.65,0.0,0.0,1800.0,2.792776332839902,10.053994798223647,0
18.580000000000002,0.65,0.0,0.0,1800.0,2.7762785579385967,9.994602808578948,0
18.59,0.65,0.0,0.0,1800.0,2.7597810925479824,9.935211933172736,0
18.6,0.65,0.0,0.0,1800.0,2.7432839348285145,9.875822165382653,0
18.61,0.65,0.0,0.0,1800.0,2.726787082940785,9.816433498586827,0
18.62,0.65,0.0,0.0,1800.0,2.7102905350455235,9.757045926163885,0
18.63,0.65,0.0,0.0,1800.0,2.6937942893035935,9.697659441492936,0
18.64,0.65,0.0,0.0,1800.0,2.6772983438759947,9.63827403795358,0
18.650000000000002,0.65,0.0,0.0,1800.0,2.6608026969238603,9.578889708925898,0
18.66,0.65,0.0,0.0,1800.0,2.644307346608456,9.519506447790443,0
18.67,0.65,0.0,0.0,1800.0,2.627812291091181,9.460124247928253,0
18.68,0.65,0.0,0.0,1800.0,2.6113175285335646,9.400743102720833,0
18.69,0.65,0.0,0.0,1800.0,2.5948230570972672,9.341363005550162,0
18.7,0.65,0.0,0.0,1800.0,2.5783288749440794,9.281983949798686,0
18.71,0.65,0.0,0.0,1800.0,2.5618349802359206,9.222605928849314,0
18.72,0.65,0.0,0.0,1800.0,2.5453413711348385,9.163228936085419,0
18.73,0.65,0.0,0.0,1800.0,2.5288480458030076,9.103852964890828,0
18.740000000000002,0.65,0.0,0.0,1800.0,2.5123550024027295,9.044478008649826,0
18.75,0.65,0.0,0.0,1800.0,2.4958622390964313,8.985104060747153,0
18.76,0.65,0.0,0.0,1800.0,2.479369754046665,8.925731114567993,0
18.77,0.65,0.0,0.0,1800.0,2.4628775454161063,8.866359163497982,0
18.78,0.65,0.0,0.0,1800.0,2.446385611367555,8.806988200923199,0
18.79,0.65,0.0,0.0,1800.0,2.4298939500639327,8.747618220230159,0
18.8,0.65,0.0,0.0,1800.0,2.4134025596682824,8.688249214805817,0
18.81,0.65,0.0,0.0,1800.0,2.3969114383437686,8.628881178037567,0
18.82,0.65,0.0,0.0,1800.0,2.380420584253675,8.569514103313232,0
18.830000000000002,0.65,0.0,0.0,1800.0,2.3639299955614055,8.51014798402106,0
18.84,0.65,0.0,0.0,1800.0,2.347439670430481,8.450782813549731,0
18.85,0.65,0.0,0.0,1800.0,2.330949607024541,8.391418585288347,0
18.86,0.65,0.0,0.0,1800.0,2.314459803507341,8.332055292626428,0
18.87,0.65,0.0,0.0,1800.0,2.297970258042753,8.27269292895391,0
18.88,0.65,0.0,0.0,1800.0,2.281480968794763,8.213331487661147,0
18.89,0.65,0.0,0.0,1800.0,2.264991933927472,8.1539709621389,0
18.900000000000002,0.65,0.0,0.0,1800.0,2.2485031516050946,8.094611345778342,0
18.91,0.65,0.0,0.0,1800.0,2.2320146199919577,8.035252631971048,0
18.92,0.65,0.0,0.0,1800.0,2.2155263372525003,7.975894814109001,0
18.93,0.65,0.0,0.0,1800.0,2.1990383015512713,7.916537885584577,0
18.94,0.65,0.0,0.0,1800.0,2.182550511052931,7.857181839790552,0
18.95,0.65,0.0,0.0,1800.0,2.1660629639222484,7.797826670120094,0
18.96,0.65,0.0,0.0,1800.0,2.1495756583241006,7.738472369966762,0
18.97,0.65,0.0,0.0,1800.0,2.1330885924234733,7.679118932724504,0
18.98,0.65,0.0,0.0,1800.0,2.1166017643854587,7.619766351787652,0
18.990000000000002,0.65,0.0,0.0,1800.0,2.1001151723752547,7.560414620550917,0
19.0,0.65,0.0,0.0,1800.0,2.083628814558165,7.501063732409394,0
19.01,0.65,0.0,0.0,1800.0,2.067142689099597,7.441713680758549,0
19.02,0.65,0.0,0.0,1800.0,2.050656794165062,7.382364458994224,0
19.03,0.65,0.0,0.0,1800.0,2.034171127920175,7.32301606051263,0
19.04,0.65,0.0,0.0,1800.0,2.0176856885306518,7.263668478710347,0
19.05,0.65,0.0,0.0,1800.0,2.0012004741623093,7.204321706984314,0
19.06,0.65,0.0,0.0,1800.0,1.9847154829810651,7.1449757387318344,0
19.07,0.65,0.0,0.0,1800.0,1.9682307131529366,7.085630567350572,0
19.080000000000002,0.65,0.0,0.0,1800.0,1.9517461628440393,7.026286186238542,0
19.09,0.65,0.0,0.0,1800.0,1.935261830220587,6.966942588794113,0
19.1,0.65,0.0,0.0,1800.0,1.9187777134488904,6.907599768416006,0
19.11,0.65,0.0,0.0,1800.0,1.9022938106953564,6.848257718503283,0
19.12,0.65,0.0,0.0,1800.0,1.8858101201264874,6.788916432455355,0
19.13,0.65,0.0,0.0,1800.0,1.8693266399088804,6.72957590367197,0
19.14,0.65,0.0,0.0,1800.0,1.8528433682092258,6.670236125553213,0
19.150000000000002,0.65,0.0,0.0,1800.0,1.8363603031943077,6.610897091499508,0
19.16,0.65,0.0,0.0,1800.0,1.8198774430310019,6.551558794911607,0
19.17,0.65,0.0,0.0,1800.0,1.8033947858862756,6.4922212291905925,0
19.18,0.65,0.0,0.0,1800.0,1.7869123299271863,6.432884387737871,0
19.19,0.65,0.0,0.0,1800.0,1.7704300733208818,6.373548263955175,0
19.2,0.65,0.0,0.0,1800.0,1.753948014234598,6.314212851244553,0
19.21,0.65,0.0,0.0,1800.0,1.7374661508356597,6.254878143008375,0
19.22,0.65,0.0,0.0,1800.0,1.7209844812914783,6.195544132649322,0
19.23,0.65,0.0,0.0,1800.0,1.7045030037695519,6.136210813570387,0
19.240000000000002,0.65,0.0,0.0,1800.0,1.6880217164374642,6.076878179174871,0
19.25,0.65,0.0,0.0,1800.0,1.6715406174628837,6.017546222866382,0
19.26,0.65,0.0,0.0,1800.0,1.6550597050135631,5.958214938048828,0
19.27,0.65,0.0,0.0,1800.0,1.6385789772573378,5.898884318126417,0
19.28,0.65,0.0,0.0,1800.0,1.6220984323621261,5.839554356503654,0
19.29,0.65,0.0,0.0,1800.0,1.6056180684959276,5.78022504658534,0
19.3,0.65,0.0,0.0,1800.0,1.5891378838268224,5.720896381776561,0
19.31,0.65,0.0,0.0,1800.0,1.5726578765229708,5.661568355482695,0
19.32,0.65,0.0,0.0,1800.0,1.5561780447526123,5.602240961109405,0
19.330000000000002,0.65,0.0,0.0,1800.0,1.5396983866840646,5.542914192062632,0
19.34,0.65,0.0,0.0,1800.0,1.5232189004857224,5.483588041748601,0
19.35,0.65,0.0,0.0,1800.0,1.5067395843260578,5.424262503573808,0
19.36,0.65,0.0,0.0,1800.0,1.4902604363736183,5.364937570945026,0
19.37,0.65,0.0,0.0,1800.0,1.4737814547970265,5.305613237269296,0
19.38,0.65,0.0,0.0,1800.0,1.4573026377649794,5.246289495953926,0
19.39,0.65,0.0,0.0,1800.0,1.440823983446247,5.18696634040649,0
19.400000000000002,0.65,0.0,0.0,1800.0,1.4243454900096724,5.12764376403482,0
19.41,0.65,0.0,0.0,1800.0,1.40786715562417,5.068321760247012,0
19.42,0.65,0.0,0.0,1800.0,1.3913889784587254,5.009000322451412,0
19.43,0.65,0.0,0.0,1800.0,1.3749109566823943,4.94967944405662,0
19.44,0.65,0.0,0.0,1800.0,1.3584330884643017,4.890359118471486,0
19.45,0.65,0.0,0.0,1800.0,1.341955371973641,4.831039339105108,0
19.46,0.65,0.0,0.0,1800.0,1.3254778053796736,4.771720099366825,0
19.47,0.65,0.0,0.0,1800.0,1.3090003868517277,4.71240139266622,0
19.48,0.65,0.0,0.0,1800.0,1.292523114559197,4.65308321241311,0
19.490000000000002,0.65,0.0,0.0,1800.0,1.2760459866715415,4.593765552017549,0
19.5,0.65,0.0,0.0,1800.0,1.2595690013582845,4.534448404889824,0
19.51,0.65,0.0,0.0,1800.0,1.243092156789014,4.475131764440451,0
19.52,0.65,0.0,0.0,1800.0,1.22661545113338,4.415815624080168,0
19.53,0.65,0.0,0.0,1800.0,1.2101388825610948,4.356499977219942,0
19.54,0.65,0.0,0.0,1800.0,1.193662449241932,4.2971848172709555,0
19.55,0.65,0.0,0.0,1800.0,1.1771861493457256,4.237870137644612,0
19.56,0.65,0.0,0.0,1800.0,1.1607099810423689,4.178555931752528,0
19.57,0.65,0.0,0.0,1800.0,1.144233942501814,4.119242193006531,0
19.580000000000002,0.65,0.0,0.0,1800.0,1.127758031894071,4.059928914818656,0
19.59,0.65,0.0,0.0,1800.0,1.1112822473892072,4.000616090601146,0
19.6,0.65,0.0,0.0,1800.0,1.094806587157346,3.941303713766446,0
19.61,0.65,0.0,0.0,1800.0,1.0783310493686666,3.8819917777272,0
19.62,0.65,0.0,0.0,1800.0,1.0618556321934025,3.822680275896249,0
19.63,0.65,0.0,0.0,1800.0,1.0453803338018415,3.7633692016866296,0
19.64,0.65,0.0,0.0,1800.0,1.028905152364324,3.7040585485115667,0
19.650000000000002,0.65,0.0,0.0,1800.0,1.012430086051243,3.644748309784475,0
19.66,0.65,0.0,0.0,1800.0,0.9959551330330426,3.5854384789189533,0
19.67,0.65,0.0,0.0,1800.0,0.9794802914802179,3.5261290493287842,0
19.68,0.65,0.0,0.0,1800.0,0.9630055595633135,3.4668200144279284,0
19.69,0.65,0.0,0.0,1800.0,0.946530935452923,3.407511367630523,0
19.7,0.65,0.0,0.0,1800.0,0.9300564173196884,3.3482031023508783,0
19.71,0.65,0.0,0.0,1800.0,0.9135820033342987,3.2888952120034753,0
19.72,0.65,0.0,0.0,1800.0,0.8971076916674899,3.2295876900029636,0
19.73,0.65,0.0,0.0,1800.0,0.8806334804900435,3.170280529764157,0
19.740000000000002,0.65,0.0,0.0,1800.0,0.8641593679727858,3.110973724702029,0
19.75,0.65,0.0,0.0,1800.0,0.8476853522865874,3.0516672682317147,0
19.76,0.65,0.0,0.0,1800.0,0.8312114316023621,2.9923611537685035,0
19.77,0.65,0.0,0.0,1800.0,0.8147376040910663,2.933055374727839,0
19.78,0.65,0.0,0.0,1800.0,0.798263867923698,2.873749924525313,0
19.79,0.65,0.0,0.0,1800.0,0.7817902212712959,2.8144447965766655,0
19.8,0.65,0.0,0.0,1800.0,0.7653166623049391,2.755139984297781,0
19.81,0.65,0.0,0.0,1800.0,0.7488431891957457,2.6958354811046843,0
19.82,0.65,0.0,0.0,1800.0,0.7323698001148722,2.63653128041354,0
19.830000000000002,0.65,0.0,0.0,1800.0,0.7158964932335128,2.5772273756406463,0
19.84,0.65,0.0,0.0,1800.0,0.6994232667228986,2.517923760202435,0
19.85,0.65,0.0,0.0,1800.0,0.6829501187542963,2.458620427515467,0
19.86,0.65,0.0,0.0,1800.0,0.6664770474990084,2.3993173709964304,0
19.87,0.65,0.0,0.0,1800.0,0.6500040511283711,2.340014584062136,0
19.88,0.65,0.0,0.0,1800.0,0.6335311278137546,2.2807120601295168,0
19.89,0.65,0.0,0.0,1800.0,0.6170582757265618,2.2214097926156224,0
19.900000000000002,0.65,0.0,0.0,1800.0,0.6005854930382273,2.1621077749376183,0
19.91,0.65,0.0,0.0,1800.0,0.5841127779202169,2.1028060005127807,0
19.92,0.65,0.0,0.0,1800.0,0.5676401285440268,2.0435044627584964,0
19.93,0.65,0.0,0.0,1800.0,0.5511675430811825,1.9842031550922572,0
19.94,0.65,0.0,0.0,1800.0,0.5346950197032386,1.924902070931659,0
19.95,0.65,0.0,0.0,1800.0,0.5182225565817771,1.8656012036943974,0
19.96,0.65,0.0,0.0,1800.0,0.5017501518884072,1.806300546798266,0
19.97,0.65,0.0,0.0,1800.0,0.48527780379476443,1.747000093661152,0
19.98,0.65,0.0,0.0,1800.0,0.46880551047250973,1.687699837701035,0
19.990000000000002,0.65,0.0,0.0,1800.0,0.4523332700933286,1.6283997723359829,0
20.0,0.65,0.0,0.0,1800.0,0.4358610808289303,1.5690998909841491,0
20.01,0.65,0.0,0.0,1800.0,0.41938894085104733,1.5098001870637705,0
20.02,0.65,0.0,0.0,1800.0,0.4029168483314341,1.4505006539931629,0
20.03,0.65,0.0,0.0,1800.0,0.3864448014418665,1.3912012851907194,0
20.04,0.65,0.0,0.0,1800.0,0.369972798354141,1.3319020740749077,0
20.05,0.65,0.0,0.0,1800.0,0.3535008372400738,1.2726030140642657,0
20.06,0.65,0.0,0.0,1800.0,0.33702891627150006,1.2133040985774002,0
20.07,0.65,0.0,0.0,1800.0,0.320557033620273,1.1540053210329828,0
20.080000000000002,0.65,0.0,0.0,1800.0,0.30408518745826324,1.0947066748497476,0
20.09,0.65,0.0,0.0,1800.0,0.28761337595735786,1.0354081534464883,0
20.1,0.65,0.0,0.0,1800.0,0.2711415972894596,0.9761097502420545,0
20.11,0.65,0.0,0.0,1800.0,0.2546698496264861,0.91681145865535,0
20.12,0.65,0.0,0.0,1800.0,0.2381981311403691,0.8575132721053288,0
20.13,0.65,0.0,0.0,1800.0,0.22172644000305364,0.7982151840109931,0
20.14,0.65,0.0,0.0,1800.0,0.20525477438649706,0.7389171877913894,0
20.150000000000002,0.65,0.0,0.0,1800.0,0.18878313246266845,0.6796192768656064,0
20.16,0.65,0.0,0.0,1800.0,0.17231151240354767,0.6203214446527716,0
20.17,0.65,0.0,0.0,1800.0,0.1558399123811246,0.5610236845720485,0
20.18,0.65,0.0,0.0,1800.0,0.13936833056739836,0.5017259900426341,0
20.19,0.65,0.0,0.0,1800.0,0.1228967651343764,0.44242835448375506,0
20.2,0.65,0.0,0.0,1800.0,0.10642521425407378,0.3831307713146656,0
20.21,0.65,0.0,0.0,1800.0,0.08995367609851229,0.32383323395464425,1
20.22,0.65,0.0,0.0,1800.0,0.07348214883971972,0.264535735822991,1
20.23,0.65,0.0,0.0,1800.0,0.057010630649728965,0.20523827033902428,1
20.240000000000002,0.65,0.0,0.0,1800.0,0.04053911970057727,0.14594083092207816,1
20.25,0.65,0.0,0.0,1800.0,0.024067614164305383,0.08664341099149939,1
20.26,0.65,0.0,0.0,1800.0,0.007596112212956772,0.02734600396664438,1
20.27,0.65,0.0,0.0,1800.0,0.0,0.0,1
20.28,0.65,0.0,0.0,1800.0,0.0,0.0,1
20.29,0.65,0.0,0.0,1800.0,0.0,0.0,1
20.3,0.65,0.0,0.0,1800.0,0.0,0.0,1
20.31,0.65,0.0,0.0,1800.0,0.0,0.0,1
20.32,0.65,0.0,0.0,1800.0,0.0,0.0,1
20.330000000000002,0.65,0.0,0.0,1800.0,0.0,0.0,1
20.34,0.65,0.0,0.0,1800.0,0.0,0.0,1
20.35,0.65,0.0,0.0,1800.0,0.0,0.0,1
20.36,0.65,0.0,0.0,1800.0,0.0,0.0,1
20.37,0.65,0.0,0.0,1800.0,0.0,0.0,1
20.38,0.65,0.0,0.0,1800.0,0.0,0.0,1
20.39,0.65,0.0,0.0,1800.0,0.0,0.0,1
20.400000000000002,0.65,0.0,0.0,1800.0,0.0,0.0,1
20.41,0.65,0.0,0.0,1800.0,0.0,0.0,1
20.42,0.65,0.0,0.0,1800.0,0.0,0.0,1
20.43,0.65,0.0,0.0,1800.0,0.0,0.0,1
20.44,0.65,0.0,0.0,1800.0,0.0,0.0,1
20.45,0.65,0.0,0.0,1800.0,0.0,0.0,1
20.46,0.65,0.0,0.0,1800.0,0.0,0.0,1
20.47,0.65,0.0,0.0,1800.0,0.0,0.0,1
20.48,0.65,0.0,0.0,1800.0,0.0,0.0,1
20.490000000000002,0.65,0.0,0.0,1800.0,0.0,0.0,1
20.5,0.65,0.0,0.0,1800.0,0.0,0.0,1
20.51,0.65,0.0,0.0,1800.0,0.0,0.0,1
20.52,0.65,0.0,0.0,1800.0,0.0,0.0,1
20.53,0.65,0.0,0.0,1800.0,0.0,0.0,1
20.54,0.65,0.0,0.0,1800.0,0.0,0.0,1
20.55,0.65,0.0,0.0,1800.0,0.0,0.0,1
20.56,0.65,0.0,0.0,1800.0,0.0,0.0,1
20.57,0.65,0.0,0.0,1800.0,0.0,0.0,1
20.580000000000002,0.65,0.0,0.0,1800.0,0.0,0.0,1
20.59,0.65,0.0,0.0,1800.0,0.0,0.0,1
20.6,0.65,0.0,0.0,1800.0,0.0,0.0,1
20.61,0.65,0.0,0.0,1800.0,0.0,0.0,1
20.62,0.65,0.0,0.0,1800.0,0.0,0.0,1
20.63,0.65,0.0,0.0,1800.0,0.0,0.0,1
20.64,0.65,0.0,0.0,1800.0,0.0,0.0,1
20.650000000000002,0.65,0.0,0.0,1800.0,0.0,0.0,1
20.66,0.65,0.0,0.0,1800.0,0.0,0.0,1
20.67,0.65,0.0,0.0,1800.0,0.0,0.0,1
20.68,0.65,0.0,0.0,1800.0,0.0,0.0,1
20.69,0.65,0.0,0.0,1800.0,0.0,0.0,1
20.7,0.65,0.0,0.0,1800.0,0.0,0.0,1
20.71,0.65,0.0,0.0,1800.0,0.0,0.0,1
20.72,0.65,0.0,0.0,1800.0,0.0,0.0,1
20.73,0.65,0.0,0.0,1800.0,0.0,0.0,1
20.740000000000002,0.65,0.0,0.0,1800.0,0.0,0.0,1
20.75,0.65,0.0,0.0,1800.0,0.0,0.0,1
20.76,0.65,0.0,0.0,1800.0,0.0,0.0,1
20.77,0.65,0.0,0.0,1800.0,0.0,0.0,1
20.78,0.65,0.0,0.0,1800.0,0.0,0.0,1
20.79,0.65,0.0,0.0,1800.0,0.0,0.0,1
20.8,0.65,0.0,0.0,1800.0,0.0,0.0,1
20.81,0.65,0.0,0.0,1800.0,0.0,0.0,1
20.82,0.65,0.0,0.0,1800.0,0.0,0.0,1
20.830000000000002,0.65,0.0,0.0,1800.0,0.0,0.0,1
20.84,0.65,0.0,0.0,1800.0,0.0,0.0,1
20.85,0.65,0.0,0.0,1800.0,0.0,0.0,1
20.86,0.65,0.0,0.0,1800.0,0.0,0.0,1
20.87,0.65,0.0,0.0,1800.0,0.0,0.0,1
20.88,0.65,0.0,0.0,1800.0,0.0,0.0,1
20.89,0.65,0.0,0.0,1800.0,0.0,0.0,1
20.900000000000002,0.65,0.0,0.0,1800.0,0.0,0.0,1
20.91,0.65,0.0,0.0,1800.0,0.0,0.0,1
20.92,0.65,0.0,0.0,1800.0,0.0,0.0,1
20.93,0.65,0.0,0.0,1800.0,0.0,0.0,1
20.94,0.65,0.0,0.0,1800.0,0.0,0.0,1
20.95,0.65,0.0,0.0,1800.0,0.0,0.0,1
20.96,0.65,0.0,0.0,1800.0,0.0,0.0,1
20.97,0.65,0.0,0.0,1800.0,0.0,0.0,1
20.98,0.65,0.0,0.0,1800.0,0.0,0.0,1
20.990000000000002,0.65,0.0,0.0,1800.0,0.0,0.0,1
21.0,0.65,0.0,0.0,1800.0,0.0,0.0,1
21.01,0.65,0.0,0.0,1800.0,0.0,0.0,1
21.02,0.65,0.0,0.0,1800.0,0.0,0.0,1
21.03,0.65,0.0,0.0,1800.0,0.0,0.0,1
21.04,0.65,0.0,0.0,1800.0,0.0,0.0,1
21.05,0.65,0.0,0.0,1800.0,0.0,0.0,1
21.06,0.65,0.0,0.0,1800.0,0.0,0.0,1
21.07,0.65,0.0,0.0,1800.0,0.0,0.0,1
21.080000000000002,0.65,0.0,0.0,1800.0,0.0,0.0,1
21.09,0.65,0.0,0.0,1800.0,0.0,0.0,1
21.1,0.65,0.0,0.0,1800.0,0.0,0.0,1
21.11,0.65,0.0,0.0,1800.0,0.0,0.0,1
21.12,0.65,0.0,0.0,1800.0,0.0,0.0,1
21.13,0.65,0.0,0.0,1800.0,0.0,0.0,1
21.14,0.65,0.0,0.0,1800.0,0.0,0.0,1
21.150000000000002,0.65,0.0,0.0,1800.0,0.0,0.0,1
21.16,0.65,0.0,0.0,1800.0,0.0,0.0,1
21.17,0.65,0.0,0.0,1800.0,0.0,0.0,1
21.18,0.65,0.0,0.0,1800.0,0.0,0.0,1
21.19,0.65,0.0,0.0,1800.0,0.0,0.0,1
21.2,0.65,0.0,0.0,1800.0,0.0,0.0,1
21.21,0.65,0.0,0.0,1800.0,0.0,0.0,1
21.22,0.65,0.0,0.0,1800.0,0.0,0.0,1
21.23,0.65,0.0,0.0,1800.0,0.0,0.0,1
21.240000000000002,0.65,0.0,0.0,1800.0,0.0,0.0,1
21.25,0.65,0.0,0.0,1800.0,0.0,0.0,1
21.26,0.65,0.0,0.0,1800.0,0.0,0.0,1
21.27,0.65,0.0,0.0,1800.0,0.0,0.0,1
21.28,0.65,0.0,0.0,1800.0,0.0,0.0,1
21.29,0.65,0.0,0.0,1800.0,0.0,0.0,1
21.3,0.65,0.0,0.0,1800.0,0.0,0.0,1
21.31,0.65,0.0,0.0,1800.0,0.0,0.0,1
21.32,0.65,0.0,0.0,1800.0,0.0,0.0,1
21.330000000000002,0.65,0.0,0.0,1800.0,0.0,0.0,1
21.34,0.65,0.0,0.0,1800.0,0.0,0.0,1
21.35,0.65,0.0,0.0,1800.0,0.0,0.0,1
21.36,0.65,0.0,0.0,1800.0,0.0,0.0,1
21.37,0.65,0.0,0.0,1800.0,0.0,0.0,1
21.38,0.65,0.0,0.0,1800.0,0.0,0.0,1
21.39,0.65,0.0,0.0,1800.0,0.0,0.0,1
21.400000000000002,0.65,0.0,0.0,1800.0,0.0,0.0,1
21.41,0.65,0.0,0.0,1800.0,0.0,0.0,1
21.42,0.65,0.0,0.0,1800.0,0.0,0.0,1
21.43,0.65,0.0,0.0,1800.0,0.0,0.0,1
21.44,0.65,0.0,0.0,1800.0,0.0,0.0,1
21.45,0.65,0.0,0.0,1800.0,0.0,0.0,1
21.46,0.65,0.0,0.0,1800.0,0.0,0.0,1
21.47,0.65,0.0,0.0,1800.0,0.0,0.0,1
21.48,0.65,0.0,0.0,1800.0,0.0,0.0,1
21.490000000000002,0.65,0.0,0.0,1800.0,0.0,0.0,1
21.5,0.65,0.0,0.0,1800.0,0.0,0.0,1
21.51,0.65,0.0,0.0,1800.0,0.0,0.0,1
21.52,0.65,0.0,0.0,1800.0,0.0,0.0,1
21.53,0.65,0.0,0.0,1800.0,0.0,0.0,1
21.54,0.65,0.0,0.0,1800.0,0.0,0.0,1
21.55,0.65,0.0,0.0,1800.0,0.0,0.0,1
21.56,0.65,0.0,0.0,1800.0,0.0,0.0,1
21.57,0.65,0.0,0.0,1800.0,0.0,0.0,1
21.580000000000002,0.65,0.0,0.0,1800.0,0.0,0.0,1
21.59,0.65,0.0,0.0,1800.0,0.0,0.0,1
21.6,0.65,0.0,0.0,1800.0,0.0,0.0,1
21.61,0.65,0.0,0.0,1800.0,0.0,0.0,1
21.62,0.65,0.0,0.0,1800.0,0.0,0.0,1
21.63,0.65,0.0,0.0,1800.0,0.0,0.0,1
21.64,0.65,0.0,0.0,1800.0,0.0,0.0,1
21.650000000000002,0.65,0.0,0.0,1800.0,0.0,0.0,1
21.66,0.65,0.0,0.0,1800.0,0.0,0.0,1
21.67,0.65,0.0,0.0,1800.0,0.0,0.0,1
21.68,0.65,0.0,0.0,1800.0,0.0,0.0,1
21.69,0.65,0.0,0.0,1800.0,0.0,0.0,1
21.7,0.65,0.0,0.0,1800.0,0.0,0.0,1
21.71,0.65,0.0,0.0,1800.0,0.0,0.0,1
21.72,0.65,0.0,0.0,1800.0,0.0,0.0,1
21.73,0.65,0.0,0.0,1800.0,0.0,0.0,1
21.740000000000002,0.65,0.0,0.0,1800.0,0.0,0.0,1
21.75,0.65,0.0,0.0,1800.0,0.0,0.0,1
21.76,0.65,0.0,0.0,1800.0,0.0,0.0,1
21.77,0.65,0.0,0.0,1800.0,0.0,0.0,1
21.78,0.65,0.0,0.0,1800.0,0.0,0.0,1
21.79,0.65,0.0,0.0,1800.0,0.0,0.0,1
21.8,0.65,0.0,0.0,1800.0,0.0,0.0,1
21.81,0.65,0.0,0.0,1800.0,0.0,0.0,1
21.82,0.65,0.0,0.0,1800.0,0.0,0.0,1
21.830000000000002,0.65,0.0,0.0,1800.0,0.0,0.0,1
21.84,0.65,0.0,0.0,1800.0,0.0,0.0,1
21.85,0.65,0.0,0.0,1800.0,0.0,0.0,1
21.86,0.65,0.0,0.0,1800.0,0.0,0.0,1
21.87,0.65,0.0,0.0,1800.0,0.0,0.0,1
21.88,0.65,0.0,0.0,1800.0,0.0,0.0,1
21.89,0.65,0.0,0.0,1800.0,0.0,0.0,1
21.900000000000002,0.65,0.0,0.0,1800.0,0.0,0.0,1
21.91,0.65,0.0,0.0,1800.0,0.0,0.0,1
21.92,0.65,0.0,0.0,1800.0,0.0,0.0,1
21.93,0.65,0.0,0.0,1800.0,0.0,0.0,1
21.94,0.65,0.0,0.0,1800.0,0.0,0.0,1
21.95,0.65,0.0,0.0,1800.0,0.0,0.0,1
21.96,0.65,0.0,0.0,1800.0,0.0,0.0,1
21.97,0.65,0.0,0.0,1800.0,0.0,0.0,1
21.98,0.65,0.0,0.0,1800.0,0.0,0.0,1
21.990000000000002,0.65,0.0,0.0,1800.0,0.0,0.0,1
22.0,0.65,0.0,0.0,1800.0,0.0,0.0,1
22.01,0.65,0.0,0.0,1800.0,0.0,0.0,1
22.02,0.65,0.0,0.0,1800.0,0.0,0.0,1
22.03,0.65,0.0,0.0,1800.0,0.0,0.0,1
22.04,0.65,0.0,0.0,1800.0,0.0,0.0,1
22.05,0.65,0.0,0.0,1800.0,0.0,0.0,1
22.06,0.65,0.0,0.0,1800.0,0.0,0.0,1
22.07,0.65,0.0,0.0,1800.0,0.0,0.0,1
22.080000000000002,0.65,0.0,0.0,1800.0,0.0,0.0,1
22.09,0.65,0.0,0.0,1800.0,0.0,0.0,1
22.1,0.65,0.0,0.0,1800.0,0.0,0.0,1
22.11,0.65,0.0,0.0,1800.0,0.0,0.0,1
22.12,0.65,0.0,0.0,1800.0,0.0,0.0,1
22.13,0.65,0.0,0.0,1800.0,0.0,0.0,1
22.14,0.65,0.0,0.0,1800.0,0.0,0.0,1
22.150000000000002,0.65,0.0,0.0,1800.0,0.0,0.0,1
22.16,0.65,0.0,0.0,1800.0,0.0,0.0,1
22.17,0.65,0.0,0.0,1800.0,0.0,0.0,1
22.18,0.65,0.0,0.0,1800.0,0.0,0.0,1
22.19,0.65,0.0,0.0,1800.0,0.0,0.0,1
22.2,0.65,0.0,0.0,1800.0,0.0,0.0,1
22.21,0.65,0.0,0.0,1800.0,0.0,0.0,1
22.22,0.65,0.0,0.0,1800.0,0.0,0.0,1
22.23,0.65,0.0,0.0,1800.0,0.0,0.0,1
22.240000000000002,0.65,0.0,0.0,1800.0,0.0,0.0,1
22.25,0.65,0.0,0.0,1800.0,0.0,0.0,1
22.26,0.65,0.0,0.0,1800.0,0.0,0.0,1
22.27,0.65,0.0,0.0,1800.0,0.0,0.0,1
22.28,0.65,0.0,0.0,1800.0,0.0,0.0,1
22.29,0.65,0.0,0.0,1800.0,0.0,0.0,1
22.3,0.65,0.0,0.0,1800.0,0.0,0.0,1
22.31,0.65,0.0,0.0,1800.0,0.0,0.0,1
22.32,0.65,0.0,0.0,1800.0,0.0,0.0,1
22.330000000000002,0.65,0.0,0.0,1800.0,0.0,0.0,1
22.34,0.65,0.0,0.0,1800.0,0.0,0.0,1
22.35,0.65,0.0,0.0,1800.0,0.0,0.0,1
22.36,0.65,0.0,0.0,1800.0,0.0,0.0,1
22.37,0.65,0.0,0.0,1800.0,0.0,0.0,1
22.38,0.65,0.0,0.0,1800.0,0.0,0.0,1
22.39,0.65,0.0,0.0,1800.0,0.0,0.0,1
22.400000000000002,0.65,0.0,0.0,1800.0,0.0,0.0,1
22.41,0.65,0.0,0.0,1800.0,0.0,0.0,1
22.42,0.65,0.0,0.0,1800.0,0.0,0.0,1
22.43,0.65,0.0,0.0,1800.0,0.0,0.0,1
22.44,0.65,0.0,0.0,1800.0,0.0,0.0,1
22.45,0.65,0.0,0.0,1800.0,0.0,0.0,1
22.46,0.65,0.0,0.0,1800.0,0.0,0.0,1
22.47,0.65,0.0,0.0,1800.0,0.0,0.0,1
22.48,0.65,0.0,0.0,1800.0,0.0,0.0,1
22.490000000000002,0.65,0.0,0.0,1800.0,0.0,0.0,1
22.5,0.65,0.0,0.0,1800.0,0.0,0.0,1
22.51,0.65,0.0,0.0,1800.0,0.0,0.0,1
22.52,0.65,0.0,0.0,1800.0,0.0,0.0,1
22.53,0.65,0.0,0.0,1800.0,0.0,0.0,1
22.54,0.65,0.0,0.0,1800.0,0.0,0.0,1
22.55,0.65,0.0,0.0,1800.0,0.0,0.0,1
22.56,0.65,0.0,0.0,1800.0,0.0,0.0,1
22.57,0.65,0.0,0.0,1800.0,0.0,0.0,1
22.580000000000002,0.65,0.0,0.0,1800.0,0.0,0.0,1
22.59,0.65,0.0,0.0,1800.0,0.0,0.0,1
22.6,0.65,0.0,0.0,1800.0,0.0,0.0,1
22.61,0.65,0.0,0.0,1800.0,0.0,0.0,1
22.62,0.65,0.0,0.0,1800.0,0.0,0.0,1
22.63,0.65,0.0,0.0,1800.0,0.0,0.0,1
22.64,0.65,0.0,0.0,1800.0,0.0,0.0,1
22.650000000000002,0.65,0.0,0.0,1800.0,0.0,0.0,1
22.66,0.65,0.0,0.0,1800.0,0.0,0.0,1
22.67,0.65,0.0,0.0,1800.0,0.0,0.0,1
22.68,0.65,0.0,0.0,1800.0,0.0,0.0,1
22.69,0.65,0.0,0.0,1800.0,0.0,0.0,1
22.7,0.65,0.0,0.0,1800.0,0.0,0.0,1
22.71,0.65,0.0,0.0,1800.0,0.0,0.0,1
22.72,0.65,0.0,0.0,1800.0,0.0,0.0,1
22.73,0.65,0.0,0.0,1800.0,0.0,0.0,1
22.740000000000002,0.65,0.0,0.0,1800.0,0.0,0.0,1
22.75,0.65,0.0,0.0,1800.0,0.0,0.0,1
22.76,0.65,0.0,0.0,1800.0,0.0,0.0,1
22.77,0.65,0.0,0.0,1800.0,0.0,0.0,1
22.78,0.65,0.0,0.0,1800.0,0.0,0.0,1
22.79,0.65,0.0,0.0,1800.0,0.0,0.0,1
22.8,0.65,0.0,0.0,1800.0,0.0,0.0,1
22.81,0.65,0.0,0.0,1800.0,0.0,0.0,1
22.82,0.65,0.0,0.0,1800.0,0.0,0.0,1
22.830000000000002,0.65,0.0,0.0,1800.0,0.0,0.0,1
22.84,0.65,0.0,0.0,1800.0,0.0,0.0,1
22.85,0.65,0.0,0.0,1800.0,0.0,0.0,1
22.86,0.65,0.0,0.0,1800.0,0.0,0.0,1
22.87,0.65,0.0,0.0,1800.0,0.0,0.0,1
22.88,0.65,0.0,0.0,1800.0,0.0,0.0,1
22.89,0.65,0.0,0.0,1800.0,0.0,0.0,1
22.900000000000002,0.65,0.0,0.0,1800.0,0.0,0.0,1
22.91,0.65,0.0,0.0,1800.0,0.0,0.0,1
22.92,0.65,0.0,0.0,1800.0,0.0,0.0,1
22.93,0.65,0.0,0.0,1800.0,0.0,0.0,1
22.94,0.65,0.0,0.0,1800.0,0.0,0.0,1
22.95,0.65,0.0,0.0,1800.0,0.0,0.0,1
22.96,0.65,0.0,0.0,1800.0,0.0,0.0,1
22.97,0.65,0.0,0.0,1800.0,0.0,0.0,1
22.98,0.65,0.0,0.0,1800.0,0.0,0.0,1
22.990000000000002,0.65,0.0,0.0,1800.0,0.0,0.0,1
23.0,0.65,0.0,0.0,1800.0,0.0,0.0,1
23.01,0.65,0.0,0.0,1800.0,0.0,0.0,1
23.02,0.65,0.0,0.0,1800.0,0.0,0.0,1
23.03,0.65,0.0,0.0,1800.0,0.0,0.0,1
23.04,0.65,0.0,0.0,1800.0,0.0,0.0,1
23.05,0.65,0.0,0.0,1800.0,0.0,0.0,1
23.06,0.65,0.0,0.0,1800.0,0.0,0.0,1
23.07,0.65,0.0,0.0,1800.0,0.0,0.0,1
23.080000000000002,0.65,0.0,0.0,1800.0,0.0,0.0,1
23.09,0.65,0.0,0.0,1800.0,0.0,0.0,1
23.1,0.65,0.0,0.0,1800.0,0.0,0.0,1
23.11,0.65,0.0,0.0,1800.0,0.0,0.0,1
23.12,0.65,0.0,0.0,1800.0,0.0,0.0,1
23.13,0.65,0.0,0.0,1800.0,0.0,0.0,1
23.14,0.65,0.0,0.0,1800.0,0.0,0.0,1
23.150000000000002,0.65,0.0,0.0,1800.0,0.0,0.0,1
23.16,0.65,0.0,0.0,1800.0,0.0,0.0,1
23.17,0.65,0.0,0.0,1800.0,0.0,0.0,1
23.18,0.65,0.0,0.0,1800.0,0.0,0.0,1
23.19,0.65,0.0,0.0,1800.0,0.0,0.0,1
23.2,0.65,0.0,0.0,1800.0,0.0,0.0,1
23.21,0.65,0.0,0.0,1800.0,0.0,0.0,1
23.22,0.65,0.0,0.0,1800.0,0.0,0.0,1
23.23,0.65,0.0,0.0,1800.0,0.0,0.0,1
23.240000000000002,0.65,0.0,0.0,1800.0,0.0,0.0,1
23.25,0.65,0.0,0.0,1800.0,0.0,0.0,1
23.26,0.65,0.0,0.0,1800.0,0.0,0.0,1
23.27,0.65,0.0,0.0,1800.0,0.0,0.0,1
23.28,0.65,0.0,0.0,1800.0,0.0,0.0,1
23.29,0.65,0.0,0.0,1800.0,0.0,0.0,1
23.3,0.65,0.0,0.0,1800.0,0.0,0.0,1
23.31,0.65,0.0,0.0,1800.0,0.0,0.0,1
23.32,0.65,0.0,0.0,1800.0,0.0,0.0,1
23.330000000000002,0.65,0.0,0.0,1800.0,0.0,0.0,1
23.34,0.65,0.0,0.0,1800.0,0.0,0.0,1
23.35,0.65,0.0,0.0,1800.0,0.0,0.0,1
23.36,0.65,0.0,0.0,1800.0,0.0,0.0,1
23.37,0.65,0.0,0.0,1800.0,0.0,0.0,1
23.38,0.65,0.0,0.0,1800.0,0.0,0.0,1
23.39,0.65,0.0,0.0,1800.0,0.0,0.0,1
23.400000000000002,0.65,0.0,0.0,1800.0,0.0,0.0,1
23.41,0.65,0.0,0.0,1800.0,0.0,0.0,1
23.42,0.65,0.0,0.0,1800.0,0.0,0.0,1
23.43,0.65,0.0,0.0,1800.0,0.0,0.0,1
23.44,0.65,0.0,0.0,1800.0,0.0,0.0,1
23.45,0.65,0.0,0.0,1800.0,0.0,0.0,1
23.46,0.65,0.0,0.0,1800.0,0.0,0.0,1
23.47,0.65,0.0,0.0,1800.0,0.0,0.0,1
23.48,0.65,0.0,0.0,1800.0,0.0,0.0,1
23.490000000000002,0.65,0.0,0.0,1800.0,0.0,0.0,1
23.5,0.65,0.0,0.0,1800.0,0.0,0.0,1
23.51,0.65,0.0,0.0,1800.0,0.0,0.0,1
23.52,0.65,0.0,0.0,1800.0,0.0,0.0,1
23.53,0.65,0.0,0.0,1800.0,0.0,0.0,1
23.54,0.65,0.0,0.0,1800.0,0.0,0.0,1
23.55,0.65,0.0,0.0,1800.0,0.0,0.0,1
23.56,0.65,0.0,0.0,1800.0,0.0,0.0,1
23.57,0.65,0.0,0.0,1800.0,0.0,0.0,1
23.580000000000002,0.65,0.0,0.0,1800.0,0.0,0.0,1
23.59,0.65,0.0,0.0,1800.0,0.0,0.0,1
23.6,0.65,0.0,0.0,1800.0,0.0,0.0,1
23.61,0.65,0.0,0.0,1800.0,0.0,0.0,1
23.62,0.65,0.0,0.0,1800.0,0.0,0.0,1
23.63,0.65,0.0,0.0,1800.0,0.0,0.0,1
23.64,0.65,0.0,0.0,1800.0,0.0,0.0,1
23.650000000000002,0.65,0.0,0.0,1800.0,0.0,0.0,1
23.66,0.65,0.0,0.0,1800.0,0.0,0.0,1
23.67,0.65,0.0,0.0,1800.0,0.0,0.0,1
23.68,0.65,0.0,0.0,1800.0,0.0,0.0,1
23.69,0.65,0.0,0.0,1800.0,0.0,0.0,1
23.7,0.65,0.0,0.0,1800.0,0.0,0.0,1
23.71,0.65,0.0,0.0,1800.0,0.0,0.0,1
23.72,0.65,0.0,0.0,1800.0,0.0,0.0,1
23.73,0.65,0.0,0.0,1800.0,0.0,0.0,1
23.740000000000002,0.65,0.0,0.0,1800.0,0.0,0.0,1
23.75,0.65,0.0,0.0,1800.0,0.0,0.0,1
23.76,0.65,0.0,0.0,1800.0,0.0,0.0,1
23.77,0.65,0.0,0.0,1800.0,0.0,0.0,1
23.78,0.65,0.0,0.0,1800.0,0.0,0.0,1
23.79,0.65,0.0,0.0,1800.0,0.0,0.0,1
23.8,0.65,0.0,0.0,1800.0,0.0,0.0,1
23.81,0.65,0.0,0.0,1800.0,0.0,0.0,1
23.82,0.65,0.0,0.0,1800.0,0.0,0.0,1
23.830000000000002,0.65,0.0,0.0,1800.0,0.0,0.0,1
23.84,0.65,0.0,0.0,1800.0,0.0,0.0,1
23.85,0.65,0.0,0.0,1800.0,0.0,0.0,1
23.86,0.65,0.0,0.0,1800.0,0.0,0.0,1
23.87,0.65,0.0,0.0,1800.0,0.0,0.0,1
23.88,0.65,0.0,0.0,1800.0,0.0,0.0,1
23.89,0.65,0.0,0.0,1800.0,0.0,0.0,1
23.900000000000002,0.65,0.0,0.0,1800.0,0.0,0.0,1
23.91,0.65,0.0,0.0,1800.0,0.0,0.0,1
23.92,0.65,0.0,0.0,1800.0,0.0,0.0,1
23.93,0.65,0.0,0.0,1800.0,0.0,0.0,1
23.94,0.65,0.0,0.0,1800.0,0.0,0.0,1
23.95,0.65,0.0,0.0,1800.0,0.0,0.0,1
23.96,0.65,0.0,0.0,1800.0,0.0,0.0,1
23.97,0.65,0.0,0.0,1800.0,0.0,0.0,1
23.98,0.65,0.0,0.0,1800.0,0.0,0.0,1
23.990000000000002,0.65,0.0,0.0,1800.0,0.0,0.0,1
24.0,0.65,0.0,0.0,1800.0,0.0,0.0,1
24.01,0.65,0.0,0.0,1800.0,0.0,0.0,1
24.02,0.65,0.0,0.0,1800.0,0.0,0.0,1
24.03,0.65,0.0,0.0,1800.0,0.0,0.0,1
24.04,0.65,0.0,0.0,1800.0,0.0,0.0,1
24.05,0.65,0.0,0.0,1800.0,0.0,0.0,1
24.060000000000002,0.65,0.0,0.0,1800.0,0.0,0.0,1
24.07,0.65,0.0,0.0,1800.0,0.0,0.0,1
24.080000000000002,0.65,0.0,0.0,1800.0,0.0,0.0,1
24.09,0.65,0.0,0.0,1800.0,0.0,0.0,1
24.1,0.65,0.0,0.0,1800.0,0.0,0.0,1
24.11,0.65,0.0,0.0,1800.0,0.0,0.0,1
24.12,0.65,0.0,0.0,1800.0,0.0,0.0,1
24.13,0.65,0.0,0.0,1800.0,0.0,0.0,1
24.14,0.65,0.0,0.0,1800.0,0.0,0.0,1
24.150000000000002,0.65,0.0,0.0,1800.0,0.0,0.0,1
24.16,0.65,0.0,0.0,1800.0,0.0,0.0,1
24.17,0.65,0.0,0.0,1800.0,0.0,0.0,1
24.18,0.65,0.0,0.0,1800.0,0.0,0.0,1
24.19,0.65,0.0,0.0,1800.0,0.0,0.0,1
24.2,0.65,0.0,0.0,1800.0,0.0,0.0,1
24.21,0.65,0.0,0.0,1800.0,0.0,0.0,1
24.22,0.65,0.0,0.0,1800.0,0.0,0.0,1
24.23,0.65,0.0,0.0,1800.0,0.0,0.0,1
24.240000000000002,0.65,0.0,0.0,1800.0,0.0,0.0,1
24.25,0.65,0.0,0.0,1800.0,0.0,0.0,1
24.26,0.65,0.0,0.0,1800.0,0.0,0.0,1
24.27,0.65,0.0,0.0,1800.0,0.0,0.0,1
24.28,0.65,0.0,0.0,1800.0,0.0,0.0,1
24.29,0.65,0.0,0.0,1800.0,0.0,0.0,1
24.3,0.65,0.0,0.0,1800.0,0.0,0.0,1
24.310000000000002,0.65,0.0,0.0,1800.0,0.0,0.0,1
24.32,0.65,0.0,0.0,1800.0,0.0,0.0,1
24.330000000000002,0.65,0.0,0.0,1800.0,0.0,0.0,1
24.34,0.65,0.0,0.0,1800.0,0.0,0.0,1
24.35,0.65,0.0,0.0,1800.0,0.0,0.0,1
24.36,0.65,0.0,0.0,1800.0,0.0,0.0,1
24.37,0.65,0.0,0.0,1800.0,0.0,0.0,1
24.38,0.65,0.0,0.0,1800.0,0.0,0.0,1
24.39,0.65,0.0,0.0,1800.0,0.0,0.0,1
24.400000000000002,0.65,0.0,0.0,1800.0,0.0,0.0,1
24.41,0.65,0.0,0.0,1800.0,0.0,0.0,1
24.42,0.65,0.0,0.0,1800.0,0.0,0.0,1
24.43,0.65,0.0,0.0,1800.0,0.0,0.0,1
24.44,0.65,0.0,0.0,1800.0,0.0,0.0,1
24.45,0.65,0.0,0.0,1800.0,0.0,0.0,1
24.46,0.65,0.0,0.0,1800.0,0.0,0.0,1
24.47,0.65,0.0,0.0,1800.0,0.0,0.0,1
24.48,0.65,0.0,0.0,1800.0,0.0,0.0,1
24.490000000000002,0.65,0.0,0.0,1800.0,0.0,0.0,1
24.5,0.65,0.0,0.0,1800.0,0.0,0.0,1
24.51,0.65,0.0,0.0,1800.0,0.0,0.0,1
24.52,0.65,0.0,0.0,1800.0,0.0,0.0,1
24.53,0.65,0.0,0.0,1800.0,0.0,0.0,1
24.54,0.65,0.0,0.0,1800.0,0.0,0.0,1
24.55,0.65,0.0,0.0,1800.0,0.0,0.0,1
24.560000000000002,0.65,0.0,0.0,1800.0,0.0,0.0,1
24.57,0.65,0.0,0.0,1800.0,0.0,0.0,1
24.580000000000002,0.65,0.0,0.0,1800.0,0.0,0.0,1
24.59,0.65,0.0,0.0,1800.0,0.0,0.0,1
24.6,0.65,0.0,0.0,1800.0,0.0,0.0,1
24.61,0.65,0.0,0.0,1800.0,0.0,0.0,1
24.62,0.65,0.0,0.0,1800.0,0.0,0.0,1
24.63,0.65,0.0,0.0,1800.0,0.0,0.0,1
24.64,0.65,0.0,0.0,1800.0,0.0,0.0,1
24.650000000000002,0.65,0.0,0.0,1800.0,0.0,0.0,1
24.66,0.65,0.0,0.0,1800.0,0.0,0.0,1
24.67,0.65,0.0,0.0,1800.0,0.0,0.0,1
24.68,0.65,0.0,0.0,1800.0,0.0,0.0,1
24.69,0.65,0.0,0.0,1800.0,0.0,0.0,1
24.7,0.65,0.0,0.0,1800.0,0.0,0.0,1
24.71,0.65,0.0,0.0,1800.0,0.0,0.0,1
24.72,0.65,0.0,0.0,1800.0,0.0,0.0,1
24.73,0.65,0.0,0.0,1800.0,0.0,0.0,1
24.740000000000002,0.65,0.0,0.0,1800.0,0.0,0.0,1
24.75,0.65,0.0,0.0,1800.0,0.0,0.0,1
24.76,0.65,0.0,0.0,1800.0,0.0,0.0,1
24.77,0.65,0.0,0.0,1800.0,0.0,0.0,1
24.78,0.65,0.0,0.0,1800.0,0.0,0.0,1
24.79,0.65,0.0,0.0,1800.0,0.0,0.0,1
24.8,0.65,0.0,0.0,1800.0,0.0,0.0,1
24.810000000000002,0.65,0.0,0.0,1800.0,0.0,0.0,1
24.82,0.65,0.0,0.0,1800.0,0.0,0.0,1
24.830000000000002,0.65,0.0,0.0,1800.0,0.0,0.0,1
24.84,0.65,0.0,0.0,1800.0,0.0,0.0,1
24.85,0.65,0.0,0.0,1800.0,0.0,0.0,1
24.86,0.65,0.0,0.0,1800.0,0.0,0.0,1
24.87,0.65,0.0,0.0,1800.0,0.0,0.0,1
24.88,0.65,0.0,0.0,1800.0,0.0,0.0,1
24.89,0.65,0.0,0.0,1800.0,0.0,0.0,1
24.900000000000002,0.65,0.0,0.0,1800.0,0.0,0.0,1
24.91,0.65,0.0,0.0,1800.0,0.0,0.0,1
24.92,0.65,0.0,0.0,1800.0,0.0,0.0,1
24.93,0.65,0.0,0.0,1800.0,0.0,0.0,1
24.94,0.65,0.0,0.0,1800.0,0.0,0.0,1
24.95,0.65,0.0,0.0,1800.0,0.0,0.0,1
24.96,0.65,0.0,0.0,1800.0,0.0,0.0,1
24.97,0.65,0.0,0.0,1800.0,0.0,0.0,1
24.98,0.65,0.0,0.0,1800.0,0.0,0.0,1
24.990000000000002,0.65,0.0,0.0,1800.0,0.0,0.0,1
25.0,0.65,0.0,0.0,1800.0,0.0,0.0,1
