Time_s,DriverDemand,SafetyLimit,AllowedCommand,BrakeForce_N,Speed_mps,Speed_kmh,Lockout
0,0.65,1,0.65,0,20,72,0
0.01,0.65,1,0.65,0,20.0009726666667,72.0035016,0
0.02,0.65,1,0.65,0,20.0019452022633,72.0070027281479,0
0.03,0.65,1,0.65,0,20.0029176068012,72.0105033844844,0
0.04,0.65,1,0.65,0,20.0038898802917,72.0140035690501,0
0.05,0.65,1,0.65,0,20.004862022746,72.0175032818857,0
0.06,0.65,1,0.65,0,20.0058340341755,72.0210025230318,0
0.07,0.65,1,0.65,0,20.0068059145914,72.024501292529,0
0.08,0.65,1,0.65,0,20.007777664005,72.0279995904181,0
0.09,0.65,1,0.65,0,20.0087492824277,72.0314974167397,0
0.1,0.65,1,0.65,0,20.0097207698707,72.0349947715344,0
0.11,0.65,1,0.65,0,20.0106921263453,72.038491654843,0
0.12,0.65,1,0.65,0,20.0116633518628,72.0419880667061,0
0.13,0.65,1,0.65,0,20.0126344464345,72.0454840071643,0
0.14,0.65,1,0.65,0,20.0136054100718,72.0489794762585,0
0.15,0.65,1,0.65,0,20.0145762427859,72.0524744740291,0
0.16,0.65,1,0.65,0,20.0155469445881,72.0559690005171,0
0.17,0.65,1,0.65,0,20.0165175154897,72.0594630557629,0
0.18,0.65,1,0.65,0,20.0174879555021,72.0629566398075,0
0.19,0.65,1,0.65,0,20.0184582646365,72.0664497526913,0
0.2,0.65,1,0.65,0,20.0194284429042,72.0699423944552,0
0.21,0.65,1,0.65,0,20.0203984903166,72.0734345651398,0
0.22,0.65,1,0.65,0,20.021368406885,72.076926264786,0
0.23,0.65,1,0.65,0,20.0223381926206,72.0804174934343,0
0.24,0.65,1,0.65,0,20.0233078475348,72.0839082511255,0
0.25,0.65,1,0.65,0,20.024277371639,72.0873985379003,0
0.26,0.65,1,0.65,0,20.0252467649443,72.0908883537995,0
0.27,0.65,1,0.65,0,20.0262160274621,72.0943776988637,0
0.28,0.65,1,0.65,0,20.0271851592038,72.0978665731338,0
0.29,0.65,1,0.65,0,20.0281541601807,72.1013549766505,0
0.3,0.65,1,0.65,0,20.029123030404,72.1048429094544,0
0.31,0.65,1,0.65,0,20.0300917698851,72.1083303715864,0
0.32,0.65,1,0.65,0,20.0310603786353,72.1118173630872,0
0.33,0.65,1,0.65,0,20.032028856666,72.1153038839976,0
0.34,0.65,1,0.65,0,20.0329972039884,72.1187899343583,0
0.35,0.65,1,0.65,0,20.0339654206139,72.12227551421,0
0.36,0.65,1,0.65,0,20.0349335065538,72.1257606235936,0
0.37,0.65,1,0.65,0,20.0359014618194,72.1292452625497,0
0.38,0.65,1,0.65,0,20.036869286422,72.1327294311193,0
0.39,0.65,1,0.65,0,20.0378369803731,72.136213129343,0
0.4,0.65,1,0.65,0,20.0388045436838,72.1396963572616,0
0.41,0.65,1,0.65,0,20.0397719763656,72.143179114916,0
0.42,0.65,1,0.65,0,20.0407392784297,72.1466614023469,0
0.43,0.65,1,0.65,0,20.0417064498875,72.150143219595,0
0.44,0.65,1,0.65,0,20.0426734907504,72.1536245667013,0
0.45,0.65,1,0.65,0,20.0436404010296,72.1571054437064,0
0.46,0.65,1,0.65,0,20.0446071807365,72.1605858506512,0
0.47,0.65,1,0.65,0,20.0455738298824,72.1640657875765,0
0.48,0.65,1,0.65,0,20.0465403484787,72.1675452545232,0
0.49,0.65,1,0.65,0,20.0475067365366,72.1710242515319,0
0.5,0.65,1,0.65,0,20.0484729940677,72.1745027786436,0
0.51,0.65,1,0.65,0,20.0494391210831,72.177980835899,0
0.52,0.65,1,0.65,0,20.0504051175942,72.181458423339,0
0.53,0.65,1,0.65,0,20.0513709836123,72.1849355410044,0
0.54,0.65,1,0.65,0,20.0523367191489,72.1884121889361,0
0.55,0.65,1,0.65,0,20.0533023242152,72.1918883671748,0
0.56,0.65,1,0.65,0,20.0542677988226,72.1953640757614,0
0.57,0.65,1,0.65,0,20.0552331429824,72.1988393147368,0
0.58,0.65,1,0.65,0,20.056198356706,72.2023140841417,0
0.59,0.65,1,0.65,0,20.0571634400048,72.2057883840172,0
0.6,0.65,1,0.65,0,20.05812839289,72.2092622144039,0
0.61,0.65,1,0.65,0,20.059093215373,72.2127355753427,0
0.62,0.65,1,0.65,0,20.0600579074652,72.2162084668746,0
0.63,0.65,1,0.65,0,20.0610224691779,72.2196808890404,0
0.64,0.65,1,0.65,0,20.0619869005225,72.2231528418809,0
0.65,0.65,1,0.65,0,20.0629512015103,72.2266243254371,0
0.66,0.65,1,0.65,0,20.0639153721527,72.2300953397497,0
0.67,0.65,1,0.65,0,20.064879412461,72.2335658848597,0
0.68,0.65,1,0.65,0,20.0658433224467,72.237035960808,0
0.69,0.65,1,0.65,0,20.0668071021209,72.2405055676354,0
0.7,0.65,1,0.65,0,20.0677707514952,72.2439747053829,0
0.71,0.65,1,0.65,0,20.0687342705809,72.2474433740912,0
0.72,0.65,1,0.65,0,20.0696976593893,72.2509115738014,0
0.73,0.65,1,0.65,0,20.0706609179317,72.2543793045543,0
0.74,0.65,1,0.65,0,20.0716240462197,72.2578465663908,0
0.75,0.65,1,0.65,0,20.0725870442644,72.2613133593519,0
0.76,0.65,1,0.65,0,20.0735499120773,72.2647796834784,0
0.77,0.65,1,0.65,0,20.0745126496698,72.2682455388112,0
0.78,0.65,1,0.65,0,20.0754752570532,72.2717109253913,0
0.79,0.65,1,0.65,0,20.0764377342388,72.2751758432597,0
0.8,0.65,1,0.65,0,20.0774000812381,72.2786402924571,0
0.81,0.65,1,0.65,0,20.0783622980624,72.2821042730246,0
0.82,0.65,1,0.65,0,20.0793243847231,72.2855677850031,0
0.83,0.65,1,0.65,0,20.0802863412315,72.2890308284335,0
0.84,0.65,1,0.65,0,20.0812481675991,72.2924934033568,0
0.85,0.65,1,0.65,0,20.0822098638372,72.2959555098138,0
0.86,0.65,1,0.65,0,20.0831714299571,72.2994171478456,0
0.87,0.65,1,0.65,0,20.0841328659703,72.3028783174931,0
0.88,0.65,1,0.65,0,20.0850941718881,72.3063390187973,0
0.89,0.65,1,0.65,0,20.086055347722,72.3097992517991,0
0.9,0.65,1,0.65,0,20.0870163934832,72.3132590165394,0
0.91,0.65,1,0.65,0,20.0879773091831,72.3167183130593,0
0.92,0.65,1,0.65,0,20.0889380948332,72.3201771413997,0
0.93,0.65,1,0.65,0,20.0898987504449,72.3236355016015,0
0.94,0.65,1,0.65,0,20.0908592760294,72.3270933937058,0
0.95,0.65,1,0.65,0,20.0918196715982,72.3305508177536,0
0.96,0.65,1,0.65,0,20.0927799371627,72.3340077737857,0
0.97,0.65,1,0.65,0,20.0937400727342,72.3374642618433,0
0.98,0.65,1,0.65,0,20.0947000783242,72.3409202819672,0
0.99,0.65,1,0.65,0,20.095659953944,72.3443758341985,0
1,0.65,1,0.65,0,20.0966196996051,72.3478309185782,0
1.01,0.65,1,0.65,0,20.0975793153187,72.3512855351473,0
1.02,0.65,1,0.65,0,20.0985388010963,72.3547396839467,0
1.03,0.65,1,0.65,0,20.0994981569493,72.3581933650175,0
1.04,0.65,1,0.65,0,20.1004573828891,72.3616465784008,0
1.05,0.65,1,0.65,0,20.1014164789271,72.3650993241374,0
1.06,0.65,1,0.65,0,20.1023754450746,72.3685516022685,0
1.07,0.65,1,0.65,0,20.1033342813431,72.372003412835,0
1.08,0.65,1,0.65,0,20.1042929877439,72.375454755878,0
1.09,0.65,1,0.65,0,20.1052515642885,72.3789056314385,0
1.1,0.65,1,0.65,0,20.1062100109882,72.3823560395575,0
1.11,0.65,1,0.65,0,20.1071683278545,72.3858059802761,0
1.12,0.65,1,0.65,0,20.1081265148987,72.3892554536353,0
1.13,0.65,1,0.65,0,20.1090845721323,72.3927044596762,0
1.14,0.65,1,0.65,0,20.1100424995666,72.3961529984397,0
1.15,0.65,1,0.65,0,20.1110002972131,72.399601069967,0
1.16,0.65,1,0.65,0,20.1119579650831,72.4030486742991,0
1.17,0.65,1,0.65,0,20.1129155031881,72.4064958114771,0
1.18,0.65,1,0.65,0,20.1138729115394,72.4099424815419,0
1.19,0.65,1,0.65,0,20.1148301901485,72.4133886845348,0
1.2,0.65,1,0.65,0,20.1157873390268,72.4168344204967,0
1.21,0.65,1,0.65,0,20.1167443581857,72.4202796894686,0
1.22,0.65,1,0.65,0,20.1177012476366,72.4237244914918,0
1.23,0.65,1,0.65,0,20.1186580073909,72.4271688266073,0
1.24,0.65,1,0.65,0,20.11961463746,72.430612694856,0
1.25,0.65,1,0.65,0,20.1205711378553,72.4340560962792,0
1.26,0.65,1,0.65,0,20.1215275085883,72.4374990309179,0
1.27,0.65,1,0.65,0,20.1224837496704,72.4409414988133,0
1.28,0.65,1,0.65,0,20.1234398611129,72.4443835000063,0
1.29,0.65,1,0.65,0,20.1243958429272,72.4478250345381,0
1.3,0.65,1,0.65,0,20.1253516951249,72.4512661024498,0
1.31,0.65,1,0.65,0,20.1263074177174,72.4547067037825,0
1.32,0.65,1,0.65,0,20.1272630107159,72.4581468385773,0
1.33,0.65,1,0.65,0,20.1282184741321,72.4615865068754,0
1.34,0.65,1,0.65,0,20.1291738079772,72.4650257087178,0
1.35,0.65,1,0.65,0,20.1301290122627,72.4684644441456,0
1.36,0.65,1,0.65,0,20.131084087,72.4719027132,0
1.37,0.65,1,0.65,0,20.1320390322006,72.4753405159221,0
1.38,0.65,1,0.65,0,20.1329938478758,72.478777852353,0
1.39,0.65,1,0.65,0,20.1339485340372,72.4822147225339,0
1.4,0.65,1,0.65,0,20.1349030906961,72.4856511265059,0
1.41,0.65,1,0.65,0,20.1358575178639,72.4890870643102,0
1.42,0.65,1,0.65,0,20.1368118155522,72.4925225359878,0
1.43,0.65,1,0.65,0,20.1377659837722,72.4959575415799,0
1.44,0.65,1,0.65,0,20.1387200225355,72.4993920811277,0
1.45,0.65,1,0.65,0,20.1396739318534,72.5028261546723,0
1.46,0.65,1,0.65,0,20.1406277117375,72.5062597622549,0
1.47,0.65,1,0.65,0,20.1415813621991,72.5096929039166,0
1.48,0.65,1,0.65,0,20.1425348832496,72.5131255796987,0
1.49,0.65,1,0.65,0,20.1434882749006,72.5165577896421,0
1.5,0.65,1,0.65,0,20.1444415371634,72.5199895337883,0
1.51,0.65,1,0.65,0,20.1453946700495,72.5234208121783,0
1.52,0.65,1,0.65,0,20.1463476735703,72.5268516248532,0
1.53,0.65,1,0.65,0,20.1473005477373,72.5302819718543,0
1.54,0.65,1,0.65,0,20.1482532925619,72.5337118532228,0
1.55,0.65,1,0.65,0,20.1492059080555,72.5371412689997,0
1.56,0.65,1,0.65,0,20.1501583942296,72.5405702192264,0
1.57,0.65,1,0.65,0,20.1511107510956,72.5439987039441,0
1.58,0.65,1,0.65,0,20.1520629786649,72.5474267231938,0
1.59,0.65,1,0.65,0,20.1530150769491,72.5508542770169,0
1.6,0.65,1,0.65,0,20.1539670459596,72.5542813654544,0
1.61,0.65,1,0.65,0,20.1549188857077,72.5577079885477,0
1.62,0.65,1,0.65,0,20.155870596205,72.561134146338,0
1.63,0.65,1,0.65,0,20.1568221774629,72.5645598388663,0
1.64,0.65,1,0.65,0,20.1577736294928,72.5679850661741,0
1.65,0.65,1,0.65,0,20.1587249523062,72.5714098283024,0
1.66,0.65,1,0.65,0,20.1596761459146,72.5748341252925,0
1.67,0.65,1,0.65,0,20.1606272103294,72.5782579571857,0
1.68,0.65,1,0.65,0,20.161578145562,72.5816813240231,0
1.69,0.65,1,0.65,0,20.1625289516239,72.585104225846,0
1.7,0.65,1,0.65,0,20.1634796285266,72.5885266626957,0
1.71,0.65,1,0.65,0,20.1644301762815,72.5919486346133,0
1.72,0.65,1,0.65,0,20.1653805949,72.5953701416401,0
1.73,0.65,1,0.65,0,20.1663308843937,72.5987911838174,0
1.74,0.65,1,0.65,0,20.167281044774,72.6022117611864,0
1.75,0.65,1,0.65,0,20.1682310760523,72.6056318737884,0
1.76,0.65,1,0.65,0,20.1691809782402,72.6090515216646,0
1.77,0.65,1,0.65,0,20.170130751349,72.6124707048563,0
1.78,0.65,1,0.65,0,20.1710803953902,72.6158894234047,0
1.79,0.65,1,0.65,0,20.1720299103753,72.6193076773512,0
1.8,0.65,1,0.65,0,20.1729792963158,72.6227254667369,0
1.81,0.65,1,0.65,0,20.1739285532231,72.6261427916032,0
1.82,0.65,1,0.65,0,20.1748776811087,72.6295596519913,0
1.83,0.65,1,0.65,0,20.175826679984,72.6329760479425,0
1.84,0.65,1,0.65,0,20.1767755498606,72.6363919794981,0
1.85,0.65,1,0.65,0,20.1777242907498,72.6398074466994,0
1.86,0.65,1,0.65,0,20.1786729026632,72.6432224495877,0
1.87,0.65,1,0.65,0,20.1796213856123,72.6466369882042,0
1.88,0.65,1,0.65,0,20.1805697396084,72.6500510625903,0
1.89,0.65,1,0.65,0,20.1815179646631,72.6534646727873,0
1.9,0.65,1,0.65,0,20.1824660607879,72.6568778188364,0
1.91,0.65,1,0.65,0,20.1834140279942,72.660290500779,0
1.92,0.65,1,0.65,0,20.1843618662934,72.6637027186564,0
1.93,0.65,1,0.65,0,20.1853095756972,72.6671144725098,0
1.94,0.65,1,0.65,0,20.1862571562168,72.6705257623806,0
1.95,0.65,1,0.65,0,20.187204607864,72.6739365883102,0
1.96,0.65,1,0.65,0,20.18815193065,72.6773469503399,0
1.97,0.65,1,0.65,0,20.1890991245864,72.6807568485109,0
1.98,0.65,1,0.65,0,20.1900461896846,72.6841662828646,0
1.99,0.65,1,0.65,0,20.1909931259562,72.6875752534423,0
2,0.65,1,0.65,0,20.1919399334126,72.6909837602854,0
2.01,0.65,1,0.65,0,20.1928866120654,72.6943918034353,0
2.02,0.65,1,0.65,0,20.1938331619259,72.6977993829331,0
2.03,0.65,1,0.65,0,20.1947795830057,72.7012064988204,0
2.04,0.65,1,0.65,0,20.1957258753162,72.7046131511384,0
2.05,0.65,1,0.65,0,20.196672038869,72.7080193399286,0
2.06,0.65,1,0.65,0,20.1976180736756,72.7114250652321,0
2.07,0.65,1,0.65,0,20.1985639797474,72.7148303270905,0
2.08,0.65,1,0.65,0,20.1995097570958,72.7182351255451,0
2.09,0.65,1,0.65,0,20.2004554057325,72.7216394606371,0
2.1,0.65,1,0.65,0,20.2014009256689,72.7250433324081,0
2.11,0.65,1,0.65,0,20.2023463169165,72.7284467408994,0
2.12,0.65,1,0.65,0,20.2032915794868,72.7318496861523,0
2.13,0.65,1,0.65,0,20.2042367133912,72.7352521682083,0
2.14,0.65,1,0.65,0,20.2051817186413,72.7386541871086,0
2.15,0.65,1,0.65,0,20.2061265952485,72.7420557428948,0
2.16,0.65,1,0.65,0,20.2070713432245,72.7454568356081,0
2.17,0.65,1,0.65,0,20.2080159625805,72.74885746529,0
2.18,0.65,1,0.65,0,20.2089604533283,72.7522576319818,0
2.19,0.65,1,0.65,0,20.2099048154792,72.755657335725,0
2.2,0.65,1,0.65,0,20.2108490490447,72.759056576561,0
2.21,0.65,1,0.65,0,20.2117931540364,72.7624553545312,0
2.22,0.65,1,0.65,0,20.2127371304658,72.7658536696769,0
2.23,0.65,1,0.65,0,20.2136809783443,72.7692515220396,0
2.24,0.65,1,0.65,0,20.2146246976835,72.7726489116607,0
2.25,0.65,1,0.65,0,20.2155682884949,72.7760458385816,0
2.26,0.65,1,0.65,0,20.2165117507899,72.7794423028437,0
2.27,0.65,1,0.65,0,20.2174550845801,72.7828383044885,0
2.28,0.65,1,0.65,0,20.218398289877,72.7862338435573,0
2.29,0.65,1,0.65,0,20.2193413666921,72.7896289200916,0
2.3,0.65,1,0.65,0,20.2202843150369,72.7930235341329,0
2.31,0.65,1,0.65,0,20.2212271349229,72.7964176857226,0
2.32,0.65,1,0.65,0,20.2221698263617,72.7998113749021,0
2.33,0.65,1,0.65,0,20.2231123893647,72.8032046017128,0
2.34,0.65,1,0.65,0,20.2240548239434,72.8065973661962,0
2.35,0.65,1,0.65,0,20.2249971301094,72.8099896683938,0
2.36,0.65,1,0.65,0,20.2259393078741,72.8133815083469,0
2.37,0.65,1,0.65,0,20.2268813572492,72.8167728860972,0
2.38,0.65,1,0.65,0,20.2278232782461,72.8201638016859,0
2.39,0.65,1,0.65,0,20.2287650708763,72.8235542551545,0
2.4,0.65,1,0.65,0,20.2297067351513,72.8269442465447,0
2.41,0.65,1,0.65,0,20.2306482710827,72.8303337758977,0
2.42,0.65,1,0.65,0,20.231589678682,72.833722843255,0
2.43,0.65,1,0.65,0,20.2325309579606,72.8371114486583,0
2.44,0.65,1,0.65,0,20.2334721089302,72.8404995921488,0
2.45,0.65,1,0.65,0,20.2344131316023,72.8438872737681,0
2.46,0.65,1,0.65,0,20.2353540259883,72.8472744935577,0
2.47,0.65,1,0.65,0,20.2362947920997,72.8506612515591,0
2.48,0.65,1,0.65,0,20.2372354299482,72.8540475478137,0
2.49,0.65,1,0.65,0,20.2381759395453,72.8574333823631,0
2.5,0.65,1,0.65,0,20.2391163209024,72.8608187552487,0
2.51,0.65,1,0.65,0,20.2400565740311,72.864203666512,0
2.52,0.65,1,0.65,0,20.2409966989429,72.8675881161946,0
2.53,0.65,1,0.65,0,20.2419366956494,72.8709721043379,0
2.54,0.65,1,0.65,0,20.2428765641621,72.8743556309834,0
2.55,0.65,1,0.65,0,20.2438163044924,72.8777386961728,0
2.56,0.65,1,0.65,0,20.244755916652,72.8811212999473,0
2.57,0.65,1,0.65,0,20.2456954006524,72.8845034423487,0
2.58,0.65,1,0.65,0,20.2466347565051,72.8878851234184,0
2.59,0.65,1,0.65,0,20.2475739842216,72.8912663431979,0
2.6,0.65,1,0.65,0,20.2485130838136,72.8946471017288,0
2.61,0.65,1,0.65,0,20.2494520552924,72.8980273990526,0
2.62,0.65,1,0.65,0,20.2503908986697,72.9014072352108,0
2.63,0.65,1,0.65,0,20.2513296139569,72.9047866102449,0
2.64,0.65,1,0.65,0,20.2522682011657,72.9081655241965,0
2.65,0.65,1,0.65,0,20.2532066603076,72.9115439771072,0
2.66,0.65,1,0.65,0,20.254144991394,72.9149219690184,0
2.67,0.65,1,0.65,0,20.2550831944366,72.9182994999718,0
2.68,0.65,1,0.65,0,20.2560212694469,72.9216765700089,0
2.69,0.65,1,0.65,0,20.2569592164364,72.9250531791711,0
2.7,0.65,1,0.65,0,20.2578970354167,72.9284293275002,0
2.71,0.65,1,0.65,0,20.2588347263993,72.9318050150376,0
2.72,0.65,1,0.65,0,20.2597722893958,72.9351802418249,0
2.73,0.65,1,0.65,0,20.2607097244177,72.9385550079037,0
2.74,0.65,1,0.65,0,20.2616470314765,72.9419293133156,0
2.75,0.65,1,0.65,0,20.2625842105839,72.945303158102,0
2.76,0.65,1,0.65,0,20.2635212617513,72.9486765423047,0
2.77,0.65,1,0.65,0,20.2644581849903,72.9520494659651,0
2.78,0.65,1,0.65,0,20.2653949803125,72.9554219291249,0
2.79,0.65,1,0.65,0,20.2663316477293,72.9587939318256,0
2.8,0.65,1,0.65,0,20.2672681872524,72.9621654741088,0
2.81,0.65,1,0.65,0,20.2682045988934,72.9655365560161,0
2.82,0.65,1,0.65,0,20.2691408826637,72.9689071775892,0
2.83,0.65,1,0.65,0,20.2700770385749,72.9722773388695,0
2.84,0.65,1,0.65,0,20.2710130666386,72.9756470398988,0
2.85,0.65,1,0.65,0,20.2719489668663,72.9790162807185,0
2.86,0.65,1,0.65,0,20.2728847392696,72.9823850613704,0
2.87,0.65,1,0.65,0,20.27382038386,72.985753381896,0
2.88,0.65,1,0.65,0,20.2747559006491,72.9891212423369,0
2.89,0.65,1,0.65,0,20.2756912896485,72.9924886427348,0
2.9,0.65,1,0.65,0,20.2766265508698,72.9958555831312,0
2.91,0.65,1,0.65,0,20.2775616843244,72.9992220635678,0
2.92,0.65,1,0.65,0,20.2784966900239,73.0025880840862,0
2.93,0.65,1,0.65,0,20.27943156798,73.005953644728,0
2.94,0.65,1,0.65,0,20.2803663182041,73.0093187455349,0
2.95,0.65,1,0.65,0,20.2813009407079,73.0126833865485,0
2.96,0.65,1,0.65,0,20.2822354355029,73.0160475678104,0
2.97,0.65,1,0.65,0,20.2831698026006,73.0194112893623,0
2.98,0.65,1,0.65,0,20.2841040420127,73.0227745512458,0
2.99,0.65,1,0.65,0,20.2850381537507,73.0261373535026,0
3,0.65,1,0.65,0,20.2859721378262,73.0294996961743,0
3.01,0.65,1,0.65,0,20.2869059942507,73.0328615793025,0
3.02,0.65,1,0.65,0,20.2878397230358,73.0362230029289,0
3.03,0.65,1,0.65,0,20.2887733241931,73.0395839670952,0
3.04,0.65,1,0.65,0,20.2897067977342,73.042944471843,0
3.05,0.65,1,0.65,0,20.2906401436706,73.046304517214,0
3.06,0.65,1,0.65,0,20.2915733620139,73.0496641032499,0
3.07,0.65,1,0.65,0,20.2925064527756,73.0530232299923,0
3.08,0.65,1,0.65,0,20.2934394159674,73.0563818974828,0
3.09,0.65,1,0.65,0,20.2943722516009,73.0597401057632,0
3.1,0.65,1,0.65,0,20.2953049596876,73.0630978548752,0
3.11,0.65,1,0.65,0,20.296237540239,73.0664551448604,0
3.12,0.65,1,0.65,0,20.2971699932668,73.0698119757605,0
3.13,0.65,1,0.65,0,20.2981023187825,73.0731683476171,0
3.14,0.65,1,0.65,0,20.2990345167978,73.0765242604721,0
3.15,0.65,1,0.65,0,20.2999665873242,73.079879714367,0
3.16,0.65,1,0.65,0,20.3008985303732,73.0832347093436,0
3.17,0.65,1,0.65,0,20.3018303459566,73.0865892454436,0
3.18,0.65,1,0.65,0,20.3027620340857,73.0899433227087,0
3.19,0.65,1,0.65,0,20.3036935947724,73.0932969411805,0
3.2,0.65,1,0.65,0,20.304625028028,73.0966501009007,0
3.21,0.65,1,0.65,0,20.3055563338642,73.1000028019112,0
3.22,0.65,1,0.65,0,20.3064875122927,73.1033550442536,0
3.23,0.65,1,0.65,0,20.3074185633249,73.1067068279696,0
3.24,0.65,1,0.65,0,20.3083494869725,73.1100581531009,0
3.25,0.65,1,0.65,0,20.309280283247,73.1134090196893,0
3.26,0.65,1,0.65,0,20.3102109521601,73.1167594277764,0
3.27,0.65,1,0.65,0,20.3111414937234,73.1201093774041,0
3.28,0.65,1,0.65,0,20.3120719079483,73.123458868614,0
3.29,0.65,1,0.65,0,20.3130021948466,73.1268079014478,0
3.3,0.65,1,0.65,0,20.3139323544298,73.1301564759474,0
3.31,0.65,1,0.65,0,20.3148623867096,73.1335045921544,0
3.32,0.65,1,0.65,0,20.3157922916974,73.1368522501106,0
3.33,0.65,1,0.65,0,20.3167220694049,73.1401994498577,0
3.34,0.65,1,0.65,0,20.3176517198438,73.1435461914376,0
3.35,0.65,1,0.65,0,20.3185812430255,73.1468924748918,0
3.36,0.65,1,0.65,0,20.3195106389617,73.1502383002622,0
3.37,0.65,1,0.65,0,20.320439907664,73.1535836675906,0
3.38,0.65,1,0.65,0,20.3213690491441,73.1569285769186,0
3.39,0.65,1,0.65,0,20.3222980634134,73.1602730282881,0
3.4,0.65,1,0.65,0,20.3232269504836,73.1636170217409,0
3.41,0.65,1,0.65,0,20.3241557103663,73.1669605573186,0
3.42,0.65,1,0.65,0,20.3250843430731,73.1703036350631,0
3.43,0.65,1,0.65,0,20.3260128486156,73.1736462550162,0
3.44,0.65,1,0.65,0,20.3269412270054,73.1769884172195,0
3.45,0.65,1,0.65,0,20.3278694782542,73.1803301217149,0
3.46,0.65,1,0.65,0,20.3287976023734,73.1836713685443,0
3.47,0.65,1,0.65,0,20.3297255993748,73.1870121577493,0
3.48,0.65,1,0.65,0,20.3306534692699,73.1903524893717,0
3.49,0.65,1,0.65,0,20.3315812120704,73.1936923634533,0
3.5,0.65,1,0.65,0,20.3325088277878,73.197031780036,0
3.51,0.65,1,0.65,0,20.3334363164338,73.2003707391615,0
3.52,0.65,1,0.65,0,20.3343636780199,73.2037092408717,0
3.53,0.65,1,0.65,0,20.3352909125579,73.2070472852083,0
3.54,0.65,1,0.65,0,20.3362180200592,73.2103848722131,0
3.55,0.65,1,0.65,0,20.3371450005355,73.213722001928,0
3.56,0.65,1,0.65,0,20.3380718539985,73.2170586743947,0
3.57,0.65,1,0.65,0,20.3389985804597,73.220394889655,0
3.58,0.65,1,0.65,0,20.3399251799308,73.2237306477509,0
3.59,0.65,1,0.65,0,20.3408516524234,73.2270659487241,0
3.6,0.65,1,0.65,0,20.341777997949,73.2304007926164,0
3.61,0.65,1,0.65,0,20.3427042165193,73.2337351794696,0
3.62,0.65,1,0.65,0,20.343630308146,73.2370691093256,0
3.63,0.65,1,0.65,0,20.3445562728406,73.2404025822263,0
3.64,0.65,1,0.65,0,20.3454821106148,73.2437355982133,0
3.65,0.65,1,0.65,0,20.3464078214802,73.2470681573287,0
3.66,0.65,1,0.65,0,20.3473334054484,73.2504002596141,0
3.67,0.65,1,0.65,0,20.348258862531,73.2537319051116,0
3.68,0.65,1,0.65,0,20.3491841927397,73.2570630938628,0
3.69,0.65,1,0.65,0,20.350109396086,73.2603938259096,0
3.7,0.65,1,0.65,0,20.3510344725817,73.263724101294,0
3.71,0.65,1,0.65,0,20.3519594222383,73.2670539200577,0
3.72,0.65,1,0.65,0,20.3528842450674,73.2703832822427,0
3.73,0.65,1,0.65,0,20.3538089410807,73.2737121878907,0
3.74,0.65,1,0.65,0,20.3547335102899,73.2770406370436,0
3.75,0.65,1,0.65,0,20.3556579527065,73.2803686297433,0
3.76,0.65,1,0.65,0,20.3565822683421,73.2836961660317,0
3.77,0.65,1,0.65,0,20.3575064572085,73.2870232459506,0
3.78,0.65,1,0.65,0,20.3584305193172,73.290349869542,0
3.79,0.65,1,0.65,0,20.3593544546799,73.2936760368476,0
3.8,0.65,1,0.65,0,20.3602782633081,73.2970017479093,0
3.81,0.65,1,0.65,0,20.3612019452136,73.3003270027691,0
3.82,0.65,1,0.65,0,20.362125500408,73.3036518014688,0
3.83,0.65,1,0.65,0,20.3630489289029,73.3069761440503,0
3.84,0.65,1,0.65,0,20.3639722307099,73.3103000305555,0
3.85,0.65,1,0.65,0,20.3648954058407,73.3136234610264,0
3.86,0.65,1,0.65,0,20.3658184543068,73.3169464355046,0
3.87,0.65,1,0.65,0,20.3667413761201,73.3202689540323,0
3.88,0.65,1,0.65,0,20.367664171292,73.3235910166513,0
3.89,0.65,1,0.65,0,20.3685868398343,73.3269126234034,0
3.9,0.65,1,0.65,0,20.3695093817585,73.3302337743306,0
3.91,0.65,1,0.65,0,20.3704317970763,73.3335544694748,0
3.92,0.65,1,0.65,0,20.3713540857994,73.336874708878,0
3.93,0.65,1,0.65,0,20.3722762479394,73.3401944925819,0
3.94,0.65,1,0.65,0,20.3731982835079,73.3435138206286,0
3.95,0.65,1,0.65,0,20.3741201925167,73.34683269306,0
3.96,0.65,1,0.65,0,20.3750419749772,73.3501511099179,0
3.97,0.65,1,0.65,0,20.3759636309012,73.3534690712443,0
3.98,0.65,1,0.65,0,20.3768851603003,73.3567865770812,0
3.99,0.65,1,0.65,0,20.3778065631862,73.3601036274705,0
4,0.65,1,0.65,0,20.3787278395706,73.363420222454,0
4.01,0.65,1,0.65,0,20.3796489894649,73.3667363620738,0
4.02,0.65,1,0.65,0,20.380570012881,73.3700520463717,0
4.03,0.65,1,0.65,0,20.3814909098305,73.3733672753898,0
4.04,0.65,1,0.65,0,20.382411680325,73.3766820491699,0
4.05,0.65,1,0.65,0,20.3833323243761,73.379996367754,0
4.06,0.65,1,0.65,0,20.3842528419956,73.3833102311841,0
4.07,0.65,1,0.65,0,20.385173233195,73.3866236395021,0
4.08,0.65,1,0.65,0,20.3860934979861,73.3899365927499,0
4.09,0.65,1,0.65,0,20.3870136363804,73.3932490909696,0
4.1,0.65,1,0.65,0,20.3879336483897,73.396561134203,0
4.11,0.65,1,0.65,0,20.3888535340256,73.3998727224922,0
4.12,0.65,1,0.65,0,20.3897732932997,73.4031838558791,0
4.13,0.65,1,0.65,0,20.3906929262238,73.4064945344057,0
4.14,0.65,1,0.65,0,20.3916124328094,73.4098047581139,0
4.15,0.65,1,0.65,0,20.3925318130682,73.4131145270457,0
4.16,0.65,1,0.65,0,20.393451067012,73.4164238412431,0
4.17,0.65,1,0.65,0,20.3943701946523,73.4197327007481,0
4.18,0.65,1,0.65,0,20.3952891960008,73.4230411056027,0
4.19,0.65,1,0.65,0,20.3962080710691,73.4263490558488,0
4.2,0.65,1,0.65,0,20.397126819869,73.4296565515285,0
4.21,0.65,1,0.65,0,20.3980454424121,73.4329635926836,0
4.22,0.65,1,0.65,0,20.3989639387101,73.4362701793563,0
4.23,0.65,1,0.65,0,20.3998823087746,73.4395763115885,0
4.24,0.65,1,0.65,0,20.4008005526173,73.4428819894222,0
4.25,0.65,1,0.65,0,20.4017186702498,73.4461872128994,0
4.26,0.65,1,0.65,0,20.4026366616839,73.4494919820621,0
4.27,0.65,1,0.65,0,20.4035545269312,73.4527962969523,0
4.28,0.65,1,0.65,0,20.4044722660033,73.456100157612,0
4.29,0.65,1,0.65,0,20.405389878912,73.4594035640833,0
4.3,0.65,1,0.65,0,20.4063073656689,73.4627065164081,0
4.31,0.65,1,0.65,0,20.4072247262857,73.4660090146285,0
4.32,0.65,1,0.65,0,20.408141960774,73.4693110587864,0
4.33,0.65,1,0.65,0,20.4090590691456,73.472612648924,0
4.34,0.65,1,0.65,0,20.409976051412,73.4759137850832,0
4.35,0.65,1,0.65,0,20.410892907585,73.4792144673061,0
4.36,0.65,1,0.65,0,20.4118096376763,73.4825146956346,0
4.37,0.65,1,0.65,0,20.4127262416975,73.4858144701109,0
4.38,0.65,1,0.65,0,20.4136427196603,73.4891137907769,0
4.39,0.65,1,0.65,0,20.4145590715763,73.4924126576747,0
4.4,0.65,1,0.65,0,20.4154752974573,73.4957110708464,0
4.41,0.65,1,0.65,0,20.416391397315,73.4990090303339,0
4.42,0.65,1,0.65,0,20.4173073711609,73.5023065361793,0
4.43,0.65,1,0.65,0,20.4182232190069,73.5056035884247,0
4.44,0.65,1,0.65,0,20.4191389408645,73.5089001871121,0
4.45,0.65,1,0.65,0,20.4200545367455,73.5121963322836,0
4.46,0.65,1,0.65,0,20.4209700066615,73.5154920239812,0
4.47,0.65,1,0.65,0,20.4218853506242,73.518787262247,0
4.48,0.65,1,0.65,0,20.4228005686453,73.5220820471231,0
4.49,0.65,1,0.65,0,20.4237156607365,73.5253763786515,0
4.5,0.65,1,0.65,0,20.4246306269095,73.5286702568742,0
4.51,0.65,1,0.65,0,20.4255454671759,73.5319636818334,0
4.52,0.65,1,0.65,0,20.4264601815475,73.5352566535711,0
4.53,0.65,1,0.65,0,20.4273747700359,73.5385491721294,0
4.54,0.65,1,0.65,0,20.4282892326529,73.5418412375503,0
4.55,0.65,1,0.65,0,20.42920356941,73.545132849876,0
4.56,0.65,1,0.65,0,20.430117780319,73.5484240091485,0
4.57,0.65,1,0.65,0,20.4310318653917,73.55171471541,0
4.58,0.65,1,0.65,0,20.4319458246396,73.5550049687024,0
4.59,0.65,1,0.65,0,20.4328596580744,73.5582947690679,0
4.6,0.65,1,0.65,0,20.433773365708,73.5615841165486,0
4.61,0.65,1,0.65,0,20.4346869475518,73.5648730111866,0
4.62,0.65,1,0.65,0,20.4356004036178,73.568161453024,0
4.63,0.65,1,0.65,0,20.4365137339175,73.5714494421028,0
4.64,0.65,1,0.65,0,20.4374269384626,73.5747369784652,0
4.65,0.65,1,0.65,0,20.4383400172648,73.5780240621533,0
4.66,0.65,1,0.65,0,20.4392529703359,73.5813106932092,0
4.67,0.65,1,0.65,0,20.4401657976875,73.584596871675,0
4.68,0.65,1,0.65,0,20.4410784993313,73.5878825975927,0
4.69,0.65,1,0.65,0,20.4419910752791,73.5911678710046,0
4.7,0.65,1,0.65,0,20.4429035255424,73.5944526919528,0
4.71,0.65,1,0.65,0,20.4438158501331,73.5977370604793,0
4.72,0.65,1,0.65,0,20.4447280490629,73.6010209766263,0
4.73,0.65,1,0.65,0,20.4456401223433,73.6043044404359,0
4.74,0.65,1,0.65,0,20.4465520699862,73.6075874519503,0
4.75,0.65,1,0.65,0,20.4474638920032,73.6108700112115,0
4.76,0.65,1,0.65,0,20.448375588406,73.6141521182617,0
4.77,0.65,1,0.65,0,20.4492871592064,73.617433773143,0
4.78,0.65,1,0.65,0,20.450198604416,73.6207149758977,0
4.79,0.65,1,0.65,0,20.4511099240466,73.6239957265677,0
4.8,0.65,1,0.65,0,20.4520211181098,73.6272760251954,0
4.81,0.65,1,0.65,0,20.4529321866174,73.6305558718227,0
4.82,0.65,1,0.65,0,20.4538431295811,73.6338352664918,0
4.83,0.65,1,0.65,0,20.4547539470125,73.637114209245,0
4.84,0.65,1,0.65,0,20.4556646389234,73.6403927001243,0
4.85,0.65,1,0.65,0,20.4565752053255,73.643670739172,0
4.86,0.65,1,0.65,0,20.4574856462306,73.6469483264301,0
4.87,0.65,1,0.65,0,20.4583959616502,73.6502254619408,0
4.88,0.65,1,0.65,0,20.4593061515962,73.6535021457464,0
4.89,0.65,1,0.65,0,20.4602162160802,73.6567783778889,0
4.9,0.65,1,0.65,0,20.461126155114,73.6600541584105,0
4.91,0.65,1,0.65,0,20.4620359687093,73.6633294873534,0
4.92,0.65,1,0.65,0,20.4629456568777,73.6666043647598,0
4.93,0.65,1,0.65,0,20.4638552196311,73.6698787906719,0
4.94,0.65,1,0.65,0,20.464764656981,73.6731527651317,0
4.95,0.65,1,0.65,0,20.4656739689393,73.6764262881816,0
4.96,0.65,1,0.65,0,20.4665831555177,73.6796993598637,0
4.97,0.65,1,0.65,0,20.4674922167278,73.6829719802201,0
4.98,0.65,1,0.65,0,20.4684011525814,73.6862441492931,0
4.99,0.65,1,0.65,0,20.4693099630902,73.6895158671249,0
5,0.65,0.65,0.65,0,20.470218648266,73.6927871337575,0
5.01,0.65,0.648916666666667,0.648916666666667,2.99999999999994,20.4711272081204,73.6960579492334,0
5.02,0.65,0.647833333333333,0.647833333333333,6.00000000000014,20.4720043232207,73.6992155635945,0
5.03,0.65,0.64675,0.64675,9.00000000000007,20.4728499978986,73.7022599924349,0
5.04,0.65,0.645666666666667,0.645666666666667,12,20.4736642364856,73.7051912513481,0
5.05,0.65,0.644583333333333,0.644583333333333,14.9999999999999,20.4744470433132,73.7080093559277,0
5.06,0.65,0.6435,0.6435,18.0000000000001,20.475198422713,73.7107143217668,0
5.07,0.65,0.642416666666667,0.642416666666667,21.0000000000001,20.4759183790162,73.7133061644582,0
5.08,0.65,0.641333333333333,0.641333333333333,24,20.476606916554,73.7157848995943,0
5.09,0.65,0.64025,0.64025,27,20.4772640396575,73.7181505427671,0
5.1,0.65,0.639166666666667,0.639166666666667,30.0000000000002,20.4778897526577,73.7204031095679,0
5.11,0.65,0.638083333333333,0.638083333333333,33.0000000000001,20.4784840598853,73.7225426155872,0
5.12,0.65,0.637,0.637,36,20.4790469656708,73.7245690764151,0
5.13,0.65,0.635916666666667,0.635916666666667,39,20.4795784743446,73.7264825076406,0
5.14,0.65,0.634833333333333,0.634833333333333,41.9999999999999,20.4800785902367,73.7282829248521,0
5.15,0.65,0.63375,0.63375,45.0000000000001,20.4805473176769,73.7299703436369,0
5.16,0.65,0.632666666666667,0.632666666666667,48,20.4809846609948,73.7315447795814,0
5.17,0.65,0.631583333333333,0.631583333333333,51,20.4813906245197,73.7330062482708,0
5.18,0.65,0.6305,0.6305,53.9999999999999,20.4817652125803,73.7343547652892,0
5.19,0.65,0.629416666666667,0.629416666666667,57.0000000000001,20.4821084295054,73.7355903462195,0
5.2,0.65,0.628333333333333,0.628333333333333,60,20.4824202796231,73.7367130066432,0
5.21,0.65,0.62725,0.62725,63,20.4827007672613,73.7377227621407,0
5.22,0.65,0.626166666666667,0.626166666666667,65.9999999999999,20.4829498967474,73.7386196282906,0
5.23,0.65,0.625083333333333,0.625083333333333,69.0000000000001,20.4831676724084,73.7394036206703,0
5.24,0.65,0.624,0.624,72.0000000000001,20.4833540985709,73.7400747548554,0
5.25,0.65,0.622916666666667,0.622916666666667,75,20.4835091795611,73.74063304642,0
5.26,0.65,0.621833333333333,0.621833333333333,77.9999999999999,20.4836329197045,73.7410785109364,0
5.27,0.65,0.62075,0.62075,81.0000000000001,20.4837253233264,73.7414111639751,0
5.28,0.65,0.619666666666667,0.619666666666667,84.0000000000001,20.4837863947513,73.7416310211047,0
5.29,0.65,0.618583333333333,0.618583333333333,87,20.4838161383033,73.741738097892,0
5.3,0.65,0.6175,0.6175,89.9999999999999,20.483814558306,73.7417324099017,0
5.31,0.65,0.616416666666667,0.616416666666667,93.0000000000001,20.4837816590823,73.7416139726964,0
5.32,0.65,0.615333333333333,0.615333333333333,96.0000000000001,20.4837174449546,73.7413828018366,0
5.33,0.65,0.61425,0.61425,99,20.4836219202446,73.7410389128804,0
5.34,0.65,0.613166666666667,0.613166666666667,102,20.4834950892733,73.740582321384,0
5.35,0.65,0.612083333333333,0.612083333333333,105,20.4833369563613,73.7400130429008,0
5.36,0.65,0.611,0.611,108,20.4831475258283,73.739331092982,0
5.37,0.65,0.609916666666667,0.609916666666667,111,20.4829268019934,73.7385364871764,0
5.38,0.65,0.608833333333333,0.608833333333333,114,20.482674789175,73.7376292410298,0
5.39,0.65,0.60775,0.60775,117,20.4823914916905,73.7366093700859,0
5.4,0.65,0.606666666666667,0.606666666666667,120,20.482076913857,73.7354768898852,0
5.41,0.65,0.605583333333333,0.605583333333333,123,20.4817310599905,73.7342318159657,0
5.42,0.65,0.6045,0.6045,126,20.4813539344062,73.7328741638624,0
5.43,0.65,0.603416666666667,0.603416666666667,129,20.4809455414188,73.7314039491076,0
5.44,0.65,0.602333333333333,0.602333333333333,132,20.4805058853417,73.7298211872302,0
5.45,0.65,0.60125,0.60125,135,20.4800349704879,73.7281258937564,0
5.46,0.65,0.600166666666667,0.600166666666667,138,20.4795328011692,73.7263180842091,0
5.47,0.65,0.599083333333333,0.599083333333333,141,20.4789993816966,73.7243977741079,0
5.48,0.65,0.598,0.598,144,20.4784347163804,73.7223649789693,0
5.49,0.65,0.596916666666667,0.596916666666667,147,20.4778388095295,73.7202197143064,0
5.5,0.65,0.595833333333333,0.595833333333333,150,20.4772116654524,73.7179619956286,0
5.51,0.65,0.59475,0.59475,153,20.4765532884562,73.7155918384424,0
5.52,0.65,0.593666666666667,0.593666666666667,156,20.4758636828472,73.71310925825,0
5.53,0.65,0.592583333333333,0.592583333333333,159,20.4751428529307,73.7105142705507,0
5.54,0.65,0.5915,0.5915,162,20.474390803011,73.7078068908394,0
5.55,0.65,0.590416666666667,0.590416666666667,165,20.4736075373911,73.7049871346078,0
5.56,0.65,0.589333333333333,0.589333333333333,168,20.4727930603732,73.7020550173435,0
5.57,0.65,0.58825,0.58825,171,20.4719473762584,73.6990105545301,0
5.58,0.65,0.587166666666667,0.587166666666667,174,20.4710704893465,73.6958537616473,0
5.59,0.65,0.586083333333333,0.586083333333333,177,20.4701624039364,73.6925846541709,0
5.6,0.65,0.585,0.585,180,20.4692231243256,73.6892032475723,0
5.61,0.65,0.583916666666667,0.583916666666667,183,20.4682526548108,73.6857095573189,0
5.62,0.65,0.582833333333333,0.582833333333333,186,20.4672509996871,73.6821035988737,0
5.63,0.65,0.58175,0.58175,189,20.4662181632488,73.6783853876955,0
5.64,0.65,0.580666666666667,0.580666666666667,192,20.4651541497885,73.6745549392387,0
5.65,0.65,0.579583333333333,0.579583333333333,195,20.4640589635981,73.6706122689531,0
5.66,0.65,0.5785,0.5785,198,20.4629326089678,73.666557392284,0
5.67,0.65,0.577416666666667,0.577416666666667,201,20.4617750901867,73.6623903246721,0
5.68,0.65,0.576333333333333,0.576333333333333,204,20.4605864115426,73.6581110815534,0
5.69,0.65,0.57525,0.57525,207,20.459366577322,73.6537196783592,0
5.7,0.65,0.574166666666667,0.574166666666667,210,20.45811559181,73.649216130516,0
5.71,0.65,0.573083333333333,0.573083333333333,213,20.4568334592903,73.6446004534452,0
5.72,0.65,0.572,0.572,216,20.4555201840454,73.6398726625636,0
5.73,0.65,0.570916666666667,0.570916666666667,219,20.4541757703563,73.6350327732825,0
5.74,0.65,0.569833333333333,0.569833333333333,222,20.4528002225024,73.6300808010086,0
5.75,0.65,0.56875,0.56875,225,20.451393544762,73.6250167611431,0
5.76,0.65,0.567666666666667,0.567666666666667,228,20.4499557414117,73.6198406690821,0
5.77,0.65,0.566583333333333,0.566583333333333,231,20.4484868167267,73.6145525402162,0
5.78,0.65,0.5655,0.5655,234,20.4469867749808,73.6091523899309,0
5.79,0.65,0.564416666666667,0.564416666666667,237,20.4454556204461,73.6036402336061,0
5.8,0.65,0.563333333333333,0.563333333333333,240,20.4438933573934,73.5980160866162,0
5.81,0.65,0.56225,0.56225,243,20.4422999900917,73.59227996433,0
5.82,0.65,0.561166666666667,0.561166666666667,246,20.4406755228085,73.5864318821107,0
5.83,0.65,0.560083333333333,0.560083333333333,249,20.4390199598099,73.5804718553157,0
5.84,0.65,0.559,0.559,252,20.4373333053602,73.5743998992968,0
5.85,0.65,0.557916666666667,0.557916666666667,255,20.4356155637221,73.5682160293996,0
5.86,0.65,0.556833333333333,0.556833333333333,258,20.4338667391567,73.5619202609641,0
5.87,0.65,0.55575,0.55575,261,20.4320868359234,73.5555126093241,0
5.88,0.65,0.554666666666667,0.554666666666667,264,20.4302758582798,73.5489930898075,0
5.89,0.65,0.553583333333333,0.553583333333333,267,20.4284338104822,73.5423617177358,0
5.9,0.65,0.5525,0.5525,270,20.4265606967846,73.5356185084247,0
5.91,0.65,0.551416666666667,0.551416666666667,273,20.4246565214398,73.5287634771832,0
5.92,0.65,0.550333333333333,0.550333333333333,276,20.4227212886984,73.5217966393142,0
5.93,0.65,0.54925,0.54925,279,20.4207550028095,73.5147180101142,0
5.94,0.65,0.548166666666667,0.548166666666667,282,20.4187576680203,73.5075276048732,0
5.95,0.65,0.547083333333333,0.547083333333333,285,20.4167292885762,73.5002254388745,0
5.96,0.65,0.546,0.546,288,20.4146698687208,73.4928115273949,0
5.97,0.65,0.544916666666667,0.544916666666667,291,20.4125794126957,73.4852858857046,0
5.98,0.65,0.543833333333333,0.543833333333333,294,20.4104579247408,73.477648529067,0
5.99,0.65,0.54275,0.54275,297,20.408305409094,73.4698994727385,0
6,0.65,0.541666666666667,0.541666666666667,300,20.4061218699914,73.462038731969,0
6.01,0.65,0.540583333333333,0.540583333333333,303,20.4039073116669,73.4540663220009,0
6.02,0.65,0.5395,0.5395,306,20.4016617383528,73.4459822580702,0
6.03,0.65,0.538416666666667,0.538416666666667,309,20.3993851542792,73.4377865554052,0
6.04,0.65,0.537333333333333,0.537333333333333,312,20.3970775636743,73.4294792292275,0
6.05,0.65,0.53625,0.53625,315,20.3947389707642,73.4210602947513,0
6.06,0.65,0.535166666666667,0.535166666666667,318,20.3923693797732,73.4125297671834,0
6.07,0.65,0.534083333333333,0.534083333333333,321,20.3899687949232,73.4038876617234,0
6.08,0.65,0.533,0.533,324,20.3875372204343,73.3951339935634,0
6.09,0.65,0.531916666666667,0.531916666666667,327,20.3850746605244,73.386268777888,0
6.1,0.65,0.530833333333333,0.530833333333333,330,20.3825811194095,73.3772920298742,0
6.11,0.65,0.52975,0.52975,333,20.3800566013032,73.3682037646915,0
6.12,0.65,0.528666666666667,0.528666666666667,336,20.3775011104171,73.3590039975015,0
6.13,0.65,0.527583333333333,0.527583333333333,339,20.3749146509606,73.3496927434581,0
6.14,0.65,0.5265,0.5265,342,20.372297227141,73.3402700177074,0
6.15,0.65,0.525416666666667,0.525416666666667,345,20.3696488431632,73.3307358353877,0
6.16,0.65,0.524333333333333,0.524333333333333,348,20.3669695032303,73.321090211629,0
6.17,0.65,0.52325,0.52325,351,20.3642592115427,73.3113331615536,0
6.18,0.65,0.522166666666667,0.522166666666667,354,20.3615179722987,73.3014647002755,0
6.19,0.65,0.521083333333333,0.521083333333333,357,20.3587457896946,73.2914848429006,0
6.2,0.65,0.52,0.52,360,20.355942667924,73.2813936045264,0
6.21,0.65,0.518916666666667,0.518916666666667,363,20.3531086111784,73.2711910002424,0
6.22,0.65,0.517833333333333,0.517833333333333,366,20.350243623647,73.2608770451294,0
6.23,0.65,0.51675,0.51675,369,20.3473477095166,73.2504517542599,0
6.24,0.65,0.515666666666667,0.515666666666667,372,20.3444208729716,73.2399151426979,0
6.25,0.65,0.514583333333333,0.514583333333333,375,20.3414631181941,73.2292672254988,0
6.26,0.65,0.5135,0.5135,378,20.3384744493637,73.2185080177093,0
6.27,0.65,0.512416666666667,0.512416666666667,381,20.3354548706576,73.2076375343674,0
6.28,0.65,0.511333333333333,0.511333333333333,384,20.3324043862507,73.1966557905025,0
6.29,0.65,0.51025,0.51025,387,20.3293230003152,73.1855628011348,0
6.3,0.65,0.509166666666667,0.509166666666667,390,20.3262107170211,73.1743585812758,0
6.31,0.65,0.508083333333333,0.508083333333333,393,20.3230675405356,73.1630431459281,0
6.32,0.65,0.507,0.507,396,20.3198934750236,73.151616510085,0
6.33,0.65,0.505916666666667,0.505916666666667,399,20.3166885246475,73.140078688731,0
6.34,0.65,0.504833333333333,0.504833333333333,402,20.3134526935669,73.128429696841,0
6.35,0.65,0.50375,0.50375,405,20.3101859859392,73.1166695493811,0
6.36,0.65,0.502666666666667,0.502666666666667,408,20.3068884059188,73.1047982613077,0
6.37,0.65,0.501583333333333,0.501583333333333,411,20.3035599576578,73.092815847568,0
6.38,0.65,0.5005,0.5005,414,20.3002006453055,73.0807223230999,0
6.39,0.65,0.499416666666667,0.499416666666667,417,20.2968104730087,73.0685177028313,0
6.4,0.65,0.498333333333333,0.498333333333333,420,20.2933894449114,73.0562020016811,0
6.41,0.65,0.49725,0.49725,423,20.289937565155,73.0437752345581,0
6.42,0.65,0.496166666666667,0.496166666666667,426,20.2864548378782,73.0312374163616,0
6.43,0.65,0.495083333333333,0.495083333333333,429,20.282941267217,73.0185885619811,0
6.44,0.65,0.494,0.494,432,20.2793968573045,73.0058286862961,0
6.45,0.65,0.492916666666667,0.492916666666667,435,20.2758216122712,72.9929578041764,0
6.46,0.65,0.491833333333333,0.491833333333333,438,20.2722155362449,72.9799759304817,0
6.47,0.65,0.49075,0.49075,441,20.2685786333504,72.9668830800615,0
6.48,0.65,0.489666666666667,0.489666666666667,444,20.2649109077099,72.9536792677556,0
6.49,0.65,0.488583333333333,0.488583333333333,447,20.2612123634425,72.9403645083931,0
6.5,0.65,0.4875,0.4875,450,20.2574830046648,72.9269388167932,0
6.51,0.65,0.486416666666667,0.486416666666667,453,20.2537228354902,72.9134022077648,0
6.52,0.65,0.485333333333333,0.485333333333333,456,20.2499318600295,72.8997546961061,0
6.53,0.65,0.48425,0.48425,459,20.2461100823903,72.8859962966052,0
6.54,0.65,0.483166666666667,0.483166666666667,462,20.2422575066776,72.8721270240394,0
6.55,0.65,0.482083333333333,0.482083333333333,465,20.2383741369933,72.8581468931757,0
6.56,0.65,0.481,0.481,468,20.2344599774362,72.8440559187703,0
6.57,0.65,0.479916666666667,0.479916666666667,471,20.2305150321024,72.8298541155686,0
6.58,0.65,0.478833333333333,0.478833333333333,474,20.2265393050848,72.8155414983054,0
6.59,0.65,0.47775,0.47775,477,20.2225328004735,72.8011180817045,0
6.6,0.65,0.476666666666667,0.476666666666667,480,20.2184955223553,72.7865838804789,0
6.61,0.65,0.475583333333333,0.475583333333333,483,20.2144274748141,72.7719389093306,0
6.62,0.65,0.4745,0.4745,486,20.2103286619307,72.7571831829505,0
6.63,0.65,0.473416666666667,0.473416666666667,489,20.2061990877829,72.7423167160185,0
6.64,0.65,0.472333333333333,0.472333333333333,492,20.2020387564453,72.7273395232032,0
6.65,0.65,0.47125,0.47125,495,20.1978476719895,72.712251619162,0
6.66,0.65,0.470166666666667,0.470166666666667,498,20.1936258384836,72.6970530185411,0
6.67,0.65,0.469083333333333,0.469083333333333,501,20.1893732599931,72.6817437359752,0
6.68,0.65,0.468,0.468,504,20.1850899405799,72.6663237860876,0
6.69,0.65,0.466916666666667,0.466916666666667,507,20.1807758843028,72.65079318349,0
6.7,0.65,0.465833333333333,0.465833333333333,510,20.1764310952174,72.6351519427828,0
6.71,0.65,0.46475,0.46475,513,20.1720555773763,72.6194000785545,0
6.72,0.65,0.463666666666667,0.463666666666667,516,20.1676493348284,72.6035376053821,0
6.73,0.65,0.462583333333333,0.462583333333333,519,20.1632123716196,72.5875645378306,0
6.74,0.65,0.4615,0.4615,522,20.1587446917926,72.5714808904534,0
6.75,0.65,0.460416666666667,0.460416666666667,525,20.1542462993866,72.5552866777919,0
6.76,0.65,0.459333333333333,0.459333333333333,528,20.1497171984377,72.5389819143756,0
6.77,0.65,0.45825,0.45825,531,20.1451573929783,72.5225666147218,0
6.78,0.65,0.457166666666667,0.457166666666667,534,20.1405668870378,72.5060407933359,0
6.79,0.65,0.456083333333333,0.456083333333333,537,20.135945684642,72.4894044647111,0
6.8,0.65,0.455,0.455,540,20.1312937898134,72.4726576433284,0
6.81,0.65,0.453916666666667,0.453916666666667,543,20.1266112065712,72.4558003436564,0
6.82,0.65,0.452833333333333,0.452833333333333,546,20.121897938931,72.4388325801515,0
6.83,0.65,0.45175,0.45175,549,20.1171539909048,72.4217543672575,0
6.84,0.65,0.450666666666667,0.450666666666667,552,20.1123793665016,72.4045657194058,0
6.85,0.65,0.449583333333333,0.449583333333333,555,20.1075740697265,72.3872666510155,0
6.86,0.65,0.4485,0.4485,558,20.1027381045813,72.3698571764926,0
6.87,0.65,0.447416666666667,0.447416666666667,561,20.0978714750641,72.3523373102309,0
6.88,0.65,0.446333333333333,0.446333333333333,564,20.0929741851698,72.3347070666111,0
6.89,0.65,0.44525,0.44525,567,20.0880462388893,72.3169664600014,0
6.9,0.65,0.444166666666667,0.444166666666667,570,20.0830876402102,72.2991155047568,0
6.91,0.65,0.443083333333333,0.443083333333333,573,20.0780983931166,72.2811542152197,0
6.92,0.65,0.442,0.442,576,20.0730785015887,72.2630826057192,0
6.93,0.65,0.440916666666667,0.440916666666667,579,20.0680279696032,72.2449006905716,0
6.94,0.65,0.439833333333333,0.439833333333333,582,20.0629468011333,72.2266084840798,0
6.95,0.65,0.43875,0.43875,585,20.0578350001483,72.2082060005338,0
6.96,0.65,0.437666666666667,0.437666666666667,588,20.0526925706139,72.1896932542101,0
6.97,0.65,0.436583333333333,0.436583333333333,591,20.0475195164922,72.171070259372,0
6.98,0.65,0.4355,0.4355,594,20.0423158417415,72.1523370302694,0
6.99,0.65,0.434416666666667,0.434416666666667,597,20.0370815503163,72.1334935811387,0
7,0.65,0.433333333333333,0.433333333333333,600,20.0318166461675,72.1145399262029,0
7.01,0.65,0.43225,0.43225,603,20.026521133242,72.0954760796711,0
7.02,0.65,0.431166666666667,0.431166666666667,606,20.0211950154831,72.0763020557393,0
7.03,0.65,0.430083333333333,0.430083333333333,609,20.0158382968303,72.0570178685892,0
7.04,0.65,0.429,0.429,612,20.0104509812192,72.0376235323892,0
7.05,0.65,0.427916666666667,0.427916666666667,615,20.0050330725816,72.0181190612936,0
7.06,0.65,0.426833333333333,0.426833333333333,618,19.9995845748453,71.9985044694429,0
7.07,0.65,0.42575,0.42575,621,19.9941054919343,71.9787797709636,0
7.08,0.65,0.424666666666667,0.424666666666667,624,19.9885958277689,71.9589449799681,0
7.09,0.65,0.423583333333333,0.423583333333333,627,19.9830555862652,71.9390001105548,0
7.1,0.65,0.4225,0.4225,630,19.9774847713355,71.9189451768079,0
7.11,0.65,0.421416666666667,0.421416666666667,633,19.9718833868882,71.8987801927975,0
7.12,0.65,0.420333333333333,0.420333333333333,636,19.9662514368276,71.8785051725792,0
7.13,0.65,0.41925,0.41925,639,19.960588925054,71.8581201301944,0
7.14,0.65,0.418166666666667,0.418166666666667,642,19.9548958554639,71.83762507967,0
7.15,0.65,0.417083333333333,0.417083333333333,645,19.9491722319496,71.8170200350185,0
7.16,0.65,0.416,0.416,648,19.9434180583994,71.7963050102379,0
7.17,0.65,0.414916666666667,0.414916666666667,651,19.9376333386976,71.7754800193114,0
7.18,0.65,0.413833333333333,0.413833333333333,654,19.9318180767243,71.7545450762076,0
7.19,0.65,0.41275,0.41275,657,19.9259722763557,71.7335001948806,0
7.2,0.65,0.411666666666667,0.411666666666667,660,19.9200959414637,71.7123453892694,0
7.21,0.65,0.410583333333333,0.410583333333333,663,19.9141890759162,71.6910806732982,0
7.22,0.65,0.4095,0.4095,666,19.9082516835768,71.6697060608765,0
7.23,0.65,0.408416666666667,0.408416666666667,669,19.9022837683051,71.6482215658985,0
7.24,0.65,0.407333333333333,0.407333333333333,672,19.8962853339565,71.6266272022435,0
7.25,0.65,0.40625,0.40625,675,19.8902563843821,71.6049229837757,0
7.26,0.65,0.405166666666667,0.405166666666667,678,19.8841969234289,71.5831089243442,0
7.27,0.65,0.404083333333333,0.404083333333333,681,19.8781069549396,71.5611850377826,0
7.28,0.65,0.403,0.403,684,19.8719864827526,71.5391513379093,0
7.29,0.65,0.401916666666667,0.401916666666667,687,19.8658355107021,71.5170078385276,0
7.3,0.65,0.400833333333333,0.400833333333333,690,19.8596540426181,71.4947545534251,0
7.31,0.65,0.39975,0.39975,693,19.8534420823261,71.4723914963738,0
7.32,0.65,0.398666666666667,0.398666666666667,696,19.8471996336473,71.4499186811304,0
7.33,0.65,0.397583333333333,0.397583333333333,699,19.8409267003988,71.4273361214358,0
7.34,0.65,0.3965,0.3965,702,19.8346232863932,71.4046438310153,0
7.35,0.65,0.395416666666667,0.395416666666667,705,19.8282893954385,71.3818418235786,0
7.36,0.65,0.394333333333333,0.394333333333333,708,19.8219250313387,71.3589301128192,0
7.37,0.65,0.39325,0.39325,711,19.8155301978931,71.335908712415,0
7.38,0.65,0.392166666666667,0.392166666666667,714,19.8091048988967,71.312777636028,0
7.39,0.65,0.391083333333333,0.391083333333333,717,19.80264913814,71.2895368973041,0
7.4,0.65,0.39,0.39,720,19.7961629194092,71.266186509873,0
7.41,0.65,0.388916666666667,0.388916666666667,723,19.7896462464857,71.2427264873486,0
7.42,0.65,0.387833333333333,0.387833333333333,726,19.7830991231467,71.2191568433283,0
7.43,0.65,0.38675,0.38675,729,19.7765215531648,71.1954775913934,0
7.44,0.65,0.385666666666667,0.385666666666667,732,19.769913540308,71.1716887451089,0
7.45,0.65,0.384583333333333,0.384583333333333,735,19.7632750883398,71.1477903180233,0
7.46,0.65,0.3835,0.3835,738,19.7566062010191,71.1237823236688,0
7.47,0.65,0.382416666666667,0.382416666666667,741,19.7499068821003,71.099664775561,0
7.48,0.65,0.381333333333333,0.381333333333333,744,19.7431771353331,71.075437687199,0
7.49,0.65,0.38025,0.38025,747,19.7364169644626,71.0511010720652,0
7.5,0.65,0.379166666666667,0.379166666666667,750,19.7296263732293,71.0266549436254,0
7.51,0.65,0.378083333333333,0.378083333333333,753,19.722805365369,71.0020993153285,0
7.52,0.65,0.377,0.377,756,19.7159539446129,70.9774342006066,0
7.53,0.65,0.375916666666667,0.375916666666667,759,19.7090721146875,70.9526596128752,0
7.54,0.65,0.374833333333333,0.374833333333333,762,19.7021598793146,70.9277755655324,0
7.55,0.65,0.37375,0.37375,765,19.695217242211,70.9027820719598,0
7.56,0.65,0.372666666666667,0.372666666666667,768,19.6882442070893,70.8776791455214,0
7.57,0.65,0.371583333333333,0.371583333333333,771,19.6812407776568,70.8524667995645,0
7.58,0.65,0.3705,0.3705,774,19.6742069576164,70.827145047419,0
7.59,0.65,0.369416666666667,0.369416666666667,777,19.667142750666,70.8017139023976,0
7.6,0.65,0.368333333333333,0.368333333333333,780,19.6600481604988,70.7761733777957,0
7.61,0.65,0.36725,0.36725,783,19.6529231908031,70.7505234868912,0
7.62,0.65,0.366166666666667,0.366166666666667,786,19.6457678452624,70.7247642429446,0
7.63,0.65,0.365083333333333,0.365083333333333,789,19.6385821275553,70.6988956591991,0
7.64,0.65,0.364,0.364,792,19.6313660413556,70.6729177488801,0
7.65,0.65,0.362916666666667,0.362916666666667,795,19.624119590332,70.6468305251953,0
7.66,0.65,0.361833333333333,0.361833333333333,798,19.6168427781486,70.6206340013351,0
7.67,0.65,0.36075,0.36075,801,19.6095356084644,70.5943281904717,0
7.68,0.65,0.359666666666667,0.359666666666667,804,19.6021980849333,70.5679131057598,0
7.69,0.65,0.358583333333333,0.358583333333333,807,19.5948302112045,70.541388760336,0
7.7,0.65,0.3575,0.3575,810,19.587431990922,70.5147551673192,0
7.71,0.65,0.356416666666667,0.356416666666667,813,19.580003427725,70.48801233981,0
7.72,0.65,0.355333333333333,0.355333333333333,816,19.5725445252475,70.4611602908911,0
7.73,0.65,0.35425,0.35425,819,19.5650552871186,70.4341990336271,0
7.74,0.65,0.353166666666667,0.353166666666667,822,19.5575357169623,70.4071285810645,0
7.75,0.65,0.352083333333333,0.352083333333333,825,19.5499858183976,70.3799489462312,0
7.76,0.65,0.351,0.351,828,19.5424055950381,70.3526601421371,0
7.77,0.65,0.349916666666667,0.349916666666667,831,19.5347950504927,70.3252621817738,0
7.78,0.65,0.348833333333333,0.348833333333333,834,19.527154188365,70.297755078114,0
7.79,0.65,0.34775,0.34775,837,19.5194830122535,70.2701388441125,0
7.8,0.65,0.346666666666667,0.346666666666667,840,19.5117815257514,70.242413492705,0
7.81,0.65,0.345583333333333,0.345583333333333,843,19.5040497324469,70.214579036809,0
7.82,0.65,0.3445,0.3445,846,19.496287635923,70.186635489323,0
7.83,0.65,0.343416666666667,0.343416666666667,849,19.4884952397575,70.158582863127,0
7.84,0.65,0.342333333333333,0.342333333333333,852,19.4806725475228,70.130421171082,0
7.85,0.65,0.34125,0.34125,855,19.4728195627862,70.1021504260303,0
7.86,0.65,0.340166666666667,0.340166666666667,858,19.4649362891098,70.0737706407951,0
7.87,0.65,0.339083333333333,0.339083333333333,861,19.4570227300502,70.0452818281808,0
7.88,0.65,0.338,0.338,864,19.449078889159,70.0166840009726,0
7.89,0.65,0.336916666666667,0.336916666666667,867,19.4411047699824,69.9879771719365,0
7.9,0.65,0.335833333333333,0.335833333333333,870,19.433100376061,69.9591613538197,0
7.91,0.65,0.33475,0.33475,873,19.4250657109305,69.9302365593497,0
7.92,0.65,0.333666666666667,0.333666666666667,876,19.4170007781209,69.9012028012351,0
7.93,0.65,0.332583333333333,0.332583333333333,879,19.4089055811569,69.8720600921648,0
7.94,0.65,0.3315,0.3315,882,19.4007801235579,69.8428084448084,0
7.95,0.65,0.330416666666667,0.330416666666667,885,19.3926244088378,69.8134478718163,0
7.96,0.65,0.329333333333333,0.329333333333333,888,19.3844384405052,69.7839783858188,0
7.97,0.65,0.32825,0.32825,891,19.3762222220631,69.7543999994271,0
7.98,0.65,0.327166666666667,0.327166666666667,894,19.367975757009,69.7247127252325,0
7.99,0.65,0.326083333333333,0.326083333333333,897,19.3596990488352,69.6949165758066,0
8,0.65,0.325,0.325,900,19.3513921010281,69.6650115637012,0
8.01,0.65,0.323916666666667,0.323916666666667,903,19.343054917069,69.6349977014482,0
8.02,0.65,0.322833333333333,0.322833333333333,906,19.3346875004333,69.6048750015598,0
8.03,0.65,0.32175,0.32175,909,19.3262898545911,69.574643476528,0
8.04,0.65,0.320666666666667,0.320666666666667,912,19.3178619830069,69.5443031388248,0
8.05,0.65,0.319583333333333,0.319583333333333,915,19.3094038891395,69.5138540009023,0
8.06,0.65,0.3185,0.3185,918,19.3009155764423,69.4832960751921,0
8.07,0.65,0.317416666666667,0.317416666666667,921,19.2923970483628,69.4526293741059,0
8.08,0.65,0.316333333333333,0.316333333333333,924,19.2838483083431,69.421853910035,0
8.09,0.65,0.31525,0.31525,927,19.2752693598195,69.3909696953503,0
8.1,0.65,0.314166666666667,0.314166666666667,930,19.2666602062229,69.3599767424025,0
8.11,0.65,0.313083333333333,0.313083333333333,933,19.2580208509782,69.3288750635216,0
8.12,0.65,0.312,0.312,936,19.2493512975047,69.2976646710171,0
8.13,0.65,0.310916666666667,0.310916666666667,939,19.2406515492161,69.2663455771781,0
8.14,0.65,0.309833333333333,0.309833333333333,942,19.2319216095203,69.234917794273,0
8.15,0.65,0.30875,0.30875,945,19.2231614818193,69.2033813345493,0
8.16,0.65,0.307666666666667,0.307666666666667,948,19.2143711695094,69.171736210234,0
8.17,0.65,0.306583333333333,0.306583333333333,951,19.2055506759814,69.1399824335331,0
8.18,0.65,0.3055,0.3055,954,19.19670000462,69.1081200166319,0
8.19,0.65,0.304416666666667,0.304416666666667,957,19.187819158804,69.0761489716945,0
8.2,0.65,0.303333333333333,0.303333333333333,960,19.1789081419067,69.0440693108641,0
8.21,0.65,0.30225,0.30225,963,19.1699669572953,69.0118810462629,0
8.22,0.65,0.301166666666667,0.301166666666667,966,19.1609956083311,68.979584189992,0
8.23,0.65,0.300083333333333,0.300083333333333,969,19.1519940983697,68.9471787541311,0
8.24,0.65,0.299,0.299,972,19.1429624307608,68.9146647507388,0
8.25,0.65,0.297916666666667,0.297916666666667,975,19.1339006088479,68.8820421918525,0
8.26,0.65,0.296833333333333,0.296833333333333,978,19.1248086359689,68.8493110894879,0
8.27,0.65,0.29575,0.29575,981,19.1156865154555,68.8164714556396,0
8.28,0.65,0.294666666666667,0.294666666666667,984,19.1065342506335,68.7835233022806,0
8.29,0.65,0.293583333333333,0.293583333333333,987,19.0973518448228,68.7504666413623,0
8.3,0.65,0.2925,0.2925,990,19.0881393013373,68.7173014848144,0
8.31,0.65,0.291416666666667,0.291416666666667,993,19.0788966234848,68.6840278445451,0
8.32,0.65,0.290333333333333,0.290333333333333,996,19.0696238145669,68.6506457324409,0
8.33,0.65,0.28925,0.28925,999,19.0603208778795,68.6171551603663,0
8.34,0.65,0.288166666666667,0.288166666666667,1002,19.0509878167123,68.5835561401641,0
8.35,0.65,0.287083333333333,0.287083333333333,1005,19.0416246343487,68.5498486836552,0
8.36,0.65,0.286,0.286,1008,19.0322313340662,68.5160328026383,0
8.37,0.65,0.284916666666667,0.284916666666667,1011,19.0228079191362,68.4821085088904,0
8.38,0.65,0.283833333333333,0.283833333333333,1014,19.0133543928239,68.4480758141662,0
8.39,0.65,0.28275,0.28275,1017,19.0038707583884,68.4139347301982,0
8.4,0.65,0.281666666666667,0.281666666666667,1020,18.9943570190825,68.3796852686969,0
8.41,0.65,0.280583333333333,0.280583333333333,1023,18.9848131781528,68.3453274413502,0
8.42,0.65,0.2795,0.2795,1026,18.97523923884,68.3108612598241,0
8.43,0.65,0.278416666666667,0.278416666666667,1029,18.9656352043783,68.2762867357617,0
8.44,0.65,0.277333333333333,0.277333333333333,1032,18.9560010779956,68.2416038807841,0
8.45,0.65,0.27625,0.27625,1035,18.9463368629138,68.2068127064897,0
8.46,0.65,0.275166666666667,0.275166666666667,1038,18.9366425623484,68.1719132244541,0
8.47,0.65,0.274083333333333,0.274083333333333,1041,18.9269181795085,68.1369054462307,0
8.48,0.65,0.273,0.273,1044,18.9171637175972,68.1017893833499,0
8.49,0.65,0.271916666666667,0.271916666666667,1047,18.9073791798109,68.0665650473193,0
8.5,0.65,0.270833333333333,0.270833333333333,1050,18.89756456934,68.031232449624,0
8.51,0.65,0.26975,0.26975,1053,18.8877198893683,67.995791601726,0
8.52,0.65,0.268666666666667,0.268666666666667,1056,18.8778451430734,67.9602425150643,0
8.53,0.65,0.267583333333333,0.267583333333333,1059,18.8679403336264,67.9245852010551,0
8.54,0.65,0.2665,0.2665,1062,18.8580054641921,67.8888196710915,0
8.55,0.65,0.265416666666667,0.265416666666667,1065,18.8480405379287,67.8529459365432,0
8.56,0.65,0.264333333333333,0.264333333333333,1068,18.8380455579881,67.8169640087572,0
8.57,0.65,0.26325,0.26325,1071,18.8280205275158,67.7808738990569,0
8.58,0.65,0.262166666666667,0.262166666666667,1074,18.8179654496507,67.7446756187425,0
8.59,0.65,0.261083333333333,0.261083333333333,1077,18.8078803275253,67.7083691790911,0
8.6,0.65,0.26,0.26,1080,18.7977651642655,67.6719545913559,0
8.61,0.65,0.258916666666667,0.258916666666667,1083,18.7876199629908,67.635431866767,0
8.62,0.65,0.257833333333333,0.257833333333333,1086,18.7774447268141,67.5988010165309,0
8.63,0.65,0.25675,0.25675,1089,18.7672394588418,67.5620620518304,0
8.64,0.65,0.255666666666667,0.255666666666667,1092,18.7570041621735,67.5252149838247,0
8.65,0.65,0.254583333333333,0.254583333333333,1095,18.7467388399026,67.4882598236494,0
8.66,0.65,0.2535,0.2535,1098,18.7364434951156,67.4511965824161,0
8.67,0.65,0.252416666666667,0.252416666666667,1101,18.7261181308924,67.4140252712128,0
8.68,0.65,0.251333333333333,0.251333333333333,1104,18.7157627503065,67.3767459011035,0
8.69,0.65,0.25025,0.25025,1107,18.7053773564245,67.3393584831282,0
8.7,0.65,0.249166666666667,0.249166666666667,1110,18.6949619523064,67.3018630283031,0
8.71,0.65,0.248083333333333,0.248083333333333,1113,18.6845165410056,67.26425954762,0
8.72,0.65,0.247,0.247,1116,18.6740411255686,67.2265480520468,0
8.73,0.65,0.245916666666667,0.245916666666667,1119,18.6635357090354,67.1887285525273,0
8.74,0.65,0.244833333333333,0.244833333333333,1122,18.6530002944391,67.1508010599808,0
8.75,0.65,0.24375,0.24375,1125,18.6424348848062,67.1127655853024,0
8.76,0.65,0.242666666666667,0.242666666666667,1128,18.6318394831564,67.074622139363,0
8.77,0.65,0.241583333333333,0.241583333333333,1131,18.6212140925024,67.0363707330087,0
8.78,0.65,0.2405,0.2405,1134,18.6105587158504,66.9980113770616,0
8.79,0.65,0.239416666666667,0.239416666666667,1137,18.5998733561997,66.9595440823188,0
8.8,0.65,0.238333333333333,0.238333333333333,1140,18.5891580165425,66.920968859553,0
8.81,0.65,0.23725,0.23725,1143,18.5784126998646,66.8822857195124,0
8.82,0.65,0.236166666666667,0.236166666666667,1146,18.5676374091445,66.8434946729202,0
8.83,0.65,0.235083333333333,0.235083333333333,1149,18.5568321473542,66.804595730475,0
8.84,0.65,0.234,0.234,1152,18.5459969174584,66.7655889028503,0
8.85,0.65,0.232916666666667,0.232916666666667,1155,18.5351317224153,66.7264742006952,0
8.86,0.65,0.231833333333333,0.231833333333333,1158,18.5242365651759,66.6872516346333,0
8.87,0.65,0.23075,0.23075,1161,18.5133114486843,66.6479212152636,0
8.88,0.65,0.229666666666667,0.229666666666667,1164,18.5023563758777,66.6084829531597,0
8.89,0.65,0.228583333333333,0.228583333333333,1167,18.4913713496862,66.5689368588702,0
8.9,0.65,0.2275,0.2275,1170,18.480356373033,66.5292829429187,0
8.91,0.65,0.226416666666667,0.226416666666667,1173,18.4693114488342,66.4895212158032,0
8.92,0.65,0.225333333333333,0.225333333333333,1176,18.4582365799991,66.4496516879966,0
8.93,0.65,0.22425,0.22425,1179,18.4471317694296,66.4096743699465,0
8.94,0.65,0.223166666666667,0.223166666666667,1182,18.4359970200208,66.3695892720747,0
8.95,0.65,0.222083333333333,0.222083333333333,1185,18.4248323346606,66.3293964047781,0
8.96,0.65,0.221,0.221,1188,18.4136377162298,66.2890957784274,0
8.97,0.65,0.219916666666667,0.219916666666667,1191,18.4024131676023,66.2486874033682,0
8.98,0.65,0.218833333333333,0.218833333333333,1194,18.3911586916445,66.2081712899202,0
8.99,0.65,0.21775,0.21775,1197,18.3798742912159,66.1675474483773,0
9,0.65,0.216666666666667,0.216666666666667,1200,18.3685599691689,66.126815889008,0
9.01,0.65,0.215583333333333,0.215583333333333,1203,18.3572157283485,66.0859766220545,0
9.02,0.65,0.2145,0.2145,1206,18.3458415715926,66.0450296577334,0
9.03,0.65,0.213416666666667,0.213416666666667,1209,18.334437501732,66.0039750062351,0
9.04,0.65,0.212333333333333,0.212333333333333,1212,18.3230035215901,65.9628126777242,0
9.05,0.65,0.21125,0.21125,1215,18.3115396339831,65.9215426823392,0
9.06,0.65,0.210166666666667,0.210166666666667,1218,18.3000458417201,65.8801650301923,0
9.07,0.65,0.209083333333333,0.209083333333333,1221,18.2885221476027,65.8386797313697,0
9.08,0.65,0.208,0.208,1224,18.2769685544253,65.7970867959311,0
9.09,0.65,0.206916666666667,0.206916666666667,1227,18.2653850649751,65.7553862339103,0
9.1,0.65,0.205833333333333,0.205833333333333,1230,18.2537716820317,65.7135780553142,0
9.11,0.65,0.20475,0.20475,1233,18.2421284083677,65.6716622701238,0
9.12,0.65,0.203666666666667,0.203666666666667,1236,18.2304552467481,65.6296388882931,0
9.13,0.65,0.202583333333333,0.202583333333333,1239,18.2187521999306,65.58750791975,0
9.14,0.65,0.2015,0.2015,1242,18.2070192706654,65.5452693743956,0
9.15,0.65,0.200416666666667,0.200416666666667,1245,18.1952564616956,65.5029232621042,0
9.16,0.65,0.199333333333333,0.199333333333333,1248,18.1834637757566,65.4604695927236,0
9.17,0.65,0.19825,0.19825,1251,18.1716412155763,65.4179083760747,0
9.18,0.65,0.197166666666667,0.197166666666667,1254,18.1597887838755,65.3752396219517,0
9.19,0.65,0.196083333333333,0.196083333333333,1257,18.1479064833671,65.3324633401217,0
9.2,0.65,0.195,0.195,1260,18.1359943167569,65.289579540325,0
9.21,0.65,0.193916666666667,0.193916666666667,1263,18.124052286743,65.2465882322747,0
9.22,0.65,0.192833333333333,0.192833333333333,1266,18.1120803960159,65.2034894256571,0
9.23,0.65,0.19175,0.19175,1269,18.1000786472587,65.1602831301312,0
9.24,0.65,0.190666666666667,0.190666666666667,1272,18.0880470431469,65.1169693553287,0
9.25,0.65,0.189583333333333,0.189583333333333,1275,18.0759855863484,65.0735481108543,0
9.26,0.65,0.1885,0.1885,1278,18.0638942795237,65.0300194062853,0
9.27,0.65,0.187416666666667,0.187416666666667,1281,18.0517731253254,64.9863832511716,0
9.28,0.65,0.186333333333333,0.186333333333333,1284,18.0396221263988,64.9426396550356,0
9.29,0.65,0.18525,0.18525,1287,18.0274412853812,64.8987886273723,0
9.3,0.65,0.184166666666667,0.184166666666667,1290,18.0152306049026,64.8548301776492,0
9.31,0.65,0.183083333333333,0.183083333333333,1293,18.002990087585,64.8107643153062,0
9.32,0.65,0.182,0.182,1296,17.9907197360432,64.7665910497554,0
9.33,0.65,0.180916666666667,0.180916666666667,1299,17.9784195528837,64.7223103903814,0
9.34,0.65,0.179833333333333,0.179833333333333,1302,17.9660895407058,64.6779223465408,0
9.35,0.65,0.17875,0.17875,1305,17.9537297021007,64.6334269275626,0
9.36,0.65,0.177666666666667,0.177666666666667,1308,17.9413400396521,64.5888241427477,0
9.37,0.65,0.176583333333333,0.176583333333333,1311,17.9289205559359,64.5441140013692,0
9.38,0.65,0.1755,0.1755,1314,17.91647125352,64.499296512672,0
9.39,0.65,0.174416666666667,0.174416666666667,1317,17.9039921349648,64.4543716858733,0
9.4,0.65,0.173333333333333,0.173333333333333,1320,17.8914832028227,64.4093395301617,0
9.41,0.65,0.17225,0.17225,1323,17.8789444596383,64.364200054698,0
9.42,0.65,0.171166666666667,0.171166666666667,1326,17.8663759079485,64.3189532686146,0
9.43,0.65,0.170083333333333,0.170083333333333,1329,17.8537775502821,64.2735991810156,0
9.44,0.65,0.169,0.169,1332,17.8411493891602,64.2281378009768,0
9.45,0.65,0.167916666666667,0.167916666666667,1335,17.828491427096,64.1825691375455,0
9.46,0.65,0.166833333333333,0.166833333333333,1338,17.8158036665946,64.1368931997407,0
9.47,0.65,0.16575,0.16575,1341,17.8030861101535,64.0911099965525,0
9.48,0.65,0.164666666666667,0.164666666666667,1344,17.7903387602619,64.0452195369429,0
9.49,0.65,0.163583333333333,0.163583333333333,1347,17.7775616194014,63.9992218298449,0
9.5,0.65,0.1625,0.1625,1350,17.7647546900453,63.953116884163,0
9.51,0.65,0.161416666666667,0.161416666666667,1353,17.7519179746591,63.9069047087727,0
9.52,0.65,0.160333333333333,0.160333333333333,1356,17.7390514757002,63.8605853125209,0
9.53,0.65,0.15925,0.15925,1359,17.7261551956182,63.8141587042255,0
9.54,0.65,0.158166666666667,0.158166666666667,1362,17.7132291368543,63.7676248926756,0
9.55,0.65,0.157083333333333,0.157083333333333,1365,17.700273301842,63.7209838866311,0
9.56,0.65,0.156,0.156,1368,17.6872876930064,63.674235694823,0
9.57,0.65,0.154916666666667,0.154916666666667,1371,17.6742723127648,63.6273803259532,0
9.58,0.65,0.153833333333333,0.153833333333333,1374,17.6612271635262,63.5804177886943,0
9.59,0.65,0.15275,0.15275,1377,17.6481522476916,63.5333480916897,0
9.6,0.65,0.151666666666667,0.151666666666667,1380,17.6350475676538,63.4861712435537,0
9.61,0.65,0.150583333333333,0.150583333333333,1383,17.6219131257975,63.4388872528711,0
9.62,0.65,0.1495,0.1495,1386,17.6087489244992,63.3914961281972,0
9.63,0.65,0.148416666666667,0.148416666666667,1389,17.5955549661272,63.343997878058,0
9.64,0.65,0.147333333333333,0.147333333333333,1392,17.5823312530417,63.29639251095,0
9.65,0.65,0.14625,0.14625,1395,17.5690777875945,63.2486800353401,0
9.66,0.65,0.145166666666667,0.145166666666667,1398,17.5557945721293,63.2008604596654,0
9.67,0.65,0.144083333333333,0.144083333333333,1401,17.5424816089815,63.1529337923335,0
9.68,0.65,0.143,0.143,1404,17.5291389004784,63.1049000417222,0
9.69,0.65,0.141916666666667,0.141916666666667,1407,17.5157664489387,63.0567592161795,0
9.7,0.65,0.140833333333333,0.140833333333333,1410,17.5023642566732,63.0085113240235,0
9.71,0.65,0.13975,0.13975,1413,17.488932325984,62.9601563735424,0
9.72,0.65,0.138666666666667,0.138666666666667,1416,17.4754706591651,62.9116943729944,0
9.73,0.65,0.137583333333333,0.137583333333333,1419,17.4619792585022,62.8631253306078,0
9.74,0.65,0.1365,0.1365,1422,17.4484581262724,62.8144492545805,0
9.75,0.65,0.135416666666667,0.135416666666667,1425,17.4349072647446,62.7656661530806,0
9.76,0.65,0.134333333333333,0.134333333333333,1428,17.4213266761794,62.7167760342458,0
9.77,0.65,0.13325,0.13325,1431,17.4077163628287,62.6677789061834,0
9.78,0.65,0.132166666666667,0.132166666666667,1434,17.3940763269363,62.6186747769707,0
9.79,0.65,0.131083333333333,0.131083333333333,1437,17.3804065707373,62.5694636546543,0
9.8,0.65,0.13,0.13,1440,17.3667070964585,62.5201455472507,0
9.81,0.65,0.128916666666667,0.128916666666667,1443,17.3529779063182,62.4707204627455,0
9.82,0.65,0.127833333333333,0.127833333333333,1446,17.3392190025261,62.421188409094,0
9.83,0.65,0.12675,0.12675,1449,17.3254303872836,62.3715493942208,0
9.84,0.65,0.125666666666667,0.125666666666667,1452,17.3116120627833,62.32180342602,0
9.85,0.65,0.124583333333333,0.124583333333333,1455,17.2977640312096,62.2719505123546,0
9.86,0.65,0.1235,0.1235,1458,17.2838862947381,62.2219906610572,0
9.87,0.65,0.122416666666667,0.122416666666667,1461,17.2699788555359,62.1719238799293,0
9.88,0.65,0.121333333333333,0.121333333333333,1464,17.2560417157616,62.1217501767416,0
9.89,0.65,0.12025,0.12025,1467,17.242074877565,62.0714695592339,0
9.9,0.65,0.119166666666667,0.119166666666667,1470,17.2280783430874,62.0210820351147,0
9.91,0.65,0.118083333333333,0.118083333333333,1473,17.2140521144616,61.9705876120619,0
9.92,0.65,0.117,0.117,1476,17.1999961938116,61.9199862977217,0
9.93,0.65,0.115916666666667,0.115916666666667,1479,17.1859105832527,61.8692780997096,0
9.94,0.65,0.114833333333333,0.114833333333333,1482,17.1717952848916,61.8184630256096,0
9.95,0.65,0.11375,0.11375,1485,17.1576503008262,61.7675410829744,0
9.96,0.65,0.112666666666667,0.112666666666667,1488,17.1434756331459,61.7165122793253,0
9.97,0.65,0.111583333333333,0.111583333333333,1491,17.1292712839312,61.6653766221524,0
9.98,0.65,0.1105,0.1105,1494,17.1150372552539,61.6141341189141,0
9.99,0.65,0.109416666666667,0.109416666666667,1497,17.100773549177,61.5627847770374,0
10,0.65,0.108333333333333,0.108333333333333,1500,17.0864801677549,61.5113286039175,0
10.01,0.65,0.10725,0.10725,1503,17.0721571130328,61.4597656069181,0
10.02,0.65,0.106166666666667,0.106166666666667,1506,17.0578043870476,61.4080957933713,0
10.03,0.65,0.105083333333333,0.105083333333333,1509,17.043421991827,61.3563191705772,0
10.04,0.65,0.104,0.104,1512,17.02900992939,61.3044357458041,0
10.05,0.65,0.102916666666667,0.102916666666667,1515,17.0145682017469,61.2524455262887,0
10.06,0.65,0.101833333333333,0.101833333333333,1518,17.0000968108987,61.2003485192354,0
10.07,0.65,0.10075,0.10075,1521,16.985595758838,61.1481447318167,0
10.08,0.65,0.0996666666666667,0.0996666666666667,1524,16.9710650475481,61.0958341711733,0
10.09,0.65,0.0985833333333334,0.0985833333333334,1527,16.9565046790037,61.0434168444134,0
10.1,0.65,0.0975,0.0975,1530,16.9419146551703,60.9908927586132,0
10.11,0.65,0.0964166666666667,0.0964166666666667,1533,16.9272949780047,60.9382619208168,0
10.12,0.65,0.0953333333333332,0.0953333333333332,1536,16.9126456494544,60.8855243380358,0
10.13,0.65,0.0942499999999999,0.0942499999999999,1539,16.8979666714582,60.8326800172497,0
10.14,0.65,0.0931666666666666,0.0931666666666666,1542,16.8832580459459,60.7797289654052,0
10.15,0.65,0.0920833333333333,0.0920833333333333,1545,16.868519774838,60.726671189417,0
10.16,0.65,0.091,0.091,1548,16.8537518600464,60.6735066961669,0
10.17,0.65,0.0899166666666667,0.0899166666666667,1551,16.8389543034735,60.6202354925044,0
10.18,0.65,0.0888333333333334,0.0888333333333334,1554,16.8241271070129,60.5668575852463,0
10.19,0.65,0.0877500000000001,0.0877500000000001,1557,16.8092702725491,60.5133729811766,0
10.2,0.65,0.0866666666666666,0.0866666666666666,1560,16.7943838019574,60.4597816870467,0
10.21,0.65,0.0855833333333332,0.0855833333333332,1563,16.7794676971042,60.406083709575,0
10.22,0.65,0.0844999999999999,0.0844999999999999,1566,16.7645219598465,60.3522790554472,0
10.23,0.65,0.0834166666666667,0.0834166666666667,1569,16.7495465920323,60.2983677313162,0
10.24,0.65,0.0823333333333333,0.0823333333333333,1572,16.7345415955004,60.2443497438015,0
10.25,0.65,0.08125,0.08125,1575,16.7195069720806,60.1902250994901,0
10.26,0.65,0.0801666666666667,0.0801666666666667,1578,16.7044427235932,60.1359938049355,0
10.27,0.65,0.0790833333333334,0.0790833333333334,1581,16.6893488518495,60.0816558666581,0
10.28,0.65,0.0780000000000001,0.0780000000000001,1584,16.6742253586515,60.0272112911454,0
10.29,0.65,0.0769166666666666,0.0769166666666666,1587,16.659072245792,59.9726600848513,0
10.3,0.65,0.0758333333333333,0.0758333333333333,1590,16.6438895150546,59.9180022541964,0
10.31,0.65,0.0747499999999999,0.0747499999999999,1593,16.6286771682134,59.8632378055683,0
10.32,0.65,0.0736666666666666,0.0736666666666666,1596,16.6134352070335,59.8083667453206,0
10.33,0.65,0.0725833333333333,0.0725833333333333,1599,16.5981636332705,59.7533890797738,0
10.34,0.65,0.0715,0.0715,1602,16.5828624486708,59.6983048152147,0
10.35,0.65,0.0704166666666667,0.0704166666666667,1605,16.5675316549713,59.6431139578967,0
10.36,0.65,0.0693333333333334,0.0693333333333334,1608,16.5521712538997,59.5878165140391,0
10.37,0.65,0.0682499999999999,0.0682499999999999,1611,16.5367812471744,59.5324124898279,0
10.38,0.65,0.0671666666666666,0.0671666666666666,1614,16.5213616365042,59.4769018914151,0
10.39,0.65,0.0660833333333333,0.0660833333333333,1617,16.5059124235886,59.4212847249189,0
10.4,0.65,0.065,0.065,1620,16.4904336101177,59.3655609964237,0
10.41,0.65,0.0639166666666666,0.0639166666666666,1623,16.4749251977722,59.3097307119799,0
10.42,0.65,0.0628333333333333,0.0628333333333333,1626,16.4593871882232,59.2537938776037,0
10.43,0.65,0.0617500000000001,0.0617500000000001,1629,16.4438195831326,59.1977504992774,0
10.44,0.65,0.0606666666666667,0.0606666666666667,1632,16.4282223841526,59.1416005829493,0
10.45,0.65,0.0595833333333332,0.0595833333333332,1635,16.4125955929259,59.0853441345333,0
10.46,0.65,0.0584999999999999,0.0584999999999999,1638,16.3969392110859,59.0289811599092,0
10.47,0.65,0.0574166666666666,0.0574166666666666,1641,16.3812532402562,58.9725116649223,0
10.48,0.65,0.0563333333333333,0.0563333333333333,1644,16.365537682051,58.9159356553838,0
10.49,0.65,0.05525,0.05525,1647,16.3497925380751,58.8592531370703,0
10.5,0.65,0.0541666666666667,0.0541666666666667,1650,16.3340178099233,58.802464115724,0
10.51,0.65,0.0530833333333333,0.0530833333333333,1653,16.3182134991813,58.7455685970527,0
10.52,0.65,0.052,0.052,1656,16.3023796074248,58.6885665867293,0
10.53,0.65,0.0509166666666668,0.0509166666666668,1659,16.2865161362201,58.6314580903924,0
10.54,0.65,0.0498333333333333,0.0498333333333333,1662,16.2706230871238,58.5742431136456,0
10.55,0.65,0.0487499999999999,0.0487499999999999,1665,16.2547004616828,58.516921662058,0
10.56,0.65,0.0476666666666666,0.0476666666666666,1668,16.2387482614344,58.4594937411637,0
10.57,0.65,0.0465833333333333,0.0465833333333333,1671,16.2227664879061,58.4019593564621,0
10.58,0.65,0.0455,0.0455,1674,16.2067551426159,58.3443185134173,0
10.59,0.65,0.0444166666666667,0.0444166666666667,1677,16.1907142270719,58.286571217459,0
10.6,0.65,0.0433333333333334,0.0433333333333334,1680,16.1746437427726,58.2287174739813,0
10.61,0.65,0.04225,0.04225,1683,16.1585436912066,58.1707572883436,0
10.62,0.65,0.0411666666666665,0.0411666666666665,1686,16.1424140738527,58.1126906658698,0
10.63,0.65,0.0400833333333332,0.0400833333333332,1689,16.1262548921803,58.0545176118489,0
10.64,0.65,0.039,0.039,1692,16.1100661476484,57.9962381315344,0
10.65,0.65,0.0379166666666666,0.0379166666666666,1695,16.0938478417068,57.9378522301445,0
10.66,0.65,0.0368333333333333,0.0368333333333333,1698,16.077599975795,57.8793599128622,0
10.67,0.65,0.03575,0.03575,1701,16.061322551343,57.8207611848347,0
10.68,0.65,0.0346666666666667,0.0346666666666667,1704,16.0450155697706,57.762056051174,0
10.69,0.65,0.0335833333333334,0.0335833333333334,1707,16.0286790324879,57.7032445169565,0
10.7,0.65,0.0324999999999999,0.0324999999999999,1710,16.0123129408953,57.6443265872229,0
10.71,0.65,0.0314166666666666,0.0314166666666666,1713,15.9959172963828,57.5853022669782,0
10.72,0.65,0.0303333333333332,0.0303333333333332,1716,15.979492100331,57.5261715611916,0
10.73,0.65,0.02925,0.02925,1719,15.9630373541102,57.4669344747968,0
10.74,0.65,0.0281666666666667,0.0281666666666667,1722,15.9465530590809,57.4075910126914,0
10.75,0.65,0.0270833333333333,0.0270833333333333,1725,15.9300392165936,57.3481411797371,0
10.76,0.65,0.026,0.026,1728,15.9134958279888,57.2885849807598,0
10.77,0.65,0.0249166666666667,0.0249166666666667,1731,15.896922894597,57.2289224205491,0
10.78,0.65,0.0238333333333334,0.0238333333333334,1734,15.8803204177386,57.1691535038588,0
10.79,0.65,0.0227499999999999,0.0227499999999999,1737,15.863688398724,57.1092782354065,0
10.8,0.65,0.0216666666666666,0.0216666666666666,1740,15.8470268388537,57.0492966198734,0
10.81,0.65,0.0205833333333333,0.0205833333333333,1743,15.830335739418,56.9892086619047,0
10.82,0.65,0.0194999999999999,0.0194999999999999,1746,15.813615101697,56.9290143661092,0
10.83,0.65,0.0184166666666667,0.0184166666666667,1749,15.7968649269609,56.8687137370593,0
10.84,0.65,0.0173333333333334,0.0173333333333334,1752,15.7800852164697,56.808306779291,0
10.85,0.65,0.01625,0.01625,1755,15.7632759714733,56.7477934973039,0
10.86,0.65,0.0151666666666667,0.0151666666666667,1758,15.7464371932113,56.6871738955608,0
10.87,0.65,0.0140833333333332,0.0140833333333332,1761,15.7295688829134,56.6264479784882,0
10.88,0.65,0.0129999999999999,0.0129999999999999,1764,15.7126710417988,56.5656157504758,0
10.89,0.65,0.0119166666666666,0.0119166666666666,1767,15.6957436710768,56.5046772158766,0
10.9,0.65,0.0108333333333333,0.0108333333333333,1770,15.6787867719463,56.4436323790068,0
10.91,0.65,0.00975000000000001,0.00975000000000001,1773,15.6618003455961,56.3824812441459,0
10.92,0.65,0.00866666666666665,0.00866666666666665,1776,15.6447843932046,56.3212238155364,0
10.93,0.65,0.00758333333333336,0.00758333333333336,1779,15.62773891594,56.2598600973839,0
10.94,0.65,0.00650000000000008,0.00650000000000008,1782,15.6106639149602,56.1983900938568,0
10.95,0.65,0.00541666666666658,0.00541666666666658,1785,15.593559391413,56.1368138090869,0
10.96,0.65,0.00433333333333322,0.00433333333333322,1788,15.5764253464357,56.0751312471684,0
10.97,0.65,0.00324999999999993,0.00324999999999993,1791,15.5592617811552,56.0133424121587,0
10.98,0.65,0.00216666666666664,0.00216666666666664,1794,15.5420686966882,55.9514473080776,0
10.99,0.65,0.00108333333333329,0.00108333333333329,1797,15.5248460941411,55.889445938908,0
11,0.65,0,0,1800,15.5075939746098,55.8273383085951,0
11.01,0.65,0,0,1800,15.4903123391797,55.765124421047,0
11.02,0.65,0,0,1800,15.4730325083706,55.7029170301341,0
11.03,0.65,0,0,1800,15.455754479982,55.6407161279354,0
11.04,0.65,0,0,1800,15.4384782518146,55.5785217065326,0
11.05,0.65,0,0,1800,15.4212038216697,55.516333758011,0
11.06,0.65,0,0,1800,15.4039311873496,55.4541522744585,0
11.07,0.65,0,0,1800,15.3866603466574,55.3919772479665,0
11.08,0.65,0,0,1800,15.369391297397,55.3298086706291,0
11.09,0.65,0,0,1800,15.3521240373733,55.2676465345438,0
11.1,0.65,0,0,1800,15.3348585643919,55.205490831811,0
11.11,0.65,0,0,1800,15.3175948762595,55.1433415545341,0
11.12,0.65,0,0,1800,15.3003329707832,55.0811986948197,0
11.13,0.65,0,0,1800,15.2830728457715,55.0190622447774,0
11.14,0.65,0,0,1800,15.2658144990333,54.9569321965198,0
11.15,0.65,0,0,1800,15.2485579283785,54.8948085421627,0
11.16,0.65,0,0,1800,15.231303131618,54.8326912738248,0
11.17,0.65,0,0,1800,15.2140501065633,54.7705803836279,0
11.18,0.65,0,0,1800,15.1967988510269,54.7084758636968,0
11.19,0.65,0,0,1800,15.179549362822,54.6463777061593,0
11.2,0.65,0,0,1800,15.1623016397629,54.5842859031464,0
11.21,0.65,0,0,1800,15.1450556796644,54.5222004467918,0
11.22,0.65,0,0,1800,15.1278114803424,54.4601213292326,0
11.23,0.65,0,0,1800,15.1105690396135,54.3980485426087,0
11.24,0.65,0,0,1800,15.0933283552953,54.335982079063,0
11.25,0.65,0,0,1800,15.0760894252059,54.2739219307414,0
11.26,0.65,0,0,1800,15.0588522471647,54.2118680897929,0
11.27,0.65,0,0,1800,15.0416168189915,54.1498205483694,0
11.28,0.65,0,0,1800,15.0243831385072,54.0877792986259,0
11.29,0.65,0,0,1800,15.0071512035334,54.0257443327203,0
11.3,0.65,0,0,1800,14.9899210118926,53.9637156428134,0
11.31,0.65,0,0,1800,14.9726925614081,53.9016932210693,0
11.32,0.65,0,0,1800,14.9554658499041,53.8396770596547,0
11.33,0.65,0,0,1800,14.9382408752054,53.7776671507395,0
11.34,0.65,0,0,1800,14.9210176351379,53.7156634864965,0
11.35,0.65,0,0,1800,14.9037961275282,53.6536660591015,0
11.36,0.65,0,0,1800,14.8865763502036,53.5916748607331,0
11.37,0.65,0,0,1800,14.8693583009925,53.5296898835731,0
11.38,0.65,0,0,1800,14.8521419777239,53.4677111198062,0
11.39,0.65,0,0,1800,14.8349273782277,53.4057385616198,0
11.4,0.65,0,0,1800,14.8177145003346,53.3437722012045,0
11.41,0.65,0,0,1800,14.8005033418761,53.2818120307538,0
11.42,0.65,0,0,1800,14.7832939006845,53.2198580424641,0
11.43,0.65,0,0,1800,14.766086174593,53.1579102285347,0
11.44,0.65,0,0,1800,14.7488801614355,53.0959685811678,0
11.45,0.65,0,0,1800,14.7316758590469,53.0340330925687,0
11.46,0.65,0,0,1800,14.7144732652626,52.9721037549454,0
11.47,0.65,0,0,1800,14.6972723779192,52.910180560509,0
11.48,0.65,0,0,1800,14.6800731948537,52.8482635014733,0
11.49,0.65,0,0,1800,14.6628757139042,52.7863525700553,0
11.5,0.65,0,0,1800,14.6456799329096,52.7244477584745,0
11.51,0.65,0,0,1800,14.6284858497094,52.6625490589537,0
11.52,0.65,0,0,1800,14.611293462144,52.6006564637184,0
11.53,0.65,0,0,1800,14.5941027680547,52.5387699649969,0
11.54,0.65,0,0,1800,14.5769137652835,52.4768895550206,0
11.55,0.65,0,0,1800,14.5597264516732,52.4150152260236,0
11.56,0.65,0,0,1800,14.5425408250675,52.3531469702431,0
11.57,0.65,0,0,1800,14.5253568833108,52.2912847799189,0
11.58,0.65,0,0,1800,14.5081746242483,52.2294286472938,0
11.59,0.65,0,0,1800,14.490994045726,52.1675785646134,0
11.6,0.65,0,0,1800,14.4738151455907,52.1057345241264,0
11.61,0.65,0,0,1800,14.45663792169,52.0438965180841,0
11.62,0.65,0,0,1800,14.4394623718724,51.9820645387406,0
11.63,0.65,0,0,1800,14.422288493987,51.9202385783532,0
11.64,0.65,0,0,1800,14.4051162858838,51.8584186291817,0
11.65,0.65,0,0,1800,14.3879457454136,51.7966046834888,0
11.66,0.65,0,0,1800,14.3707768704278,51.7347967335402,0
11.67,0.65,0,0,1800,14.353609658779,51.6729947716044,0
11.68,0.65,0,0,1800,14.3364441083201,51.6111987899525,0
11.69,0.65,0,0,1800,14.3192802169052,51.5494087808586,0
11.7,0.65,0,0,1800,14.3021179823888,51.4876247365998,0
11.71,0.65,0,0,1800,14.2849574026265,51.4258466494556,0
11.72,0.65,0,0,1800,14.2677984754746,51.3640745117086,0
11.73,0.65,0,0,1800,14.2506411987901,51.3023083156442,0
11.74,0.65,0,0,1800,14.2334855704307,51.2405480535506,0
11.75,0.65,0,0,1800,14.2163315882551,51.1787937177185,0
11.76,0.65,0,0,1800,14.1991792501228,51.1170453004419,0
11.77,0.65,0,0,1800,14.1820285538937,51.0553027940172,0
11.78,0.65,0,0,1800,14.1648794974288,50.9935661907438,0
11.79,0.65,0,0,1800,14.1477320785899,50.9318354829238,0
11.8,0.65,0,0,1800,14.1305862952394,50.870110662862,0
11.81,0.65,0,0,1800,14.1134421452406,50.8083917228661,0
11.82,0.65,0,0,1800,14.0962996264574,50.7466786552466,0
11.83,0.65,0,0,1800,14.0791587367546,50.6849714523167,0
11.84,0.65,0,0,1800,14.0620194739978,50.6232701063922,0
11.85,0.65,0,0,1800,14.0448818360533,50.561574609792,0
11.86,0.65,0,0,1800,14.0277458207882,50.4998849548376,0
11.87,0.65,0,0,1800,14.0106114260703,50.4382011338531,0
11.88,0.65,0,0,1800,13.9934786497682,50.3765231391656,0
11.89,0.65,0,0,1800,13.9763474897513,50.3148509631047,0
11.9,0.65,0,0,1800,13.9592179438897,50.253184598003,0
11.91,0.65,0,0,1800,13.9420900100543,50.1915240361956,0
11.92,0.65,0,0,1800,13.9249636861168,50.1298692700205,0
11.93,0.65,0,0,1800,13.9078389699495,50.0682202918184,0
11.94,0.65,0,0,1800,13.8907158594257,50.0065770939325,0
11.95,0.65,0,0,1800,13.8735943524192,49.9449396687091,0
11.96,0.65,0,0,1800,13.8564744468047,49.883308008497,0
11.97,0.65,0,0,1800,13.8393561404577,49.8216821056476,0
11.98,0.65,0,0,1800,13.8222394312542,49.7600619525153,0
11.99,0.65,0,0,1800,13.8051243170714,49.6984475414569,0
12,0.65,0,0,1800,13.7880107957867,49.6368388648322,0
12.01,0.65,0,0,1800,13.7708988652787,49.5752359150034,0
12.02,0.65,0,0,1800,13.7537885234266,49.5136386843356,0
12.03,0.65,0,0,1800,13.7366797681102,49.4520471651966,0
12.04,0.65,0,0,1800,13.7195725972102,49.3904613499567,0
12.05,0.65,0,0,1800,13.702467008608,49.3288812309889,0
12.06,0.65,0,0,1800,13.6853630001859,49.2673068006692,0
12.07,0.65,0,0,1800,13.6682605698266,49.2057380513759,0
12.08,0.65,0,0,1800,13.6511597154139,49.1441749754901,0
12.09,0.65,0,0,1800,13.6340604348321,49.0826175653956,0
12.1,0.65,0,0,1800,13.6169627259663,49.0210658134788,0
12.11,0.65,0,0,1800,13.5998665867024,48.9595197121288,0
12.12,0.65,0,0,1800,13.582772014927,48.8979792537374,0
12.13,0.65,0,0,1800,13.5656790085275,48.8364444306989,0
12.14,0.65,0,0,1800,13.5485875653918,48.7749152354103,0
12.15,0.65,0,0,1800,13.5314976834087,48.7133916602714,0
12.16,0.65,0,0,1800,13.5144093604679,48.6518736976845,0
12.17,0.65,0,0,1800,13.4973225944596,48.5903613400545,0
12.18,0.65,0,0,1800,13.4802373832747,48.5288545797889,0
12.19,0.65,0,0,1800,13.463153724805,48.467353409298,0
12.2,0.65,0,0,1800,13.4460716169429,48.4058578209946,0
12.21,0.65,0,0,1800,13.4289910575817,48.3443678072941,0
12.22,0.65,0,0,1800,13.4119120446152,48.2828833606146,0
12.23,0.65,0,0,1800,13.394834575938,48.2214044733767,0
12.24,0.65,0,0,1800,13.3777586494455,48.1599311380038,0
12.25,0.65,0,0,1800,13.3606842630338,48.0984633469216,0
12.26,0.65,0,0,1800,13.3436114145996,48.0370010925587,0
12.27,0.65,0,0,1800,13.3265401020406,47.9755443673461,0
12.28,0.65,0,0,1800,13.3094703232548,47.9140931637174,0
12.29,0.65,0,0,1800,13.2924020761414,47.8526474741089,0
12.3,0.65,0,0,1800,13.2753353585999,47.7912072909595,0
12.31,0.65,0,0,1800,13.2582701685307,47.7297726067105,0
12.32,0.65,0,0,1800,13.241206503835,47.6683434138058,0
12.33,0.65,0,0,1800,13.2241443624145,47.6069197046921,0
12.34,0.65,0,0,1800,13.2070837421718,47.5455014718184,0
12.35,0.65,0,0,1800,13.1900246410101,47.4840887076365,0
12.36,0.65,0,0,1800,13.1729670568335,47.4226814046005,0
12.37,0.65,0,0,1800,13.1559109875465,47.3612795551673,0
12.38,0.65,0,0,1800,13.1388564310545,47.2998831517961,0
12.39,0.65,0,0,1800,13.1218033852636,47.2384921869489,0
12.4,0.65,0,0,1800,13.1047518480806,47.1771066530901,0
12.41,0.65,0,0,1800,13.087701817413,47.1157265426867,0
12.42,0.65,0,0,1800,13.0706532911689,47.0543518482081,0
12.43,0.65,0,0,1800,13.0536062672574,46.9929825621265,0
12.44,0.65,0,0,1800,13.0365607435879,46.9316186769164,0
12.45,0.65,0,0,1800,13.0195167180708,46.8702601850548,0
12.46,0.65,0,0,1800,13.0024741886171,46.8089070790215,0
12.47,0.65,0,0,1800,12.9854331531385,46.7475593512984,0
12.48,0.65,0,0,1800,12.9683936095473,46.6862169943704,0
12.49,0.65,0,0,1800,12.9513555557568,46.6248800007245,0
12.5,0.65,0,0,1800,12.9343189896806,46.5635483628503,0
12.51,0.65,0,0,1800,12.9172839092334,46.5022220732401,0
12.52,0.65,0,0,1800,12.9002503123301,46.4409011243885,0
12.53,0.65,0,0,1800,12.8832181968868,46.3795855087926,0
12.54,0.65,0,0,1800,12.86618756082,46.3182752189522,0
12.55,0.65,0,0,1800,12.849158402047,46.2569702473692,0
12.56,0.65,0,0,1800,12.8321307184857,46.1956705865484,0
12.57,0.65,0,0,1800,12.8151045080547,46.1343762289968,0
12.58,0.65,0,0,1800,12.7980797686733,46.073087167224,0
12.59,0.65,0,0,1800,12.7810564982617,46.0118033937419,0
12.6,0.65,0,0,1800,12.7640346947403,45.9505249010652,0
12.61,0.65,0,0,1800,12.7470143560308,45.8892516817108,0
12.62,0.65,0,0,1800,12.729995480055,45.8279837281981,0
12.63,0.65,0,0,1800,12.7129780647358,45.7667210330489,0
12.64,0.65,0,0,1800,12.6959621079966,45.7054635887877,0
12.65,0.65,0,0,1800,12.6789476077614,45.6442113879412,0
12.66,0.65,0,0,1800,12.6619345619551,45.5829644230385,0
12.67,0.65,0,0,1800,12.6449229685032,45.5217226866115,0
12.68,0.65,0,0,1800,12.6279128253317,45.4604861711941,0
12.69,0.65,0,0,1800,12.6109041303675,45.399254869323,0
12.7,0.65,0,0,1800,12.5938968815381,45.3380287735371,0
12.71,0.65,0,0,1800,12.5768910767716,45.2768078763777,0
12.72,0.65,0,0,1800,12.5598867139969,45.2155921703887,0
12.73,0.65,0,0,1800,12.5428837911434,45.1543816481163,0
12.74,0.65,0,0,1800,12.5258823061414,45.0931763021092,0
12.75,0.65,0,0,1800,12.5088822569218,45.0319761249183,0
12.76,0.65,0,0,1800,12.4918836414159,44.9707811090973,0
12.77,0.65,0,0,1800,12.4748864575561,44.9095912472018,0
12.78,0.65,0,0,1800,12.4578907032751,44.8484065317903,0
12.79,0.65,0,0,1800,12.4408963765065,44.7872269554233,0
12.8,0.65,0,0,1800,12.4239034751844,44.7260525106639,0
12.81,0.65,0,0,1800,12.4069119972438,44.6648831900775,0
12.82,0.65,0,0,1800,12.38992194062,44.603718986232,0
12.83,0.65,0,0,1800,12.3729333032493,44.5425598916975,0
12.84,0.65,0,0,1800,12.3559460830685,44.4814058990467,0
12.85,0.65,0,0,1800,12.3389602780151,44.4202570008545,0
12.86,0.65,0,0,1800,12.3219758860273,44.3591131896981,0
12.87,0.65,0,0,1800,12.3049929050437,44.2979744581573,0
12.88,0.65,0,0,1800,12.2880113330039,44.2368407988142,0
12.89,0.65,0,0,1800,12.2710311678481,44.1757122042531,0
12.9,0.65,0,0,1800,12.2540524075169,44.1145886670608,0
12.91,0.65,0,0,1800,12.2370750499518,44.0534701798263,0
12.92,0.65,0,0,1800,12.2200990930948,43.9923567351413,0
12.93,0.65,0,0,1800,12.2031245348887,43.9312483255993,0
12.94,0.65,0,0,1800,12.1861513732769,43.8701449437967,0
12.95,0.65,0,0,1800,12.1691796062033,43.8090465823318,0
12.96,0.65,0,0,1800,12.1522092316126,43.7479532338055,0
12.97,0.65,0,0,1800,12.1352402474502,43.6868648908208,0
12.98,0.65,0,0,1800,12.118272651662,43.6257815459834,0
12.99,0.65,0,0,1800,12.1013064421947,43.5647031919008,0
13,0.65,0,0,1800,12.0843416169954,43.5036298211833,0
13.01,0.65,0,0,1800,12.067378174012,43.4425614264432,0
13.02,0.65,0,0,1800,12.0504161111931,43.3814980002952,0
13.03,0.65,0,0,1800,12.0334554264879,43.3204395353564,0
13.04,0.65,0,0,1800,12.0164961178461,43.259386024246,0
13.05,0.65,0,0,1800,11.9995381832183,43.1983374595858,0
13.06,0.65,0,0,1800,11.9825816205555,43.1372938339996,0
13.07,0.65,0,0,1800,11.9656264278094,43.0762551401137,0
13.08,0.65,0,0,1800,11.9486726029323,43.0152213705564,0
13.09,0.65,0,0,1800,11.9317201438774,42.9541925179587,0
13.1,0.65,0,0,1800,11.9147690485982,42.8931685749535,0
13.11,0.65,0,0,1800,11.897819315049,42.8321495341763,0
13.12,0.65,0,0,1800,11.8808709411846,42.7711353882645,0
13.13,0.65,0,0,1800,11.8639239249606,42.7101261298581,0
13.14,0.65,0,0,1800,11.8469782643331,42.6491217515993,0
13.15,0.65,0,0,1800,11.830033957259,42.5881222461323,0
13.16,0.65,0,0,1800,11.8130910016956,42.527127606104,0
13.17,0.65,0,0,1800,11.7961493956009,42.4661378241631,0
13.18,0.65,0,0,1800,11.7792091369336,42.405152892961,0
13.19,0.65,0,0,1800,11.762270223653,42.3441728051508,0
13.2,0.65,0,0,1800,11.745332653719,42.2831975533885,0
13.21,0.65,0,0,1800,11.7283964250921,42.2222271303317,0
13.22,0.65,0,0,1800,11.7114615357335,42.1612615286407,0
13.23,0.65,0,0,1800,11.694527983605,42.1003007409779,0
13.24,0.65,0,0,1800,11.6775957666688,42.0393447600077,0
13.25,0.65,0,0,1800,11.6606648828881,41.978393578397,0
13.26,0.65,0,0,1800,11.6437353302264,41.917447188815,0
13.27,0.65,0,0,1800,11.626807106648,41.8565055839327,0
13.28,0.65,0,0,1800,11.6098802101177,41.7955687564237,0
13.29,0.65,0,0,1800,11.592954638601,41.7346366989637,0
13.3,0.65,0,0,1800,11.576030390064,41.6737094042305,0
13.31,0.65,0,0,1800,11.5591074624734,41.6127868649042,0
13.32,0.65,0,0,1800,11.5421858537964,41.5518690736672,0
13.33,0.65,0,0,1800,11.5252655620011,41.4909560232039,0
13.34,0.65,0,0,1800,11.5083465850558,41.4300477062009,0
13.35,0.65,0,0,1800,11.4914289209298,41.3691441153472,0
13.36,0.65,0,0,1800,11.4745125675927,41.3082452433338,0
13.37,0.65,0,0,1800,11.457597523015,41.2473510828539,0
13.38,0.65,0,0,1800,11.4406837851675,41.186461626603,0
13.39,0.65,0,0,1800,11.4237713520218,41.1255768672785,0
13.4,0.65,0,0,1800,11.4068602215501,41.0646967975803,0
13.41,0.65,0,0,1800,11.3899503917251,41.0038214102103,0
13.42,0.65,0,0,1800,11.3730418605201,40.9429506978725,0
13.43,0.65,0,0,1800,11.3561346259092,40.8820846532732,0
13.44,0.65,0,0,1800,11.3392286858669,40.8212232691208,0
13.45,0.65,0,0,1800,11.3223240383683,40.7603665381259,0
13.46,0.65,0,0,1800,11.3054206813892,40.699514453001,0
13.47,0.65,0,0,1800,11.2885186129059,40.6386670064612,0
13.48,0.65,0,0,1800,11.2716178308954,40.5778241912233,0
13.49,0.65,0,0,1800,11.2547183333351,40.5169860000065,0
13.5,0.65,0,0,1800,11.2378201182034,40.4561524255321,0
13.51,0.65,0,0,1800,11.2209231834787,40.3953234605233,0
13.52,0.65,0,0,1800,11.2040275271405,40.3344990977058,0
13.53,0.65,0,0,1800,11.1871331471687,40.2736793298072,0
13.54,0.65,0,0,1800,11.1702400415437,40.2128641495572,0
13.55,0.65,0,0,1800,11.1533482082466,40.1520535496877,0
13.56,0.65,0,0,1800,11.1364576452591,40.0912475229326,0
13.57,0.65,0,0,1800,11.1195683505634,40.0304460620282,0
13.58,0.65,0,0,1800,11.1026803221424,39.9696491597125,0
13.59,0.65,0,0,1800,11.0857935579794,39.9088568087259,0
13.6,0.65,0,0,1800,11.0689080560586,39.8480690018108,0
13.61,0.65,0,0,1800,11.0520238143643,39.7872857317117,0
13.62,0.65,0,0,1800,11.035140830882,39.7265069911751,0
13.63,0.65,0,0,1800,11.0182591035971,39.6657327729497,0
13.64,0.65,0,0,1800,11.0013786304962,39.6049630697863,0
13.65,0.65,0,0,1800,10.984499409566,39.5441978744378,0
13.66,0.65,0,0,1800,10.9676214387941,39.4834371796589,0
13.67,0.65,0,0,1800,10.9507447161686,39.4226809782068,0
13.68,0.65,0,0,1800,10.9338692396779,39.3619292628405,0
13.69,0.65,0,0,1800,10.9169950073114,39.3011820263211,0
13.7,0.65,0,0,1800,10.9001220170588,39.2404392614118,0
13.71,0.65,0,0,1800,10.8832502669105,39.1797009608778,0
13.72,0.65,0,0,1800,10.8663797548573,39.1189671174864,0
13.73,0.65,0,0,1800,10.8495104788908,39.0582377240071,0
13.74,0.65,0,0,1800,10.8326424370031,38.9975127732111,0
13.75,0.65,0,0,1800,10.8157756271866,38.9367922578719,0
13.76,0.65,0,0,1800,10.7989100474348,38.8760761707651,0
13.77,0.65,0,0,1800,10.7820456957412,38.8153645046681,0
13.78,0.65,0,0,1800,10.7651825701002,38.7546572523606,0
13.79,0.65,0,0,1800,10.7483206685067,38.693954406624,0
13.8,0.65,0,0,1800,10.7314599889561,38.6332559602421,0
13.81,0.65,0,0,1800,10.7146005294445,38.5725619060003,0
13.82,0.65,0,0,1800,10.6977422879685,38.5118722366866,0
13.83,0.65,0,0,1800,10.6808852625251,38.4511869450904,0
13.84,0.65,0,0,1800,10.6640294511121,38.3905060240034,0
13.85,0.65,0,0,1800,10.6471748517276,38.3298294662195,0
13.86,0.65,0,0,1800,10.6303214623706,38.2691572645343,0
13.87,0.65,0,0,1800,10.6134692810404,38.2084894117454,0
13.88,0.65,0,0,1800,10.5966183057368,38.1478259006526,0
13.89,0.65,0,0,1800,10.5797685344605,38.0871667240577,0
13.9,0.65,0,0,1800,10.5629199652123,38.0265118747642,0
13.91,0.65,0,0,1800,10.5460725959939,37.965861345578,0
13.92,0.65,0,0,1800,10.5292264248074,37.9052151293066,0
13.93,0.65,0,0,1800,10.5123814496555,37.8445732187596,0
13.94,0.65,0,0,1800,10.4955376685413,37.7839356067488,0
13.95,0.65,0,0,1800,10.4786950794688,37.7233022860878,0
13.96,0.65,0,0,1800,10.4618536804422,37.662673249592,0
13.97,0.65,0,0,1800,10.4450134694664,37.6020484900791,0
13.98,0.65,0,0,1800,10.4281744445468,37.5414280003685,0
13.99,0.65,0,0,1800,10.4113366036894,37.4808117732817,0
14,0.65,0,0,1800,10.3944999449006,37.4201998016421,0
14.01,0.65,0,0,1800,10.3776644661875,37.3595920782752,0
14.02,0.65,0,0,1800,10.3608301655578,37.2989885960081,0
14.03,0.65,0,0,1800,10.3439970410195,37.2383893476703,0
14.04,0.65,0,0,1800,10.3271650905813,37.1777943260928,0
14.05,0.65,0,0,1800,10.3103343122525,37.1172035241089,0
14.06,0.65,0,0,1800,10.2935047040427,37.0566169345537,0
14.07,0.65,0,0,1800,10.2766762639622,36.9960345502641,0
14.08,0.65,0,0,1800,10.259848990022,36.9354563640791,0
14.09,0.65,0,0,1800,10.2430228802332,36.8748823688396,0
14.1,0.65,0,0,1800,10.2261979326079,36.8143125573884,0
14.11,0.65,0,0,1800,10.2093741451584,36.7537469225702,0
14.12,0.65,0,0,1800,10.1925515158977,36.6931854572316,0
14.13,0.65,0,0,1800,10.1757300428392,36.6326281542212,0
14.14,0.65,0,0,1800,10.1589097239971,36.5720750063894,0
14.15,0.65,0,0,1800,10.1420905573857,36.5115260065886,0
14.16,0.65,0,0,1800,10.1252725410203,36.4509811476729,0
14.17,0.65,0,0,1800,10.1084556729163,36.3904404224987,0
14.18,0.65,0,0,1800,10.09163995109,36.3299038239239,0
14.19,0.65,0,0,1800,10.0748253735579,36.2693713448085,0
14.2,0.65,0,0,1800,10.0580119383373,36.2088429780142,0
14.21,0.65,0,0,1800,10.0411996434458,36.1483187164049,0
14.22,0.65,0,0,1800,10.0243884869017,36.087798552846,0
14.23,0.65,0,0,1800,10.0075784667236,36.0272824802051,0
14.24,0.65,0,0,1800,9.99076958093097,35.9667704913515,0
14.25,0.65,0,0,1800,9.97396182754344,35.9062625791564,0
14.26,0.65,0,0,1800,9.95715520458134,35.8457587364928,0
14.27,0.65,0,0,1800,9.9403497100655,35.7852589562358,0
14.28,0.65,0,0,1800,9.92354534201724,35.7247632312621,0
14.29,0.65,0,0,1800,9.90674209845842,35.6642715544503,0
14.3,0.65,0,0,1800,9.88993997741139,35.603783918681,0
14.31,0.65,0,0,1800,9.87313897689904,35.5433003168366,0
14.32,0.65,0,0,1800,9.85633909494476,35.4828207418011,0
14.33,0.65,0,0,1800,9.83954032957244,35.4223451864608,0
14.34,0.65,0,0,1800,9.8227426788065,35.3618736437034,0
14.35,0.65,0,0,1800,9.80594614067185,35.3014061064187,0
14.36,0.65,0,0,1800,9.78915071319394,35.2409425674982,0
14.37,0.65,0,0,1800,9.7723563943987,35.1804830198353,0
14.38,0.65,0,0,1800,9.75556318231258,35.1200274563253,0
14.39,0.65,0,0,1800,9.73877107496252,35.0595758698651,0
14.4,0.65,0,0,1800,9.72198007037598,34.9991282533535,0
14.41,0.65,0,0,1800,9.70519016658094,34.9386845996914,0
14.42,0.65,0,0,1800,9.68840136160584,34.878244901781,0
14.43,0.65,0,0,1800,9.67161365347966,34.8178091525268,0
14.44,0.65,0,0,1800,9.65482704023187,34.7573773448347,0
14.45,0.65,0,0,1800,9.63804151989243,34.6969494716127,0
14.46,0.65,0,0,1800,9.62125709049181,34.6365255257705,0
14.47,0.65,0,0,1800,9.60447375006098,34.5761055002195,0
14.48,0.65,0,0,1800,9.58769149663141,34.5156893878731,0
14.49,0.65,0,0,1800,9.57091032823504,34.4552771816461,0
14.5,0.65,0,0,1800,9.55413024290434,34.3948688744556,0
14.51,0.65,0,0,1800,9.53735123867227,34.3344644592202,0
14.52,0.65,0,0,1800,9.52057331357225,34.2740639288601,0
14.53,0.65,0,0,1800,9.50379646563824,34.2136672762977,0
14.54,0.65,0,0,1800,9.48702069290466,34.1532744944568,0
14.55,0.65,0,0,1800,9.47024599340642,34.0928855762631,0
14.56,0.65,0,0,1800,9.45347236517895,34.0325005146442,0
14.57,0.65,0,0,1800,9.43669980625814,33.9721193025293,0
14.58,0.65,0,0,1800,9.41992831468037,33.9117419328493,0
14.59,0.65,0,0,1800,9.40315788848252,33.8513683985371,0
14.6,0.65,0,0,1800,9.38638852570196,33.790998692527,0
14.61,0.65,0,0,1800,9.36962022437652,33.7306328077555,0
14.62,0.65,0,0,1800,9.35285298254453,33.6702707371603,0
14.63,0.65,0,0,1800,9.33608679824482,33.6099124736813,0
14.64,0.65,0,0,1800,9.31932166951667,33.54955801026,0
14.65,0.65,0,0,1800,9.30255759439987,33.4892073398395,0
14.66,0.65,0,0,1800,9.28579457093466,33.4288604553648,0
14.67,0.65,0,0,1800,9.2690325971618,33.3685173497825,0
14.68,0.65,0,0,1800,9.25227167112249,33.3081780160409,0
14.69,0.65,0,0,1800,9.23551179085842,33.2478424470903,0
14.7,0.65,0,0,1800,9.21875295441178,33.1875106358824,0
14.71,0.65,0,0,1800,9.2019951598252,33.1271825753707,0
14.72,0.65,0,0,1800,9.18523840514181,33.0668582585105,0
14.73,0.65,0,0,1800,9.1684826884052,33.0065376782587,0
14.74,0.65,0,0,1800,9.15172800765944,32.946220827574,0
14.75,0.65,0,0,1800,9.13497436094907,32.8859076994167,0
14.76,0.65,0,0,1800,9.11822174631911,32.8255982867488,0
14.77,0.65,0,0,1800,9.10147016181504,32.7652925825341,0
14.78,0.65,0,0,1800,9.0847196054828,32.7049905797381,0
14.79,0.65,0,0,1800,9.06797007536881,32.6446922713277,0
14.8,0.65,0,0,1800,9.05122156951998,32.5843976502719,0
14.81,0.65,0,0,1800,9.03447408598364,32.5241067095411,0
14.82,0.65,0,0,1800,9.01772762280761,32.4638194421074,0
14.83,0.65,0,0,1800,9.00098217804019,32.4035358409447,0
14.84,0.65,0,0,1800,8.98423774973012,32.3432558990284,0
14.85,0.65,0,0,1800,8.96749433592661,32.2829796093358,0
14.86,0.65,0,0,1800,8.95075193467934,32.2227069648456,0
14.87,0.65,0,0,1800,8.93401054403842,32.1624379585383,0
14.88,0.65,0,0,1800,8.91727016205447,32.1021725833961,0
14.89,0.65,0,0,1800,8.90053078677854,32.0419108324027,0
14.9,0.65,0,0,1800,8.88379241626212,31.9816526985436,0
14.91,0.65,0,0,1800,8.8670550485572,31.9213981748059,0
14.92,0.65,0,0,1800,8.85031868171619,31.8611472541783,0
14.93,0.65,0,0,1800,8.83358331379198,31.8008999296511,0
14.94,0.65,0,0,1800,8.8168489428379,31.7406561942164,0
14.95,0.65,0,0,1800,8.80011556690773,31.6804160408678,0
14.96,0.65,0,0,1800,8.78338318405572,31.6201794626006,0
14.97,0.65,0,0,1800,8.76665179233657,31.5599464524116,0
14.98,0.65,0,0,1800,8.7499213898054,31.4997170032994,0
14.99,0.65,0,0,1800,8.73319197451782,31.4394911082642,0
15,0.65,0,0,1800,8.71646354452987,31.3792687603075,0
15.01,0.65,0,0,1800,8.69973609789803,31.3190499524329,0
15.02,0.65,0,0,1800,8.68300963267925,31.2588346776453,0
15.03,0.65,0,0,1800,8.6662841469309,31.1986229289513,0
15.04,0.65,0,0,1800,8.64955963871082,31.138414699359,0
15.05,0.65,0,0,1800,8.63283610607727,31.0782099818782,0
15.06,0.65,0,0,1800,8.61611354708898,31.0180087695203,0
15.07,0.65,0,0,1800,8.59939195980509,30.9578110552983,0
15.08,0.65,0,0,1800,8.58267134228522,30.8976168322268,0
15.09,0.65,0,0,1800,8.56595169258939,30.8374260933218,0
15.1,0.65,0,0,1800,8.54923300877809,30.7772388316011,0
15.11,0.65,0,0,1800,8.53251528891225,30.7170550400841,0
15.12,0.65,0,0,1800,8.5157985310532,30.6568747117915,0
15.13,0.65,0,0,1800,8.49908273326276,30.5966978397459,0
15.14,0.65,0,0,1800,8.48236789360315,30.5365244169713,0
15.15,0.65,0,0,1800,8.46565401013702,30.4763544364933,0
15.16,0.65,0,0,1800,8.4489410809275,30.416187891339,0
15.17,0.65,0,0,1800,8.43222910403809,30.3560247745371,0
15.18,0.65,0,0,1800,8.41551807753278,30.295865079118,0
15.19,0.65,0,0,1800,8.39880799947595,30.2357087981134,0
15.2,0.65,0,0,1800,8.38209886793243,30.1755559245568,0
15.21,0.65,0,0,1800,8.36539068096748,30.1154064514829,0
15.22,0.65,0,0,1800,8.34868343664679,30.0552603719284,0
15.23,0.65,0,0,1800,8.33197713303646,29.9951176789313,0
15.24,0.65,0,0,1800,8.31527176820304,29.9349783655309,0
15.25,0.65,0,0,1800,8.29856734021349,29.8748424247686,0
15.26,0.65,0,0,1800,8.2818638471352,29.8147098496867,0
15.27,0.65,0,0,1800,8.26516128703599,29.7545806333296,0
15.28,0.65,0,0,1800,8.24845965798409,29.6944547687427,0
15.29,0.65,0,0,1800,8.23175895804817,29.6343322489734,0
15.3,0.65,0,0,1800,8.21505918529731,29.5742130670703,0
15.31,0.65,0,0,1800,8.19836033780101,29.5140972160836,0
15.32,0.65,0,0,1800,8.18166241362919,29.4539846890651,0
15.33,0.65,0,0,1800,8.16496541085219,29.3938754790679,0
15.34,0.65,0,0,1800,8.14826932754078,29.3337695791468,0
15.35,0.65,0,0,1800,8.13157416176612,29.273666982358,0
15.36,0.65,0,0,1800,8.11487991159981,29.2135676817593,0
15.37,0.65,0,0,1800,8.09818657511385,29.1534716704099,0
15.38,0.65,0,0,1800,8.08149415038067,29.0933789413704,0
15.39,0.65,0,0,1800,8.0648026354731,29.0332894877031,0
15.4,0.65,0,0,1800,8.04811202846438,28.9732033024718,0
15.41,0.65,0,0,1800,8.03142232742817,28.9131203787414,0
15.42,0.65,0,0,1800,8.01473353043854,28.8530407095788,0
15.43,0.65,0,0,1800,7.99804563556998,28.7929642880519,0
15.44,0.65,0,0,1800,7.98135864089735,28.7328911072305,0
15.45,0.65,0,0,1800,7.96467254449597,28.6728211601855,0
15.46,0.65,0,0,1800,7.94798734444152,28.6127544399895,0
15.47,0.65,0,0,1800,7.93130303881012,28.5526909397164,0
15.48,0.65,0,0,1800,7.91461962567828,28.4926306524418,0
15.49,0.65,0,0,1800,7.89793710312291,28.4325735712425,0
15.5,0.65,0,0,1800,7.88125546922134,28.3725196891968,0
15.51,0.65,0,0,1800,7.86457472205129,28.3124689993846,0
15.52,0.65,0,0,1800,7.84789485969088,28.2524214948872,0
15.53,0.65,0,0,1800,7.83121588021863,28.1923771687871,0
15.54,0.65,0,0,1800,7.81453778171347,28.1323360141685,0
15.55,0.65,0,0,1800,7.79786056225472,28.072298024117,0
15.56,0.65,0,0,1800,7.7811842199221,28.0122631917196,0
15.57,0.65,0,0,1800,7.76450875279573,27.9522315100646,0
15.58,0.65,0,0,1800,7.74783415895613,27.8922029722421,0
15.59,0.65,0,0,1800,7.73116043648419,27.8321775713431,0
15.6,0.65,0,0,1800,7.71448758346123,27.7721553004604,0
15.61,0.65,0,0,1800,7.69781559796895,27.7121361526882,0
15.62,0.65,0,0,1800,7.68114447808942,27.6521201211219,0
15.63,0.65,0,0,1800,7.66447422190513,27.5921071988585,0
15.64,0.65,0,0,1800,7.64780482749896,27.5320973789962,0
15.65,0.65,0,0,1800,7.63113629295416,27.472090654635,0
15.66,0.65,0,0,1800,7.61446861635438,27.4120870188758,0
15.67,0.65,0,0,1800,7.59780179578366,27.3520864648212,0
15.68,0.65,0,0,1800,7.58113582932643,27.2920889855751,0
15.69,0.65,0,0,1800,7.5644707150675,27.232094574243,0
15.7,0.65,0,0,1800,7.54780645109206,27.1721032239314,0
15.71,0.65,0,0,1800,7.53114303548569,27.1121149277485,0
15.72,0.65,0,0,1800,7.51448046633437,27.0521296788037,0
15.73,0.65,0,0,1800,7.49781874172443,26.992147470208,0
15.74,0.65,0,0,1800,7.48115785974261,26.9321682950734,0
15.75,0.65,0,0,1800,7.46449781847601,26.8721921465137,0
15.76,0.65,0,0,1800,7.44783861601214,26.8122190176437,0
15.77,0.65,0,0,1800,7.43118025043884,26.7522489015798,0
15.78,0.65,0,0,1800,7.41452271984438,26.6922817914398,0
15.79,0.65,0,0,1800,7.39786602231737,26.6323176803425,0
15.8,0.65,0,0,1800,7.38121015594683,26.5723565614086,0
15.81,0.65,0,0,1800,7.36455511882211,26.5123984277596,0
15.82,0.65,0,0,1800,7.34790090903298,26.4524432725187,0
15.83,0.65,0,0,1800,7.33124752466956,26.3924910888104,0
15.84,0.65,0,0,1800,7.31459496382234,26.3325418697604,0
15.85,0.65,0,0,1800,7.2979432245822,26.2725956084959,0
15.86,0.65,0,0,1800,7.28129230504038,26.2126522981454,0
15.87,0.65,0,0,1800,7.26464220328848,26.1527119318385,0
15.88,0.65,0,0,1800,7.24799291741849,26.0927745027066,0
15.89,0.65,0,0,1800,7.23134444552276,26.0328400038819,0
15.9,0.65,0,0,1800,7.214696785694,25.9729084284984,0
15.91,0.65,0,0,1800,7.19804993602529,25.912979769691,0
15.92,0.65,0,0,1800,7.18140389461008,25.8530540205963,0
15.93,0.65,0,0,1800,7.16475865954219,25.7931311743519,0
15.94,0.65,0,0,1800,7.14811422891579,25.7332112240968,0
15.95,0.65,0,0,1800,7.13147060082542,25.6732941629715,0
15.96,0.65,0,0,1800,7.11482777336599,25.6133799841176,0
15.97,0.65,0,0,1800,7.09818574463275,25.5534686806779,0
15.98,0.65,0,0,1800,7.08154451272134,25.4935602457968,0
15.99,0.65,0,0,1800,7.06490407572773,25.4336546726198,0
16,0.65,0,0,1800,7.04826443174826,25.3737519542937,0
16.01,0.65,0,0,1800,7.03162557887965,25.3138520839667,0
16.02,0.65,0,0,1800,7.01498751521894,25.2539550547882,0
16.03,0.65,0,0,1800,6.99835023886354,25.1940608599088,0
16.04,0.65,0,0,1800,6.98171374791123,25.1341694924804,0
16.05,0.65,0,0,1800,6.96507804046013,25.0742809456565,0
16.06,0.65,0,0,1800,6.94844311460871,25.0143952125914,0
16.07,0.65,0,0,1800,6.9318089684558,24.9545122864409,0
16.08,0.65,0,0,1800,6.91517560010058,24.8946321603621,0
16.09,0.65,0,0,1800,6.89854300764259,24.8347548275133,0
16.1,0.65,0,0,1800,6.88191118918169,24.7748802810541,0
16.11,0.65,0,0,1800,6.86528014281812,24.7150085141452,0
16.12,0.65,0,0,1800,6.84864986665246,24.6551395199489,0
16.13,0.65,0,0,1800,6.83202035878563,24.5952732916283,0
16.14,0.65,0,0,1800,6.8153916173189,24.535409822348,0
16.15,0.65,0,0,1800,6.79876364035389,24.475549105274,0
16.16,0.65,0,0,1800,6.78213642599256,24.4156911335732,0
16.17,0.65,0,0,1800,6.76550997233721,24.355835900414,0
16.18,0.65,0,0,1800,6.74888427749049,24.2959833989658,0
16.19,0.65,0,0,1800,6.73225933955539,24.2361336223994,0
16.2,0.65,0,0,1800,6.71563515663524,24.1762865638868,0
16.21,0.65,0,0,1800,6.6990117268337,24.1164422166013,0
16.22,0.65,0,0,1800,6.6823890482548,24.0566005737173,0
16.23,0.65,0,0,1800,6.66576711900287,23.9967616284103,0
16.24,0.65,0,0,1800,6.64914593718261,23.9369253738574,0
16.25,0.65,0,0,1800,6.63252550089902,23.8770918032365,0
16.26,0.65,0,0,1800,6.61590580825748,23.8172609097269,0
16.27,0.65,0,0,1800,6.59928685736368,23.7574326865092,0
16.28,0.65,0,0,1800,6.58266864632364,23.6976071267651,0
16.29,0.65,0,0,1800,6.56605117324372,23.6377842236774,0
16.3,0.65,0,0,1800,6.54943443623061,23.5779639704302,0
16.31,0.65,0,0,1800,6.53281843339134,23.5181463602088,0
16.32,0.65,0,0,1800,6.51620316283326,23.4583313861997,0
16.33,0.65,0,0,1800,6.49958862266406,23.3985190415906,0
16.34,0.65,0,0,1800,6.48297481099174,23.3387093195703,0
16.35,0.65,0,0,1800,6.46636172592466,23.2789022133288,0
16.36,0.65,0,0,1800,6.44974936557147,23.2190977160573,0
16.37,0.65,0,0,1800,6.43313772804117,23.1592958209482,0
16.38,0.65,0,0,1800,6.41652681144309,23.0994965211951,0
16.39,0.65,0,0,1800,6.39991661388685,23.0396998099927,0
16.4,0.65,0,0,1800,6.38330713348244,22.9799056805368,0
16.41,0.65,0,0,1800,6.36669836834013,22.9201141260245,0
16.42,0.65,0,0,1800,6.35009031657055,22.860325139654,0
16.43,0.65,0,0,1800,6.33348297628462,22.8005387146246,0
16.44,0.65,0,0,1800,6.3168763455936,22.740754844137,0
16.45,0.65,0,0,1800,6.30027042260906,22.6809735213926,0
16.46,0.65,0,0,1800,6.28366520544289,22.6211947395944,0
16.47,0.65,0,0,1800,6.26706069220729,22.5614184919463,0
16.48,0.65,0,0,1800,6.2504568810148,22.5016447716533,0
16.49,0.65,0,0,1800,6.23385376997825,22.4418735719217,0
16.5,0.65,0,0,1800,6.21725135721079,22.3821048859588,0
16.51,0.65,0,0,1800,6.2006496408259,22.3223387069732,0
16.52,0.65,0,0,1800,6.18404861893736,22.2625750281745,0
16.53,0.65,0,0,1800,6.16744828965926,22.2028138427733,0
16.54,0.65,0,0,1800,6.150848651106,22.1430551439816,0
16.55,0.65,0,0,1800,6.13424970139231,22.0832989250123,0
16.56,0.65,0,0,1800,6.11765143863321,22.0235451790796,0
16.57,0.65,0,0,1800,6.10105386094404,21.9637938993985,0
16.58,0.65,0,0,1800,6.08445696644043,21.9040450791855,0
16.59,0.65,0,0,1800,6.06786075323833,21.844298711658,0
16.6,0.65,0,0,1800,6.05126521945402,21.7845547900345,0
16.61,0.65,0,0,1800,6.03467036320403,21.7248133075345,0
16.62,0.65,0,0,1800,6.01807618260525,21.6650742573789,0
16.63,0.65,0,0,1800,6.00148267577483,21.6053376327894,0
16.64,0.65,0,0,1800,5.98488984083026,21.5456034269889,0
16.65,0.65,0,0,1800,5.9682976758893,21.4858716332015,0
16.66,0.65,0,0,1800,5.95170617907003,21.4261422446521,0
16.67,0.65,0,0,1800,5.93511534849083,21.366415254567,0
16.68,0.65,0,0,1800,5.91852518227037,21.3066906561733,0
16.69,0.65,0,0,1800,5.90193567852762,21.2469684426994,0
16.7,0.65,0,0,1800,5.88534683538186,21.1872486073747,0
16.71,0.65,0,0,1800,5.86875865095264,21.1275311434295,0
16.72,0.65,0,0,1800,5.85217112335985,21.0678160440955,0
16.73,0.65,0,0,1800,5.83558425072362,21.008103302605,0
16.74,0.65,0,0,1800,5.81899803116442,20.9483929121919,0
16.75,0.65,0,0,1800,5.80241246280299,20.8886848660908,0
16.76,0.65,0,0,1800,5.78582754376037,20.8289791575373,0
16.77,0.65,0,0,1800,5.76924327215789,20.7692757797684,0
16.78,0.65,0,0,1800,5.75265964611716,20.7095747260218,0
16.79,0.65,0,0,1800,5.7360766637601,20.6498759895364,0
16.8,0.65,0,0,1800,5.71949432320891,20.5901795635521,0
16.81,0.65,0,0,1800,5.70291262258608,20.5304854413099,0
16.82,0.65,0,0,1800,5.68633156001437,20.4707936160517,0
16.83,0.65,0,0,1800,5.66975113361685,20.4111040810207,0
16.84,0.65,0,0,1800,5.65317134151687,20.3514168294607,0
16.85,0.65,0,0,1800,5.63659218183805,20.291731854617,0
16.86,0.65,0,0,1800,5.62001365270431,20.2320491497355,0
16.87,0.65,0,0,1800,5.60343575223986,20.1723687080635,0
16.88,0.65,0,0,1800,5.58685847856916,20.112690522849,0
16.89,0.65,0,0,1800,5.57028182981698,20.0530145873411,0
16.9,0.65,0,0,1800,5.55370580410836,19.9933408947901,0
16.91,0.65,0,0,1800,5.53713039956863,19.9336694384471,0
16.92,0.65,0,0,1800,5.52055561432338,19.8740002115642,0
16.93,0.65,0,0,1800,5.50398144649848,19.8143332073945,0
16.94,0.65,0,0,1800,5.48740789422011,19.7546684191924,0
16.95,0.65,0,0,1800,5.47083495561467,19.6950058402128,0
16.96,0.65,0,0,1800,5.45426262880889,19.635345463712,0
16.97,0.65,0,0,1800,5.43769091192974,19.5756872829471,0
16.98,0.65,0,0,1800,5.42111980310447,19.5160312911761,0
16.99,0.65,0,0,1800,5.40454930046062,19.4563774816582,0
17,0.65,0,0,1800,5.38797940212598,19.3967258476535,0
17.01,0.65,0,0,1800,5.37141010622861,19.337076382423,0
17.02,0.65,0,0,1800,5.35484141089687,19.2774290792287,0
17.03,0.65,0,0,1800,5.33827331425935,19.2177839313337,0
17.04,0.65,0,0,1800,5.32170581444494,19.1581409320018,0
17.05,0.65,0,0,1800,5.30513890958277,19.098500074498,0
17.06,0.65,0,0,1800,5.28857259780227,19.0388613520882,0
17.07,0.65,0,0,1800,5.27200687723311,18.9792247580392,0
17.08,0.65,0,0,1800,5.25544174600523,18.9195902856188,0
17.09,0.65,0,0,1800,5.23887720224884,18.8599579280958,0
17.1,0.65,0,0,1800,5.2223132440944,18.8003276787399,0
17.11,0.65,0,0,1800,5.20574986967266,18.7406995308216,0
17.12,0.65,0,0,1800,5.1891870771146,18.6810734776126,0
17.13,0.65,0,0,1800,5.17262486455149,18.6214495123853,0
17.14,0.65,0,0,1800,5.15606323011482,18.5618276284134,0
17.15,0.65,0,0,1800,5.13950217193639,18.502207818971,0
17.16,0.65,0,0,1800,5.12294168814821,18.4425900773336,0
17.17,0.65,0,0,1800,5.10638177688258,18.3829743967773,0
17.18,0.65,0,0,1800,5.08982243627205,18.3233607705794,0
17.19,0.65,0,0,1800,5.07326366444942,18.2637491920179,0
17.2,0.65,0,0,1800,5.05670545954774,18.2041396543719,0
17.21,0.65,0,0,1800,5.04014781970033,18.1445321509212,0
17.22,0.65,0,0,1800,5.02359074304074,18.0849266749467,0
17.23,0.65,0,0,1800,5.0070342277028,18.0253232197301,0
17.24,0.65,0,0,1800,4.99047827182056,17.965721778554,0
17.25,0.65,0,0,1800,4.97392287352836,17.9061223447021,0
17.26,0.65,0,0,1800,4.95736803096075,17.8465249114587,0
17.27,0.65,0,0,1800,4.94081374225256,17.7869294721092,0
17.28,0.65,0,0,1800,4.92426000553884,17.7273360199398,0
17.29,0.65,0,0,1800,4.90770681895491,17.6677445482377,0
17.3,0.65,0,0,1800,4.89115418063633,17.6081550502908,0
17.31,0.65,0,0,1800,4.8746020887189,17.548567519388,0
17.32,0.65,0,0,1800,4.85805054133867,17.4889819488192,0
17.33,0.65,0,0,1800,4.84149953663193,17.4293983318749,0
17.34,0.65,0,0,1800,4.82494907273521,17.3698166618468,0
17.35,0.65,0,0,1800,4.8083991477853,17.3102369320271,0
17.36,0.65,0,0,1800,4.79184975991921,17.2506591357092,0
17.37,0.65,0,0,1800,4.7753009072742,17.1910832661871,0
17.38,0.65,0,0,1800,4.75875258798777,17.131509316756,0
17.39,0.65,0,0,1800,4.74220480019765,17.0719372807116,0
17.4,0.65,0,0,1800,4.72565754204183,17.0123671513506,0
17.41,0.65,0,0,1800,4.70911081165851,16.9527989219706,0
17.42,0.65,0,0,1800,4.69256460718614,16.8932325858701,0
17.43,0.65,0,0,1800,4.67601892676341,16.8336681363483,0
17.44,0.65,0,0,1800,4.65947376852923,16.7741055667052,0
17.45,0.65,0,0,1800,4.64292913062275,16.7145448702419,0
17.46,0.65,0,0,1800,4.62638501118337,16.6549860402601,0
17.47,0.65,0,0,1800,4.60984140835069,16.5954290700625,0
17.48,0.65,0,0,1800,4.59329832026457,16.5358739529524,0
17.49,0.65,0,0,1800,4.57675574506508,16.4763206822343,0
17.5,0.65,0,0,1800,4.56021368089253,16.4167692512131,0
17.51,0.65,0,0,1800,4.54367212588746,16.3572196531948,0
17.52,0.65,0,0,1800,4.52713107819062,16.2976718814862,0
17.53,0.65,0,0,1800,4.51059053594303,16.2381259293949,0
17.54,0.65,0,0,1800,4.49405049728588,16.1785817902292,0
17.55,0.65,0,0,1800,4.47751096036062,16.1190394572982,0
17.56,0.65,0,0,1800,4.46097192330892,16.0594989239121,0
17.57,0.65,0,0,1800,4.44443338427267,15.9999601833816,0
17.58,0.65,0,0,1800,4.42789534139399,15.9404232290184,0
17.59,0.65,0,0,1800,4.4113577928152,15.8808880541347,0
17.6,0.65,0,0,1800,4.39482073667886,15.8213546520439,0
17.61,0.65,0,0,1800,4.37828417112776,15.7618230160599,0
17.62,0.65,0,0,1800,4.36174809430488,15.7022931394976,0
17.63,0.65,0,0,1800,4.34521250435344,15.6427650156724,0
17.64,0.65,0,0,1800,4.32867739941687,15.5832386379007,0
17.65,0.65,0,0,1800,4.31214277763883,15.5237139994998,0
17.66,0.65,0,0,1800,4.29560863716317,15.4641910937874,0
17.67,0.65,0,0,1800,4.27907497613398,15.4046699140823,0
17.68,0.65,0,0,1800,4.26254179269555,15.345150453704,0
17.69,0.65,0,0,1800,4.24600908499238,15.2856327059726,0
17.7,0.65,0,0,1800,4.22947685116921,15.2261166642092,0
17.71,0.65,0,0,1800,4.21294508937096,15.1666023217354,0
17.72,0.65,0,0,1800,4.19641379774277,15.107089671874,0
17.73,0.65,0,0,1800,4.17988297443001,15.047578707948,0
17.74,0.65,0,0,1800,4.16335261757822,14.9880694232816,0
17.75,0.65,0,0,1800,4.14682272533319,14.9285618111995,0
17.76,0.65,0,0,1800,4.13029329584089,14.8690558650272,0
17.77,0.65,0,0,1800,4.11376432724752,14.8095515780911,0
17.78,0.65,0,0,1800,4.09723581769945,14.750048943718,0
17.79,0.65,0,0,1800,4.08070776534329,14.6905479552358,0
17.8,0.65,0,0,1800,4.06418016832584,14.631048605973,0
17.81,0.65,0,0,1800,4.04765302479411,14.5715508892588,0
17.82,0.65,0,0,1800,4.0311263328953,14.5120547984231,0
17.83,0.65,0,0,1800,4.01460009077682,14.4525603267965,0
17.84,0.65,0,0,1800,3.99807429658628,14.3930674677106,0
17.85,0.65,0,0,1800,3.98154894847149,14.3335762144974,0
17.86,0.65,0,0,1800,3.96502404458047,14.2740865604897,0
17.87,0.65,0,0,1800,3.94849958306142,14.2145984990211,0
17.88,0.65,0,0,1800,3.93197556206274,14.1551120234259,0
17.89,0.65,0,0,1800,3.91545197973305,14.095627127039,0
17.9,0.65,0,0,1800,3.89892883422113,14.0361438031961,0
17.91,0.65,0,0,1800,3.88240612367598,13.9766620452335,0
17.92,0.65,0,0,1800,3.8658838462468,13.9171818464885,0
17.93,0.65,0,0,1800,3.84936200008295,13.8577032002986,0
17.94,0.65,0,0,1800,3.83284058333403,13.7982261000025,0
17.95,0.65,0,0,1800,3.81631959414978,13.7387505389392,0
17.96,0.65,0,0,1800,3.79979903068018,13.6792765104486,0
17.97,0.65,0,0,1800,3.78327889107536,13.6198040078713,0
17.98,0.65,0,0,1800,3.76675917348566,13.5603330245484,0
17.99,0.65,0,0,1800,3.75023987606161,13.5008635538218,0
18,0.65,0,0,1800,3.73372099695393,13.4413955890341,0
18.01,0.65,0,0,1800,3.7172025343135,13.3819291235286,0
18.02,0.65,0,0,1800,3.70068448629142,13.3224641506491,0
18.03,0.65,0,0,1800,3.68416685103895,13.2630006637402,0
18.04,0.65,0,0,1800,3.66764962670756,13.2035386561472,0
18.05,0.65,0,0,1800,3.65113281144887,13.1440781212159,0
18.06,0.65,0,0,1800,3.63461640341471,13.084619052293,0
18.07,0.65,0,0,1800,3.61810040075709,13.0251614427255,0
18.08,0.65,0,0,1800,3.60158480162819,12.9657052858615,0
18.09,0.65,0,0,1800,3.58506960418036,12.9062505750493,0
18.1,0.65,0,0,1800,3.56855480656616,12.8467973036382,0
18.11,0.65,0,0,1800,3.55204040693831,12.7873454649779,0
18.12,0.65,0,0,1800,3.5355264034497,12.7278950524189,0
18.13,0.65,0,0,1800,3.51901279425341,12.6684460593123,0
18.14,0.65,0,0,1800,3.5024995775027,12.6089984790097,0
18.15,0.65,0,0,1800,3.48598675135099,12.5495523048636,0
18.16,0.65,0,0,1800,3.46947431395189,12.4901075302268,0
18.17,0.65,0,0,1800,3.45296226345916,12.430664148453,0
18.18,0.65,0,0,1800,3.43645059802676,12.3712221528963,0
18.19,0.65,0,0,1800,3.41993931580881,12.3117815369117,0
18.2,0.65,0,0,1800,3.4034284149596,12.2523422938546,0
18.21,0.65,0,0,1800,3.38691789363359,12.1929044170809,0
18.22,0.65,0,0,1800,3.37040774998541,12.1334678999475,0
18.23,0.65,0,0,1800,3.35389798216986,12.0740327358115,0
18.24,0.65,0,0,1800,3.3373885883419,12.0145989180308,0
18.25,0.65,0,0,1800,3.32087956665668,11.955166439964,0
18.26,0.65,0,0,1800,3.30437091526949,11.8957352949701,0
18.27,0.65,0,0,1800,3.28786263233579,11.8363054764088,0
18.28,0.65,0,0,1800,3.27135471601122,11.7768769776404,0
18.29,0.65,0,0,1800,3.25484716445156,11.7174497920256,0
18.3,0.65,0,0,1800,3.23833997581279,11.658023912926,0
18.31,0.65,0,0,1800,3.221833148251,11.5985993337036,0
18.32,0.65,0,0,1800,3.20532667992249,11.539176047721,0
18.33,0.65,0,0,1800,3.18882056898369,11.4797540483413,0
18.34,0.65,0,0,1800,3.17231481359119,11.4203333289283,0
18.35,0.65,0,0,1800,3.15580941190177,11.3609138828464,0
18.36,0.65,0,0,1800,3.13930436207233,11.3014957034604,0
18.37,0.65,0,0,1800,3.12279966225994,11.2420787841358,0
18.38,0.65,0,0,1800,3.10629531062183,11.1826631182386,0
18.39,0.65,0,0,1800,3.08979130531539,11.1232486991354,0
18.4,0.65,0,0,1800,3.07328764449816,11.0638355201934,0
18.41,0.65,0,0,1800,3.05678432632782,11.0044235747802,0
18.42,0.65,0,0,1800,3.04028134896223,10.945012856264,0
18.43,0.65,0,0,1800,3.02377871055937,10.8856033580137,0
18.44,0.65,0,0,1800,3.0072764092774,10.8261950733987,0
18.45,0.65,0,0,1800,2.99077444327462,10.7667879957886,0
18.46,0.65,0,0,1800,2.97427281070947,10.7073821185541,0
18.47,0.65,0,0,1800,2.95777150974054,10.647977435066,0
18.48,0.65,0,0,1800,2.9412705385266,10.5885739386957,0
18.49,0.65,0,0,1800,2.92476989522651,10.5291716228154,0
18.5,0.65,0,0,1800,2.90826957799933,10.4697704807976,0
18.51,0.65,0,0,1800,2.89176958500424,10.4103705060153,0
18.52,0.65,0,0,1800,2.87526991440056,10.350971691842,0
18.53,0.65,0,0,1800,2.85877056434777,10.291574031652,0
18.54,0.65,0,0,1800,2.84227153300549,10.2321775188197,0
18.55,0.65,0,0,1800,2.82577281853345,10.1727821467204,0
18.56,0.65,0,0,1800,2.80927441909158,10.1133879087297,0
18.57,0.65,0,0,1800,2.7927763328399,10.0539947982236,0
18.58,0.65,0,0,1800,2.7762785579386,9.99460280857895,0
18.59,0.65,0,0,1800,2.75978109254798,9.93521193317274,0
18.6,0.65,0,0,1800,2.74328393482851,9.87582216538265,0
18.61,0.65,0,0,1800,2.72678708294079,9.81643349858683,0
18.62,0.65,0,0,1800,2.71029053504552,9.75704592616388,0
18.63,0.65,0,0,1800,2.69379428930359,9.69765944149294,0
18.64,0.65,0,0,1800,2.67729834387599,9.63827403795358,0
18.65,0.65,0,0,1800,2.66080269692386,9.5788897089259,0
18.66,0.65,0,0,1800,2.64430734660846,9.51950644779044,0
18.67,0.65,0,0,1800,2.62781229109118,9.46012424792825,0
18.68,0.65,0,0,1800,2.61131752853356,9.40074310272083,0
18.69,0.65,0,0,1800,2.59482305709727,9.34136300555016,0
18.7,0.65,0,0,1800,2.57832887494408,9.28198394979869,0
18.71,0.65,0,0,1800,2.56183498023592,9.22260592884931,0
18.72,0.65,0,0,1800,2.54534137113484,9.16322893608542,0
18.73,0.65,0,0,1800,2.52884804580301,9.10385296489083,0
18.74,0.65,0,0,1800,2.51235500240273,9.04447800864983,0
18.75,0.65,0,0,1800,2.49586223909643,8.98510406074715,0
18.76,0.65,0,0,1800,2.47936975404666,8.92573111456799,0
18.77,0.65,0,0,1800,2.46287754541611,8.86635916349798,0
18.78,0.65,0,0,1800,2.44638561136756,8.8069882009232,0
18.79,0.65,0,0,1800,2.42989395006393,8.74761822023016,0
18.8,0.65,0,0,1800,2.41340255966828,8.68824921480582,0
18.81,0.65,0,0,1800,2.39691143834377,8.62888117803757,0
18.82,0.65,0,0,1800,2.38042058425368,8.56951410331323,0
18.83,0.65,0,0,1800,2.36392999556141,8.51014798402106,0
18.84,0.65,0,0,1800,2.34743967043048,8.45078281354973,0
18.85,0.65,0,0,1800,2.33094960702454,8.39141858528835,0
18.86,0.65,0,0,1800,2.31445980350734,8.33205529262643,0
18.87,0.65,0,0,1800,2.29797025804275,8.27269292895391,0
18.88,0.65,0,0,1800,2.28148096879476,8.21333148766115,0
18.89,0.65,0,0,1800,2.26499193392747,8.1539709621389,0
18.9,0.65,0,0,1800,2.24850315160509,8.09461134577834,0
18.91,0.65,0,0,1800,2.23201461999196,8.03525263197105,0
18.92,0.65,0,0,1800,2.2155263372525,7.975894814109,0
18.93,0.65,0,0,1800,2.19903830155127,7.91653788558458,0
18.94,0.65,0,0,1800,2.18255051105293,7.85718183979055,0
18.95,0.65,0,0,1800,2.16606296392225,7.79782667012009,0
18.96,0.65,0,0,1800,2.1495756583241,7.73847236996676,0
18.97,0.65,0,0,1800,2.13308859242347,7.6791189327245,0
18.98,0.65,0,0,1800,2.11660176438546,7.61976635178765,0
18.99,0.65,0,0,1800,2.10011517237525,7.56041462055092,0
19,0.65,0,0,1800,2.08362881455816,7.50106373240939,0
19.01,0.65,0,0,1800,2.0671426890996,7.44171368075855,0
19.02,0.65,0,0,1800,2.05065679416506,7.38236445899422,0
19.03,0.65,0,0,1800,2.03417112792018,7.32301606051263,0
19.04,0.65,0,0,1800,2.01768568853065,7.26366847871035,0
19.05,0.65,0,0,1800,2.00120047416231,7.20432170698431,0
19.06,0.65,0,0,1800,1.98471548298107,7.14497573873183,0
19.07,0.65,0,0,1800,1.96823071315294,7.08563056735057,0
19.08,0.65,0,0,1800,1.95174616284404,7.02628618623854,0
19.09,0.65,0,0,1800,1.93526183022059,6.96694258879411,0
19.1,0.65,0,0,1800,1.91877771344889,6.90759976841601,0
19.11,0.65,0,0,1800,1.90229381069536,6.84825771850328,0
19.12,0.65,0,0,1800,1.88581012012649,6.78891643245535,0
19.13,0.65,0,0,1800,1.86932663990888,6.72957590367197,0
19.14,0.65,0,0,1800,1.85284336820923,6.67023612555321,0
19.15,0.65,0,0,1800,1.83636030319431,6.61089709149951,0
19.16,0.65,0,0,1800,1.819877443031,6.55155879491161,0
19.17,0.65,0,0,1800,1.80339478588628,6.49222122919059,0
19.18,0.65,0,0,1800,1.78691232992719,6.43288438773787,0
19.19,0.65,0,0,1800,1.77043007332088,6.37354826395517,0
19.2,0.65,0,0,1800,1.7539480142346,6.31421285124455,0
19.21,0.65,0,0,1800,1.73746615083566,6.25487814300837,0
19.22,0.65,0,0,1800,1.72098448129148,6.19554413264932,0
19.23,0.65,0,0,1800,1.70450300376955,6.13621081357039,0
19.24,0.65,0,0,1800,1.68802171643746,6.07687817917487,0
19.25,0.65,0,0,1800,1.67154061746288,6.01754622286638,0
19.26,0.65,0,0,1800,1.65505970501356,5.95821493804883,0
19.27,0.65,0,0,1800,1.63857897725734,5.89888431812642,0
19.28,0.65,0,0,1800,1.62209843236213,5.83955435650365,0
19.29,0.65,0,0,1800,1.60561806849593,5.78022504658534,0
19.3,0.65,0,0,1800,1.58913788382682,5.72089638177656,0
19.31,0.65,0,0,1800,1.57265787652297,5.66156835548269,0
19.32,0.65,0,0,1800,1.55617804475261,5.6022409611094,0
19.33,0.65,0,0,1800,1.53969838668406,5.54291419206263,0
19.34,0.65,0,0,1800,1.52321890048572,5.4835880417486,0
19.35,0.65,0,0,1800,1.50673958432606,5.42426250357381,0
19.36,0.65,0,0,1800,1.49026043637362,5.36493757094503,0
19.37,0.65,0,0,1800,1.47378145479703,5.3056132372693,0
19.38,0.65,0,0,1800,1.45730263776498,5.24628949595393,0
19.39,0.65,0,0,1800,1.44082398344625,5.18696634040649,0
19.4,0.65,0,0,1800,1.42434549000967,5.12764376403482,0
19.41,0.65,0,0,1800,1.40786715562417,5.06832176024701,0
19.42,0.65,0,0,1800,1.39138897845873,5.00900032245141,0
19.43,0.65,0,0,1800,1.37491095668239,4.94967944405662,0
19.44,0.65,0,0,1800,1.3584330884643,4.89035911847149,0
19.45,0.65,0,0,1800,1.34195537197364,4.83103933910511,0
19.46,0.65,0,0,1800,1.32547780537967,4.77172009936683,0
19.47,0.65,0,0,1800,1.30900038685173,4.71240139266622,0
19.48,0.65,0,0,1800,1.2925231145592,4.65308321241311,0
19.49,0.65,0,0,1800,1.27604598667154,4.59376555201755,0
19.5,0.65,0,0,1800,1.25956900135828,4.53444840488982,0
19.51,0.65,0,0,1800,1.24309215678901,4.47513176444045,0
19.52,0.65,0,0,1800,1.22661545113338,4.41581562408017,0
19.53,0.65,0,0,1800,1.21013888256109,4.35649997721994,0
19.54,0.65,0,0,1800,1.19366244924193,4.29718481727096,0
19.55,0.65,0,0,1800,1.17718614934573,4.23787013764461,0
19.56,0.65,0,0,1800,1.16070998104237,4.17855593175253,0
19.57,0.65,0,0,1800,1.14423394250181,4.11924219300653,0
19.58,0.65,0,0,1800,1.12775803189407,4.05992891481866,0
19.59,0.65,0,0,1800,1.11128224738921,4.00061609060115,0
19.6,0.65,0,0,1800,1.09480658715735,3.94130371376645,0
19.61,0.65,0,0,1800,1.07833104936867,3.8819917777272,0
19.62,0.65,0,0,1800,1.0618556321934,3.82268027589625,0
19.63,0.65,0,0,1800,1.04538033380184,3.76336920168663,0
19.64,0.65,0,0,1800,1.02890515236432,3.70405854851157,0
19.65,0.65,0,0,1800,1.01243008605124,3.64474830978447,0
19.66,0.65,0,0,1800,0.995955133033043,3.58543847891895,0
19.67,0.65,0,0,1800,0.979480291480218,3.52612904932878,0
19.68,0.65,0,0,1800,0.963005559563313,3.46682001442793,0
19.69,0.65,0,0,1800,0.946530935452923,3.40751136763052,0
19.7,0.65,0,0,1800,0.930056417319688,3.34820310235088,0
19.71,0.65,0,0,1800,0.913582003334299,3.28889521200348,0
19.72,0.65,0,0,1800,0.89710769166749,3.22958769000296,0
19.73,0.65,0,0,1800,0.880633480490044,3.17028052976416,0
19.74,0.65,0,0,1800,0.864159367972786,3.11097372470203,0
19.75,0.65,0,0,1800,0.847685352286587,3.05166726823171,0
19.76,0.65,0,0,1800,0.831211431602362,2.9923611537685,0
19.77,0.65,0,0,1800,0.814737604091066,2.93305537472784,0
19.78,0.65,0,0,1800,0.798263867923698,2.87374992452531,0
19.79,0.65,0,0,1800,0.781790221271296,2.81444479657667,0
19.8,0.65,0,0,1800,0.765316662304939,2.75513998429778,0
19.81,0.65,0,0,1800,0.748843189195746,2.69583548110468,0
19.82,0.65,0,0,1800,0.732369800114872,2.63653128041354,0
19.83,0.65,0,0,1800,0.715896493233513,2.57722737564065,0
19.84,0.65,0,0,1800,0.699423266722899,2.51792376020243,0
19.85,0.65,0,0,1800,0.682950118754296,2.45862042751547,0
19.86,0.65,0,0,1800,0.666477047499008,2.39931737099643,0
19.87,0.65,0,0,1800,0.650004051128371,2.34001458406214,0
19.88,0.65,0,0,1800,0.633531127813755,2.28071206012952,0
19.89,0.65,0,0,1800,0.617058275726562,2.22140979261562,0
19.9,0.65,0,0,1800,0.600585493038227,2.16210777493762,0
19.91,0.65,0,0,1800,0.584112777920217,2.10280600051278,0
19.92,0.65,0,0,1800,0.567640128544027,2.0435044627585,0
19.93,0.65,0,0,1800,0.551167543081183,1.98420315509226,0
19.94,0.65,0,0,1800,0.534695019703239,1.92490207093166,0
19.95,0.65,0,0,1800,0.518222556581777,1.8656012036944,0
19.96,0.65,0,0,1800,0.501750151888407,1.80630054679827,0
19.97,0.65,0,0,1800,0.485277803794764,1.74700009366115,0
19.98,0.65,0,0,1800,0.46880551047251,1.68769983770104,0
19.99,0.65,0,0,1800,0.452333270093329,1.62839977233598,0
20,0.65,0,0,1800,0.43586108082893,1.56909989098415,0
20.01,0.65,0,0,1800,0.419388940851047,1.50980018706377,0
20.02,0.65,0,0,1800,0.402916848331434,1.45050065399316,0
20.03,0.65,0,0,1800,0.386444801441866,1.39120128519072,0
20.04,0.65,0,0,1800,0.369972798354141,1.33190207407491,0
20.05,0.65,0,0,1800,0.353500837240074,1.27260301406427,0
20.06,0.65,0,0,1800,0.3370289162715,1.2133040985774,0
20.07,0.65,0,0,1800,0.320557033620273,1.15400532103298,0
20.08,0.65,0,0,1800,0.304085187458263,1.09470667484975,0
20.09,0.65,0,0,1800,0.287613375957358,1.03540815344649,0
20.1,0.65,0,0,1800,0.27114159728946,0.976109750242054,0
20.11,0.65,0,0,1800,0.254669849626486,0.91681145865535,0
20.12,0.65,0,0,1800,0.238198131140369,0.857513272105329,0
20.13,0.65,0,0,1800,0.221726440003054,0.798215184010993,0
20.14,0.65,0,0,1800,0.205254774386497,0.738917187791389,0
20.15,0.65,0,0,1800,0.188783132462668,0.679619276865606,0
20.16,0.65,0,0,1800,0.172311512403548,0.620321444652772,0
20.17,0.65,0,0,1800,0.155839912381125,0.561023684572049,0
20.18,0.65,0,0,1800,0.139368330567398,0.501725990042634,0
20.19,0.65,0,0,1800,0.122896765134376,0.442428354483755,0
20.2,0.65,0,0,1800,0.106425214254074,0.383130771314666,0
20.21,0.65,0,0,1800,0.0899536760985123,0.323833233954644,1
20.22,0.65,0,0,1800,0.0734821488397197,0.264535735822991,1
20.23,0.65,0,0,1800,0.057010630649729,0.205238270339024,1
20.24,0.65,0,0,1800,0.0405391197005773,0.145940830922078,1
20.25,0.65,0,0,1800,0.0240676141643054,0.0866434109914994,1
20.26,0.65,0,0,1800,0.00759611221295677,0.0273460039666444,1
20.27,0.65,0,0,1800,0,0,1
20.28,0.65,0,0,1800,0,0,1
20.29,0.65,0,0,1800,0,0,1
20.3,0.65,0,0,1800,0,0,1
20.31,0.65,0,0,1800,0,0,1
20.32,0.65,0,0,1800,0,0,1
20.33,0.65,0,0,1800,0,0,1
20.34,0.65,0,0,1800,0,0,1
20.35,0.65,0,0,1800,0,0,1
20.36,0.65,0,0,1800,0,0,1
20.37,0.65,0,0,1800,0,0,1
20.38,0.65,0,0,1800,0,0,1
20.39,0.65,0,0,1800,0,0,1
20.4,0.65,0,0,1800,0,0,1
20.41,0.65,0,0,1800,0,0,1
20.42,0.65,0,0,1800,0,0,1
20.43,0.65,0,0,1800,0,0,1
20.44,0.65,0,0,1800,0,0,1
20.45,0.65,0,0,1800,0,0,1
20.46,0.65,0,0,1800,0,0,1
20.47,0.65,0,0,1800,0,0,1
20.48,0.65,0,0,1800,0,0,1
20.49,0.65,0,0,1800,0,0,1
20.5,0.65,0,0,1800,0,0,1
20.51,0.65,0,0,1800,0,0,1
20.52,0.65,0,0,1800,0,0,1
20.53,0.65,0,0,1800,0,0,1
20.54,0.65,0,0,1800,0,0,1
20.55,0.65,0,0,1800,0,0,1
20.56,0.65,0,0,1800,0,0,1
20.57,0.65,0,0,1800,0,0,1
20.58,0.65,0,0,1800,0,0,1
20.59,0.65,0,0,1800,0,0,1
20.6,0.65,0,0,1800,0,0,1
20.61,0.65,0,0,1800,0,0,1
20.62,0.65,0,0,1800,0,0,1
20.63,0.65,0,0,1800,0,0,1
20.64,0.65,0,0,1800,0,0,1
20.65,0.65,0,0,1800,0,0,1
20.66,0.65,0,0,1800,0,0,1
20.67,0.65,0,0,1800,0,0,1
20.68,0.65,0,0,1800,0,0,1
20.69,0.65,0,0,1800,0,0,1
20.7,0.65,0,0,1800,0,0,1
20.71,0.65,0,0,1800,0,0,1
20.72,0.65,0,0,1800,0,0,1
20.73,0.65,0,0,1800,0,0,1
20.74,0.65,0,0,1800,0,0,1
20.75,0.65,0,0,1800,0,0,1
20.76,0.65,0,0,1800,0,0,1
20.77,0.65,0,0,1800,0,0,1
20.78,0.65,0,0,1800,0,0,1
20.79,0.65,0,0,1800,0,0,1
20.8,0.65,0,0,1800,0,0,1
20.81,0.65,0,0,1800,0,0,1
20.82,0.65,0,0,1800,0,0,1
20.83,0.65,0,0,1800,0,0,1
20.84,0.65,0,0,1800,0,0,1
20.85,0.65,0,0,1800,0,0,1
20.86,0.65,0,0,1800,0,0,1
20.87,0.65,0,0,1800,0,0,1
20.88,0.65,0,0,1800,0,0,1
20.89,0.65,0,0,1800,0,0,1
20.9,0.65,0,0,1800,0,0,1
20.91,0.65,0,0,1800,0,0,1
20.92,0.65,0,0,1800,0,0,1
20.93,0.65,0,0,1800,0,0,1
20.94,0.65,0,0,1800,0,0,1
20.95,0.65,0,0,1800,0,0,1
20.96,0.65,0,0,1800,0,0,1
20.97,0.65,0,0,1800,0,0,1
20.98,0.65,0,0,1800,0,0,1
20.99,0.65,0,0,1800,0,0,1
21,0.65,0,0,1800,0,0,1
21.01,0.65,0,0,1800,0,0,1
21.02,0.65,0,0,1800,0,0,1
21.03,0.65,0,0,1800,0,0,1
21.04,0.65,0,0,1800,0,0,1
21.05,0.65,0,0,1800,0,0,1
21.06,0.65,0,0,1800,0,0,1
21.07,0.65,0,0,1800,0,0,1
21.08,0.65,0,0,1800,0,0,1
21.09,0.65,0,0,1800,0,0,1
21.1,0.65,0,0,1800,0,0,1
21.11,0.65,0,0,1800,0,0,1
21.12,0.65,0,0,1800,0,0,1
21.13,0.65,0,0,1800,0,0,1
21.14,0.65,0,0,1800,0,0,1
21.15,0.65,0,0,1800,0,0,1
21.16,0.65,0,0,1800,0,0,1
21.17,0.65,0,0,1800,0,0,1
21.18,0.65,0,0,1800,0,0,1
21.19,0.65,0,0,1800,0,0,1
21.2,0.65,0,0,1800,0,0,1
21.21,0.65,0,0,1800,0,0,1
21.22,0.65,0,0,1800,0,0,1
21.23,0.65,0,0,1800,0,0,1
21.24,0.65,0,0,1800,0,0,1
21.25,0.65,0,0,1800,0,0,1
21.26,0.65,0,0,1800,0,0,1
21.27,0.65,0,0,1800,0,0,1
21.28,0.65,0,0,1800,0,0,1
21.29,0.65,0,0,1800,0,0,1
21.3,0.65,0,0,1800,0,0,1
21.31,0.65,0,0,1800,0,0,1
21.32,0.65,0,0,1800,0,0,1
21.33,0.65,0,0,1800,0,0,1
21.34,0.65,0,0,1800,0,0,1
21.35,0.65,0,0,1800,0,0,1
21.36,0.65,0,0,1800,0,0,1
21.37,0.65,0,0,1800,0,0,1
21.38,0.65,0,0,1800,0,0,1
21.39,0.65,0,0,1800,0,0,1
21.4,0.65,0,0,1800,0,0,1
21.41,0.65,0,0,1800,0,0,1
21.42,0.65,0,0,1800,0,0,1
21.43,0.65,0,0,1800,0,0,1
21.44,0.65,0,0,1800,0,0,1
21.45,0.65,0,0,1800,0,0,1
21.46,0.65,0,0,1800,0,0,1
21.47,0.65,0,0,1800,0,0,1
21.48,0.65,0,0,1800,0,0,1
21.49,0.65,0,0,1800,0,0,1
21.5,0.65,0,0,1800,0,0,1
21.51,0.65,0,0,1800,0,0,1
21.52,0.65,0,0,1800,0,0,1
21.53,0.65,0,0,1800,0,0,1
21.54,0.65,0,0,1800,0,0,1
21.55,0.65,0,0,1800,0,0,1
21.56,0.65,0,0,1800,0,0,1
21.57,0.65,0,0,1800,0,0,1
21.58,0.65,0,0,1800,0,0,1
21.59,0.65,0,0,1800,0,0,1
21.6,0.65,0,0,1800,0,0,1
21.61,0.65,0,0,1800,0,0,1
21.62,0.65,0,0,1800,0,0,1
21.63,0.65,0,0,1800,0,0,1
21.64,0.65,0,0,1800,0,0,1
21.65,0.65,0,0,1800,0,0,1
21.66,0.65,0,0,1800,0,0,1
21.67,0.65,0,0,1800,0,0,1
21.68,0.65,0,0,1800,0,0,1
21.69,0.65,0,0,1800,0,0,1
21.7,0.65,0,0,1800,0,0,1
21.71,0.65,0,0,1800,0,0,1
21.72,0.65,0,0,1800,0,0,1
21.73,0.65,0,0,1800,0,0,1
21.74,0.65,0,0,1800,0,0,1
21.75,0.65,0,0,1800,0,0,1
21.76,0.65,0,0,1800,0,0,1
21.77,0.65,0,0,1800,0,0,1
21.78,0.65,0,0,1800,0,0,1
21.79,0.65,0,0,1800,0,0,1
21.8,0.65,0,0,1800,0,0,1
21.81,0.65,0,0,1800,0,0,1
21.82,0.65,0,0,1800,0,0,1
21.83,0.65,0,0,1800,0,0,1
21.84,0.65,0,0,1800,0,0,1
21.85,0.65,0,0,1800,0,0,1
21.86,0.65,0,0,1800,0,0,1
21.87,0.65,0,0,1800,0,0,1
21.88,0.65,0,0,1800,0,0,1
21.89,0.65,0,0,1800,0,0,1
21.9,0.65,0,0,1800,0,0,1
21.91,0.65,0,0,1800,0,0,1
21.92,0.65,0,0,1800,0,0,1
21.93,0.65,0,0,1800,0,0,1
21.94,0.65,0,0,1800,0,0,1
21.95,0.65,0,0,1800,0,0,1
21.96,0.65,0,0,1800,0,0,1
21.97,0.65,0,0,1800,0,0,1
21.98,0.65,0,0,1800,0,0,1
21.99,0.65,0,0,1800,0,0,1
22,0.65,0,0,1800,0,0,1
22.01,0.65,0,0,1800,0,0,1
22.02,0.65,0,0,1800,0,0,1
22.03,0.65,0,0,1800,0,0,1
22.04,0.65,0,0,1800,0,0,1
22.05,0.65,0,0,1800,0,0,1
22.06,0.65,0,0,1800,0,0,1
22.07,0.65,0,0,1800,0,0,1
22.08,0.65,0,0,1800,0,0,1
22.09,0.65,0,0,1800,0,0,1
22.1,0.65,0,0,1800,0,0,1
22.11,0.65,0,0,1800,0,0,1
22.12,0.65,0,0,1800,0,0,1
22.13,0.65,0,0,1800,0,0,1
22.14,0.65,0,0,1800,0,0,1
22.15,0.65,0,0,1800,0,0,1
22.16,0.65,0,0,1800,0,0,1
22.17,0.65,0,0,1800,0,0,1
22.18,0.65,0,0,1800,0,0,1
22.19,0.65,0,0,1800,0,0,1
22.2,0.65,0,0,1800,0,0,1
22.21,0.65,0,0,1800,0,0,1
22.22,0.65,0,0,1800,0,0,1
22.23,0.65,0,0,1800,0,0,1
22.24,0.65,0,0,1800,0,0,1
22.25,0.65,0,0,1800,0,0,1
22.26,0.65,0,0,1800,0,0,1
22.27,0.65,0,0,1800,0,0,1
22.28,0.65,0,0,1800,0,0,1
22.29,0.65,0,0,1800,0,0,1
22.3,0.65,0,0,1800,0,0,1
22.31,0.65,0,0,1800,0,0,1
22.32,0.65,0,0,1800,0,0,1
22.33,0.65,0,0,1800,0,0,1
22.34,0.65,0,0,1800,0,0,1
22.35,0.65,0,0,1800,0,0,1
22.36,0.65,0,0,1800,0,0,1
22.37,0.65,0,0,1800,0,0,1
22.38,0.65,0,0,1800,0,0,1
22.39,0.65,0,0,1800,0,0,1
22.4,0.65,0,0,1800,0,0,1
22.41,0.65,0,0,1800,0,0,1
22.42,0.65,0,0,1800,0,0,1
22.43,0.65,0,0,1800,0,0,1
22.44,0.65,0,0,1800,0,0,1
22.45,0.65,0,0,1800,0,0,1
22.46,0.65,0,0,1800,0,0,1
22.47,0.65,0,0,1800,0,0,1
22.48,0.65,0,0,1800,0,0,1
22.49,0.65,0,0,1800,0,0,1
22.5,0.65,0,0,1800,0,0,1
22.51,0.65,0,0,1800,0,0,1
22.52,0.65,0,0,1800,0,0,1
22.53,0.65,0,0,1800,0,0,1
22.54,0.65,0,0,1800,0,0,1
22.55,0.65,0,0,1800,0,0,1
22.56,0.65,0,0,1800,0,0,1
22.57,0.65,0,0,1800,0,0,1
22.58,0.65,0,0,1800,0,0,1
22.59,0.65,0,0,1800,0,0,1
22.6,0.65,0,0,1800,0,0,1
22.61,0.65,0,0,1800,0,0,1
22.62,0.65,0,0,1800,0,0,1
22.63,0.65,0,0,1800,0,0,1
22.64,0.65,0,0,1800,0,0,1
22.65,0.65,0,0,1800,0,0,1
22.66,0.65,0,0,1800,0,0,1
22.67,0.65,0,0,1800,0,0,1
22.68,0.65,0,0,1800,0,0,1
22.69,0.65,0,0,1800,0,0,1
22.7,0.65,0,0,1800,0,0,1
22.71,0.65,0,0,1800,0,0,1
22.72,0.65,0,0,1800,0,0,1
22.73,0.65,0,0,1800,0,0,1
22.74,0.65,0,0,1800,0,0,1
22.75,0.65,0,0,1800,0,0,1
22.76,0.65,0,0,1800,0,0,1
22.77,0.65,0,0,1800,0,0,1
22.78,0.65,0,0,1800,0,0,1
22.79,0.65,0,0,1800,0,0,1
22.8,0.65,0,0,1800,0,0,1
22.81,0.65,0,0,1800,0,0,1
22.82,0.65,0,0,1800,0,0,1
22.83,0.65,0,0,1800,0,0,1
22.84,0.65,0,0,1800,0,0,1
22.85,0.65,0,0,1800,0,0,1
22.86,0.65,0,0,1800,0,0,1
22.87,0.65,0,0,1800,0,0,1
22.88,0.65,0,0,1800,0,0,1
22.89,0.65,0,0,1800,0,0,1
22.9,0.65,0,0,1800,0,0,1
22.91,0.65,0,0,1800,0,0,1
22.92,0.65,0,0,1800,0,0,1
22.93,0.65,0,0,1800,0,0,1
22.94,0.65,0,0,1800,0,0,1
22.95,0.65,0,0,1800,0,0,1
22.96,0.65,0,0,1800,0,0,1
22.97,0.65,0,0,1800,0,0,1
22.98,0.65,0,0,1800,0,0,1
22.99,0.65,0,0,1800,0,0,1
23,0.65,0,0,1800,0,0,1
23.01,0.65,0,0,1800,0,0,1
23.02,0.65,0,0,1800,0,0,1
23.03,0.65,0,0,1800,0,0,1
23.04,0.65,0,0,1800,0,0,1
23.05,0.65,0,0,1800,0,0,1
23.06,0.65,0,0,1800,0,0,1
23.07,0.65,0,0,1800,0,0,1
23.08,0.65,0,0,1800,0,0,1
23.09,0.65,0,0,1800,0,0,1
23.1,0.65,0,0,1800,0,0,1
23.11,0.65,0,0,1800,0,0,1
23.12,0.65,0,0,1800,0,0,1
23.13,0.65,0,0,1800,0,0,1
23.14,0.65,0,0,1800,0,0,1
23.15,0.65,0,0,1800,0,0,1
23.16,0.65,0,0,1800,0,0,1
23.17,0.65,0,0,1800,0,0,1
23.18,0.65,0,0,1800,0,0,1
23.19,0.65,0,0,1800,0,0,1
23.2,0.65,0,0,1800,0,0,1
23.21,0.65,0,0,1800,0,0,1
23.22,0.65,0,0,1800,0,0,1
23.23,0.65,0,0,1800,0,0,1
23.24,0.65,0,0,1800,0,0,1
23.25,0.65,0,0,1800,0,0,1
23.26,0.65,0,0,1800,0,0,1
23.27,0.65,0,0,1800,0,0,1
23.28,0.65,0,0,1800,0,0,1
23.29,0.65,0,0,1800,0,0,1
23.3,0.65,0,0,1800,0,0,1
23.31,0.65,0,0,1800,0,0,1
23.32,0.65,0,0,1800,0,0,1
23.33,0.65,0,0,1800,0,0,1
23.34,0.65,0,0,1800,0,0,1
23.35,0.65,0,0,1800,0,0,1
23.36,0.65,0,0,1800,0,0,1
23.37,0.65,0,0,1800,0,0,1
23.38,0.65,0,0,1800,0,0,1
23.39,0.65,0,0,1800,0,0,1
23.4,0.65,0,0,1800,0,0,1
23.41,0.65,0,0,1800,0,0,1
23.42,0.65,0,0,1800,0,0,1
23.43,0.65,0,0,1800,0,0,1
23.44,0.65,0,0,1800,0,0,1
23.45,0.65,0,0,1800,0,0,1
23.46,0.65,0,0,1800,0,0,1
23.47,0.65,0,0,1800,0,0,1
23.48,0.65,0,0,1800,0,0,1
23.49,0.65,0,0,1800,0,0,1
23.5,0.65,0,0,1800,0,0,1
23.51,0.65,0,0,1800,0,0,1
23.52,0.65,0,0,1800,0,0,1
23.53,0.65,0,0,1800,0,0,1
23.54,0.65,0,0,1800,0,0,1
23.55,0.65,0,0,1800,0,0,1
23.56,0.65,0,0,1800,0,0,1
23.57,0.65,0,0,1800,0,0,1
23.58,0.65,0,0,1800,0,0,1
23.59,0.65,0,0,1800,0,0,1
23.6,0.65,0,0,1800,0,0,1
23.61,0.65,0,0,1800,0,0,1
23.62,0.65,0,0,1800,0,0,1
23.63,0.65,0,0,1800,0,0,1
23.64,0.65,0,0,1800,0,0,1
23.65,0.65,0,0,1800,0,0,1
23.66,0.65,0,0,1800,0,0,1
23.67,0.65,0,0,1800,0,0,1
23.68,0.65,0,0,1800,0,0,1
23.69,0.65,0,0,1800,0,0,1
23.7,0.65,0,0,1800,0,0,1
23.71,0.65,0,0,1800,0,0,1
23.72,0.65,0,0,1800,0,0,1
23.73,0.65,0,0,1800,0,0,1
23.74,0.65,0,0,1800,0,0,1
23.75,0.65,0,0,1800,0,0,1
23.76,0.65,0,0,1800,0,0,1
23.77,0.65,0,0,1800,0,0,1
23.78,0.65,0,0,1800,0,0,1
23.79,0.65,0,0,1800,0,0,1
23.8,0.65,0,0,1800,0,0,1
23.81,0.65,0,0,1800,0,0,1
23.82,0.65,0,0,1800,0,0,1
23.83,0.65,0,0,1800,0,0,1
23.84,0.65,0,0,1800,0,0,1
23.85,0.65,0,0,1800,0,0,1
23.86,0.65,0,0,1800,0,0,1
23.87,0.65,0,0,1800,0,0,1
23.88,0.65,0,0,1800,0,0,1
23.89,0.65,0,0,1800,0,0,1
23.9,0.65,0,0,1800,0,0,1
23.91,0.65,0,0,1800,0,0,1
23.92,0.65,0,0,1800,0,0,1
23.93,0.65,0,0,1800,0,0,1
23.94,0.65,0,0,1800,0,0,1
23.95,0.65,0,0,1800,0,0,1
23.96,0.65,0,0,1800,0,0,1
23.97,0.65,0,0,1800,0,0,1
23.98,0.65,0,0,1800,0,0,1
23.99,0.65,0,0,1800,0,0,1
24,0.65,0,0,1800,0,0,1
24.01,0.65,0,0,1800,0,0,1
24.02,0.65,0,0,1800,0,0,1
24.03,0.65,0,0,1800,0,0,1
24.04,0.65,0,0,1800,0,0,1
24.05,0.65,0,0,1800,0,0,1
24.06,0.65,0,0,1800,0,0,1
24.07,0.65,0,0,1800,0,0,1
24.08,0.65,0,0,1800,0,0,1
24.09,0.65,0,0,1800,0,0,1
24.1,0.65,0,0,1800,0,0,1
24.11,0.65,0,0,1800,0,0,1
24.12,0.65,0,0,1800,0,0,1
24.13,0.65,0,0,1800,0,0,1
24.14,0.65,0,0,1800,0,0,1
24.15,0.65,0,0,1800,0,0,1
24.16,0.65,0,0,1800,0,0,1
24.17,0.65,0,0,1800,0,0,1
24.18,0.65,0,0,1800,0,0,1
24.19,0.65,0,0,1800,0,0,1
24.2,0.65,0,0,1800,0,0,1
24.21,0.65,0,0,1800,0,0,1
24.22,0.65,0,0,1800,0,0,1
24.23,0.65,0,0,1800,0,0,1
24.24,0.65,0,0,1800,0,0,1
24.25,0.65,0,0,1800,0,0,1
24.26,0.65,0,0,1800,0,0,1
24.27,0.65,0,0,1800,0,0,1
24.28,0.65,0,0,1800,0,0,1
24.29,0.65,0,0,1800,0,0,1
24.3,0.65,0,0,1800,0,0,1
24.31,0.65,0,0,1800,0,0,1
24.32,0.65,0,0,1800,0,0,1
24.33,0.65,0,0,1800,0,0,1
24.34,0.65,0,0,1800,0,0,1
24.35,0.65,0,0,1800,0,0,1
24.36,0.65,0,0,1800,0,0,1
24.37,0.65,0,0,1800,0,0,1
24.38,0.65,0,0,1800,0,0,1
24.39,0.65,0,0,1800,0,0,1
24.4,0.65,0,0,1800,0,0,1
24.41,0.65,0,0,1800,0,0,1
24.42,0.65,0,0,1800,0,0,1
24.43,0.65,0,0,1800,0,0,1
24.44,0.65,0,0,1800,0,0,1
24.45,0.65,0,0,1800,0,0,1
24.46,0.65,0,0,1800,0,0,1
24.47,0.65,0,0,1800,0,0,1
24.48,0.65,0,0,1800,0,0,1
24.49,0.65,0,0,1800,0,0,1
24.5,0.65,0,0,1800,0,0,1
24.51,0.65,0,0,1800,0,0,1
24.52,0.65,0,0,1800,0,0,1
24.53,0.65,0,0,1800,0,0,1
24.54,0.65,0,0,1800,0,0,1
24.55,0.65,0,0,1800,0,0,1
24.56,0.65,0,0,1800,0,0,1
24.57,0.65,0,0,1800,0,0,1
24.58,0.65,0,0,1800,0,0,1
24.59,0.65,0,0,1800,0,0,1
24.6,0.65,0,0,1800,0,0,1
24.61,0.65,0,0,1800,0,0,1
24.62,0.65,0,0,1800,0,0,1
24.63,0.65,0,0,1800,0,0,1
24.64,0.65,0,0,1800,0,0,1
24.65,0.65,0,0,1800,0,0,1
24.66,0.65,0,0,1800,0,0,1
24.67,0.65,0,0,1800,0,0,1
24.68,0.65,0,0,1800,0,0,1
24.69,0.65,0,0,1800,0,0,1
24.7,0.65,0,0,1800,0,0,1
24.71,0.65,0,0,1800,0,0,1
24.72,0.65,0,0,1800,0,0,1
24.73,0.65,0,0,1800,0,0,1
24.74,0.65,0,0,1800,0,0,1
24.75,0.65,0,0,1800,0,0,1
24.76,0.65,0,0,1800,0,0,1
24.77,0.65,0,0,1800,0,0,1
24.78,0.65,0,0,1800,0,0,1
24.79,0.65,0,0,1800,0,0,1
24.8,0.65,0,0,1800,0,0,1
24.81,0.65,0,0,1800,0,0,1
24.82,0.65,0,0,1800,0,0,1
24.83,0.65,0,0,1800,0,0,1
24.84,0.65,0,0,1800,0,0,1
24.85,0.65,0,0,1800,0,0,1
24.86,0.65,0,0,1800,0,0,1
24.87,0.65,0,0,1800,0,0,1
24.88,0.65,0,0,1800,0,0,1
24.89,0.65,0,0,1800,0,0,1
24.9,0.65,0,0,1800,0,0,1
24.91,0.65,0,0,1800,0,0,1
24.92,0.65,0,0,1800,0,0,1
24.93,0.65,0,0,1800,0,0,1
24.94,0.65,0,0,1800,0,0,1
24.95,0.65,0,0,1800,0,0,1
24.96,0.65,0,0,1800,0,0,1
24.97,0.65,0,0,1800,0,0,1
24.98,0.65,0,0,1800,0,0,1
24.99,0.65,0,0,1800,0,0,1
25,0.65,0,0,1800,0,0,1
